fips,county_name,state_name,total_votes,votes_gop,votes_dem,per_gop,per_dem,margin_gop,pop_total,median_age,pct_white,pct_black,pct_asian,pct_hispanic,pct_65plus,unemployment_pct,pct_agriculture,pct_construction,pct_manufacturing,pct_wholesale,pct_retail,pct_transport,median_hh_income,poverty_pct,pct_hs_plus,pct_bachelors_plus,pct_foreign_born,gini_index,log_pop
01001,Autauga County,Alabama,28190,20484,7439,0.7266406527137282,0.2638879035118836,0.4627527492018446,59285,39.2,73.57,19.95,1.04,3.69,15.98,1.4,1.0,7.2,11.7,2.9,12.2,5.7,69841.0,8.1,90.3,28.3,2.6,0.4515,4.7729448242026775
01003,Baldwin County,Alabama,121808,95798,24934,0.7864672271115197,0.204699198738999,0.5817680283725207,239945,43.7,82.82,7.98,0.95,5.58,21.39,1.9,1.7,8.2,9.8,2.0,14.6,4.9,75019.0,7.3,91.7,32.8,3.8,0.4589,5.380111704487094
01005,Barbour County,Alabama,9832,5606,4158,0.5701790073230268,0.4229048006509357,0.14727420667209112,24757,40.7,43.99,46.92,0.55,6.02,19.72,2.6,4.2,5.3,22.7,0.6,10.0,6.8,44290.0,17.7,77.8,11.5,3.1,0.5061,4.393698016665414
01007,Bibb County,Alabama,9241,7572,1619,0.8193918407098799,0.1751974894491938,0.6441943512606861,22152,41.3,75.09,20.71,0.23,3.36,16.96,5.1,2.7,10.2,16.3,2.9,13.5,5.7,51215.0,16.0,80.3,11.5,1.3,0.4526,4.345412942737518
01009,Blount County,Alabama,28115,25354,2576,0.9017961942023832,0.0916236884225502,0.810172505779833,59292,40.9,89.49,1.26,0.09,10.06,18.58,3.3,2.2,9.3,16.4,3.3,13.2,7.7,61096.0,10.3,82.7,15.6,4.7,0.4461,4.772996099937042
01011,Bullock County,Alabama,4106,1101,2983,0.2681441792498782,0.7264978080857282,-0.45835362883584996,10157,40.4,22.91,71.22,0.46,5.68,17.89,2.7,2.5,3.9,36.0,1.8,10.6,3.9,36723.0,19.5,74.0,9.0,2.7,0.4981,4.006765452451993
01013,Butler County,Alabama,8467,5172,3251,0.6108420928309909,0.3839612613676627,0.22688083146332821,18807,42.2,51.16,44.72,1.32,1.6,21.41,3.6,3.3,4.5,20.3,2.1,11.8,5.5,44881.0,18.5,87.6,13.8,1.5,0.4969,4.274319524558622
01015,Calhoun County,Alabama,48530,34912,13194,0.7193900679991758,0.2718730682052339,0.44751699979394194,116141,39.0,71.0,21.97,0.8,4.43,18.03,3.6,0.9,4.7,19.3,2.3,12.4,4.8,55826.0,12.5,86.1,20.5,2.3,0.4586,5.064985561086079
01017,Chambers County,Alabama,14221,8711,5405,0.6125448280711624,0.3800717249138597,0.23247310315730269,34450,41.5,55.41,39.76,0.58,3.69,19.98,2.7,1.7,5.5,29.9,1.1,8.9,4.5,49295.0,12.3,83.6,14.6,2.9,0.4367,4.537189226243645
01019,Cherokee County,Alabama,12984,11358,1553,0.8747689463955638,0.1196087492298213,0.7551601971657425,25224,47.4,91.25,3.76,0.15,1.73,23.8,1.7,2.0,7.7,18.5,1.3,11.2,7.8,50769.0,12.6,83.9,15.9,2.1,0.4541,4.401813957739848
01021,Chilton County,Alabama,19728,16920,2698,0.8576642335766423,0.1367599351175993,0.720904298459043,45500,39.5,80.91,9.18,0.49,9.87,16.89,3.0,3.1,15.5,13.9,2.7,12.8,5.5,61873.0,10.2,84.2,15.2,5.1,0.4259,4.658011396657113
01023,Choctaw County,Alabama,6646,4103,2515,0.6173638278663858,0.3784231116461029,0.23894071622028284,12525,47.0,56.69,38.18,0.18,1.09,23.81,2.6,3.3,12.9,20.2,1.3,10.3,8.6,44483.0,16.5,84.2,13.9,0.4,0.4554,4.097777734539283
01025,Clarke County,Alabama,11946,6965,4927,0.5830403482337184,0.4124393102293655,0.17060103800435295,22802,42.5,51.53,45.43,0.31,1.14,20.62,6.6,3.9,6.8,16.5,0.3,15.0,10.2,49167.0,13.1,85.3,15.4,1.0,0.5221,4.357972941336858
01027,Clay County,Alabama,6757,5734,993,0.8486014503477874,0.1469587094864584,0.701642740861329,14188,43.8,80.52,12.97,0.33,3.18,20.51,1.7,1.0,12.4,30.3,1.2,7.8,6.7,51852.0,13.4,82.8,15.2,1.1,0.464,4.151921179799905
01029,Cleburne County,Alabama,7637,6988,605,0.9150189865130288,0.0792195888437868,0.835799397669242,15254,42.3,92.81,3.92,0.1,2.01,20.43,0.8,1.6,12.8,19.1,3.8,9.1,6.2,53319.0,6.8,85.4,18.2,0.9,0.4538,4.183383742052695
01031,Coffee County,Alabama,22270,17495,4601,0.7855859901212393,0.2066008082622362,0.578985181859003,54231,38.8,71.51,16.58,0.94,9.4,17.11,2.3,2.2,4.9,10.0,2.3,11.8,11.4,64672.0,13.9,86.0,21.5,4.4,0.4451,4.734247612742255
01033,Colbert County,Alabama,27086,19714,7137,0.7278298752122868,0.2634940559698737,0.46433581924241313,57648,42.3,78.03,15.79,0.4,3.28,20.12,1.9,1.7,7.6,18.4,2.9,10.1,5.8,56736.0,13.2,87.5,20.3,1.5,0.453,4.760784244778494
01035,Conecuh County,Alabama,6043,3423,2580,0.5664405096806222,0.4269402614595399,0.1395002482210823,11411,46.3,50.21,45.75,0.24,0.89,24.31,3.4,4.3,6.5,23.8,1.3,11.3,8.0,42266.0,17.3,87.5,13.1,1.0,0.4827,4.057323705369284
01037,Coosa County,Alabama,5264,3758,1478,0.7139057750759878,0.2807750759878419,0.43313069908814594,10323,50.3,64.55,29.69,0.0,2.37,24.78,2.4,3.7,7.0,21.7,1.5,12.4,7.0,57063.0,8.0,82.8,14.9,0.2,0.3946,4.013805927340592
01039,Covington County,Alabama,17072,14677,2314,0.859711808809747,0.1355435801312089,0.724168228678538,37647,42.8,83.21,11.73,0.4,1.93,21.91,2.4,5.2,7.4,14.1,2.7,12.4,7.7,50886.0,14.7,86.2,17.2,1.1,0.4934,4.5757303740199555
01041,Crenshaw County,Alabama,6480,5000,1457,0.7716049382716049,0.2248456790123456,0.5467592592592594,13144,42.4,70.6,23.36,1.16,1.8,19.92,2.5,6.4,6.7,23.9,1.5,9.1,8.3,49040.0,9.1,82.6,16.8,2.2,0.5108,4.118727550427005
01043,Cullman County,Alabama,43052,38704,4039,0.8990058533866022,0.0938167797082597,0.8051890736783425,89463,41.1,90.99,1.07,0.56,4.86,18.94,2.4,2.0,9.9,15.4,1.8,12.9,6.9,60916.0,9.9,85.0,19.1,2.4,0.4372,4.951643457458373
01045,Dale County,Alabama,19103,14476,4484,0.7577867350677904,0.2347275297073758,0.5230592053604146,49516,38.0,68.61,21.21,1.32,6.93,17.96,3.3,2.0,6.7,10.2,1.3,14.6,9.9,53955.0,14.9,85.7,19.3,3.4,0.4498,4.694745554265453
01047,Dallas County,Alabama,15528,5190,10236,0.3342349304482225,0.6591962905718701,-0.3249613601236476,37536,40.3,27.19,70.51,0.6,0.91,19.78,5.7,2.6,4.9,20.6,2.0,10.9,4.9,36810.0,24.0,87.1,17.0,1.5,0.5047,4.574447990435435
01049,DeKalb County,Alabama,29583,25633,3758,0.8664773687590847,0.1270324172666734,0.7394449514924113,71946,39.6,81.27,1.28,0.2,16.66,17.38,2.4,2.7,8.1,24.2,1.9,9.3,6.3,51149.0,14.6,78.9,13.9,7.4,0.4417,4.857006653363411
01051,Elmore County,Alabama,41491,31374,9774,0.7561639873707551,0.2355691595767756,0.5205948277939795,88669,38.9,73.29,21.07,0.68,3.29,16.06,2.2,0.6,6.8,11.0,2.7,11.8,4.8,75553.0,9.0,89.6,24.4,2.1,0.4359,4.947771810563183
01053,Escambia County,Alabama,14929,10884,3964,0.7290508406457231,0.2655234777948958,0.4635273628508273,36695,40.5,60.98,30.67,0.29,2.28,18.84,4.5,2.3,7.4,16.8,1.5,15.0,3.8,44447.0,17.1,82.5,12.5,0.9,0.4684,4.5646068920356475
01055,Etowah County,Alabama,46023,35653,10027,0.7746778784520784,0.217869326206462,0.5568085522456163,103208,41.8,77.29,15.05,0.69,4.97,19.49,3.5,1.0,7.3,17.7,2.4,13.6,4.4,53070.0,12.0,85.8,17.5,2.6,0.4765,5.013713362225274
01057,Fayette County,Alabama,8356,7158,1142,0.8566299664911441,0.136668262326472,0.7199617041646721,16173,42.8,84.47,12.26,0.06,1.14,21.61,4.9,1.6,5.6,26.2,1.7,14.3,5.0,50733.0,13.1,85.2,15.6,0.7,0.4646,4.208790586548298
01059,Franklin County,Alabama,12077,10417,1568,0.8625486461869669,0.1298335679390577,0.7327150782479093,31978,38.6,75.7,4.02,0.12,19.83,17.18,2.0,1.8,9.5,31.4,1.7,8.2,5.5,51493.0,13.6,79.5,14.9,9.3,0.4373,4.504851298180531
01061,Geneva County,Alabama,12390,10929,1391,0.8820823244552058,0.1122679580306699,0.7698143664245359,26726,44.0,84.33,8.65,0.62,5.06,20.41,2.7,2.6,7.1,12.7,4.7,14.1,8.9,50951.0,14.1,83.2,13.3,2.0,0.4222,4.426933964071905
01063,Greene County,Alabama,4035,885,3133,0.2193308550185873,0.776456009913259,-0.5571251548946717,7589,44.4,17.92,81.51,0.0,0.75,23.96,1.3,1.7,5.7,22.4,2.5,4.5,7.4,31495.0,28.4,82.0,12.5,1.2,0.4879,3.8801845528264334
01065,Hale County,Alabama,7290,3369,3868,0.4621399176954732,0.5305898491083676,-0.0684499314128944,14749,41.0,38.42,55.77,0.05,0.87,19.91,2.9,4.1,3.7,15.1,0.3,15.7,6.2,41325.0,16.0,81.9,16.8,0.6,0.4965,4.168762575622357
01067,Henry County,Alabama,9301,6989,2263,0.7514245780023653,0.2433071712719062,0.508117406730459,17450,45.0,70.97,25.18,0.58,2.14,23.34,1.8,3.0,7.0,10.7,2.7,12.8,7.5,60135.0,11.3,82.2,21.7,1.0,0.4785,4.241795431295198
01069,Houston County,Alabama,44195,32469,11352,0.7346758683108949,0.2568616359316665,0.47781423237922843,107628,40.3,65.47,27.23,1.0,4.35,18.39,2.6,1.3,6.8,9.9,3.3,13.5,8.6,57531.0,13.8,87.4,22.8,3.0,0.4788,5.031925270062523
01071,Jackson County,Alabama,23509,20073,3276,0.8538432089837934,0.1393508868943808,0.7144923220894126,52839,43.4,88.96,3.04,0.33,3.36,20.83,2.8,1.1,9.2,25.2,2.5,9.5,4.8,49454.0,12.5,82.1,15.6,1.8,0.4464,4.722954589816989
01073,Jefferson County,Alabama,296741,131123,162112,0.4418769229732325,0.5463080598906117,-0.10443113691737921,669744,37.8,49.25,42.46,1.82,5.24,16.45,2.9,0.6,5.4,9.0,2.5,11.1,6.5,64589.0,11.6,91.0,35.9,4.5,0.5102,5.825908831606766
01075,Lamar County,Alabama,6875,6033,806,0.8775272727272727,0.1172363636363636,0.7602909090909091,13809,44.5,86.57,9.28,0.14,1.85,22.18,3.2,1.6,3.0,26.0,5.5,10.5,6.9,47447.0,10.4,83.9,11.6,0.6,0.4273,4.140162229613637
01077,Lauderdale County,Alabama,43454,32708,10326,0.752704008836931,0.2376305978736134,0.5150734109633176,95037,40.7,83.47,9.69,0.61,3.33,20.17,2.3,0.7,7.8,14.7,2.3,16.1,5.7,59082.0,9.6,89.3,27.1,2.4,0.4583,4.977892718630287
01079,Lawrence County,Alabama,16115,13024,2983,0.8081911262798634,0.1851070431275209,0.6230840831523425,33182,42.8,76.06,9.92,0.44,2.87,18.77,1.1,2.6,7.9,24.7,3.5,14.3,5.3,60040.0,9.6,84.6,15.6,1.4,0.4382,4.520902558987522
01081,Lee County,Alabama,72695,46020,25798,0.6330559185638627,0.3548799779902332,0.2781759405736295,177663,33.6,67.74,22.33,4.28,5.25,12.93,2.2,0.8,5.4,11.8,1.8,10.7,4.4,61123.0,9.6,91.4,41.3,6.5,0.5057,5.249596991288903
01083,Limestone County,Alabama,53096,37887,14581,0.7135565767666114,0.2746157902666867,0.43894078649992474,107577,40.5,75.31,12.75,1.83,7.24,15.38,2.2,1.5,8.5,17.9,1.7,10.4,3.9,83534.0,6.5,87.6,30.4,4.1,0.4263,5.031719428943667
01085,Lowndes County,Alabama,5652,1758,3867,0.31104033970276,0.6841825902335457,-0.37314225053078565,10008,42.7,24.49,74.54,0.0,0.27,20.05,3.5,7.0,3.6,30.0,2.3,7.9,7.5,35160.0,22.3,83.2,13.9,1.0,0.5368,4.000347296685364
01087,Macon County,Alabama,7820,1682,6084,0.2150895140664961,0.7780051150895141,-0.562915601023018,18951,37.8,17.11,78.3,0.28,1.96,20.72,5.5,2.6,4.0,12.5,0.2,8.8,6.6,45951.0,17.3,84.2,20.7,1.3,0.4794,4.27763213161403
01089,Madison County,Alabama,196355,105430,87824,0.5369356522624837,0.4472715235160805,0.08966412874640323,397135,38.2,64.22,24.27,2.59,6.53,15.46,2.4,0.5,5.5,13.3,1.3,10.1,3.8,83528.0,7.4,92.6,45.7,5.7,0.4659,5.598938163661808
01091,Marengo County,Alabama,9673,4995,4631,0.5163858161893932,0.4787552982528688,0.03763051793652439,19027,41.1,45.05,51.34,0.34,2.38,20.19,1.2,4.8,3.5,21.0,0.8,10.5,5.8,44205.0,14.1,85.6,20.4,1.2,0.5148,4.279370318179108
01093,Marion County,Alabama,13523,12245,1197,0.9054943429712342,0.0885158618649707,0.8169784811062635,29190,43.8,91.41,3.57,0.31,3.01,21.09,3.1,2.1,7.2,19.1,1.2,8.9,7.8,50714.0,11.7,82.1,12.8,0.9,0.4586,4.4652340949880145
01095,Marshall County,Alabama,40277,34434,5553,0.8549296124338953,0.1378702485289371,0.7170593639049583,98712,38.6,82.08,2.61,0.64,16.57,16.97,2.1,1.7,8.8,19.2,2.8,13.3,4.6,60946.0,12.4,84.4,21.3,7.2,0.4588,4.994369951220781
01097,Mobile County,Alabama,174545,100759,72055,0.5772666074651236,0.4128161792088,0.1644504282563236,413162,38.4,56.13,36.04,2.08,3.33,16.97,3.1,1.1,7.6,12.6,2.5,11.4,6.2,58119.0,11.9,89.0,25.2,3.3,0.4649,5.616120371053735
01099,Monroe County,Alabama,9799,6007,3740,0.6130217369119297,0.3816715991427696,0.23135013776916014,19580,43.9,53.69,42.19,0.33,0.15,21.16,5.3,4.7,9.4,22.0,1.7,14.3,5.6,40225.0,17.1,83.6,11.4,0.5,0.4692,4.291812687467119
01101,Montgomery County,Alabama,89375,30477,57946,0.3410013986013986,0.6483468531468531,-0.30734545454545453,227197,36.9,31.78,58.84,3.26,4.75,15.83,3.5,0.5,4.7,12.4,1.9,11.0,6.2,58153.0,16.0,88.8,34.3,5.4,0.4842,5.356402592478913
01103,Morgan County,Alabama,53369,40449,12392,0.7579118964192696,0.2321947197811463,0.5257171766381232,123742,40.3,75.37,13.14,0.53,10.2,17.88,2.3,1.8,9.8,19.8,2.3,12.5,4.9,64858.0,10.1,85.1,23.2,5.5,0.4473,5.092517131095202
01105,Perry County,Alabama,4457,1269,3174,0.2847206641238501,0.7121382095579987,-0.42741754543414856,8231,42.5,28.02,70.99,0.07,0.22,21.03,6.0,5.0,4.0,5.8,0.4,14.3,7.9,34368.0,24.2,82.2,16.8,0.5,0.366,3.9154526016884788
01107,Pickens County,Alabama,8898,5465,3388,0.6141829624634749,0.3807597212856822,0.23342324117779273,18843,42.5,58.2,39.27,0.05,5.77,19.5,3.0,2.6,9.3,23.9,1.1,9.2,7.8,47014.0,15.8,83.9,13.7,4.3,0.4626,4.275150048123735
01109,Pike County,Alabama,13214,8224,4899,0.6223702134100196,0.3707431512032693,0.25162706220675035,32953,31.7,56.06,37.39,2.05,2.7,15.45,2.2,1.4,4.5,15.3,1.5,13.5,8.7,47961.0,11.8,87.6,27.3,3.2,0.4952,4.517894958357569
01111,Randolph County,Alabama,11075,9102,1920,0.8218510158013544,0.1733634311512415,0.6484875846501129,22310,44.0,75.58,16.48,0.27,2.85,20.74,1.5,1.8,6.3,23.4,1.2,12.7,5.9,51551.0,14.9,83.6,20.5,1.5,0.4749,4.348499570283837
01113,Russell County,Alabama,20679,10078,10422,0.4873543208085497,0.5039895546206297,-0.016635233812079986,58858,37.2,46.59,45.53,0.6,5.75,15.2,3.5,1.0,6.7,14.3,1.1,11.8,6.9,50046.0,18.0,85.8,16.9,2.8,0.4683,4.7698055006497455
01115,St. Clair County,Alabama,43440,35501,7640,0.8172421731123388,0.1758747697974217,0.6413674033149172,92903,41.0,84.33,9.86,0.47,2.87,17.53,2.7,0.5,11.7,13.4,3.2,9.4,6.9,78993.0,7.6,87.6,19.9,1.7,0.4003,4.96802973834681
01117,Shelby County,Alabama,114043,79666,33087,0.6985610690704384,0.2901274080829161,0.40843366098752226,226955,40.0,76.54,13.18,2.06,7.36,16.39,1.9,0.8,7.3,7.9,4.0,10.8,5.7,93543.0,4.5,94.0,46.2,5.6,0.4454,5.355939755038726
01119,Sumter County,Alabama,5297,1542,3725,0.2911081744383613,0.7032282424013593,-0.412120067962998,12020,34.9,25.87,71.19,0.42,0.83,19.23,4.0,1.5,3.7,15.2,0.6,17.5,4.2,37981.0,19.7,88.0,19.0,0.7,0.4488,4.07990446766672
01121,Talladega County,Alabama,33175,22100,10898,0.6661642803315749,0.3285003767897513,0.33766390354182363,81170,42.2,62.73,31.72,0.41,2.31,18.92,4.3,1.3,7.5,20.9,1.5,10.0,7.0,56249.0,16.1,84.5,16.8,1.7,0.4681,4.909395545967105
01123,Tallapoosa County,Alabama,19980,14884,4975,0.7449449449449449,0.248998998998999,0.4959459459459459,41070,45.4,68.74,23.39,0.49,2.77,22.75,4.0,1.3,8.7,18.0,2.1,10.8,5.0,57185.0,12.9,83.8,18.7,1.7,0.4748,4.613524702853653
01125,Tuscaloosa County,Alabama,84879,50724,33399,0.5976036475453292,0.3934895557204962,0.20411409182483303,234036,33.0,60.87,31.95,1.65,5.38,13.75,3.3,1.4,6.5,15.8,1.9,10.9,4.4,63947.0,11.5,90.9,31.4,4.0,0.4671,5.369282666806767
01127,Walker County,Alabama,29747,25464,4102,0.8560190943624567,0.1378962584462298,0.7181228359162269,64886,41.3,87.85,6.1,0.43,3.47,19.57,2.3,3.8,6.0,14.2,1.1,14.6,8.3,54509.0,13.2,82.9,16.0,1.5,0.4518,4.812151002214355
01129,Washington County,Alabama,8430,6534,1863,0.7750889679715303,0.2209964412811388,0.5540925266903914,15270,44.1,66.93,22.68,0.28,1.67,20.45,3.0,5.7,7.6,19.7,2.8,9.4,10.5,60503.0,16.0,88.7,16.2,0.9,0.4713,4.183839037056421
01131,Wilcox County,Alabama,5260,1793,3449,0.3408745247148289,0.655703422053232,-0.3148288973384031,10347,42.0,27.56,70.73,0.07,0.11,21.4,5.6,6.3,8.9,20.2,2.3,10.7,7.5,42236.0,22.3,77.9,12.3,0.1,0.4953,4.014814449087053
01133,Winston County,Alabama,11129,10191,884,0.91571569772666,0.0794321142959834,0.8362835834306765,23637,45.3,92.77,1.2,0.26,3.49,21.87,2.2,2.3,11.2,23.0,1.7,12.8,9.0,48032.0,13.7,78.8,13.4,2.0,0.4597,4.37359235519894
02013,State House District 13,Alaska,7271,3589,3682,0.4936047311236418,0.5063952688763581,-0.012790537752716324,3423,41.8,16.59,6.02,21.24,10.52,11.48,3.0,6.9,1.0,54.8,3.4,3.9,4.5,72692.0,14.8,83.9,18.1,32.4,0.3953,3.534406899137877
02016,State House District 16,Alaska,9273,3929,5344,0.4237032244149681,0.5762967755850318,-0.15259355117006368,5178,39.1,24.6,5.27,40.88,13.81,6.37,3.4,1.7,3.4,31.3,6.1,8.5,20.3,107344.0,3.5,90.5,17.5,44.1,0.3462,3.714162046098853
02020,State House District 20,Alaska,6965,3041,3924,0.4366116295764537,0.5633883704235463,-0.12677674084709256,289069,34.9,58.32,5.29,9.81,9.32,12.43,3.0,2.6,5.8,2.5,1.8,10.5,10.3,98152.0,5.8,94.0,37.7,10.9,0.4327,5.461001520066328
04001,Apache County,Arizona,32019,12795,18872,0.3996064836503326,0.5894000437240389,-0.1897935600737063,65680,36.2,20.24,0.95,0.6,6.23,16.23,4.1,2.9,8.9,1.4,0.2,9.4,7.9,40338.0,25.1,84.9,15.3,1.4,0.5175,4.8174331441113845
04003,Cochise County,Arizona,58923,35936,22296,0.6098806917502503,0.3783921388931317,0.23148855285711856,125458,42.9,66.76,3.84,1.96,34.34,24.17,3.3,3.2,6.6,4.6,1.1,10.4,6.0,58970.0,11.1,89.2,27.7,10.7,0.4454,5.098498359911924
04005,Coconino County,Arizona,70067,27576,41504,0.393566158105813,0.592347324703498,-0.19878116659768502,144643,32.4,56.99,1.52,1.83,15.23,13.97,4.1,1.3,6.3,7.9,1.1,10.9,4.1,69748.0,10.6,92.0,39.6,4.6,0.4783,5.160297420805059
04007,Gila County,Arizona,27648,18901,8504,0.6836299189814815,0.3075810185185185,0.376048900462963,53610,51.4,67.72,0.63,0.77,17.77,30.38,3.4,7.8,8.2,3.6,1.7,10.4,4.8,59089.0,10.9,89.6,18.8,3.4,0.4364,4.729245807225307
04009,Graham County,Arizona,15183,11177,3867,0.7361522755713628,0.254692748468682,0.48145952710268075,38860,34.4,66.24,1.28,0.64,30.29,14.27,3.2,14.8,10.1,1.9,1.7,11.4,4.4,67326.0,14.7,84.2,14.6,2.6,0.4246,4.589502796263764
04011,Greenlee County,Arizona,3308,2308,954,0.6977025392986699,0.2883917775090689,0.40931076178960096,9452,36.1,64.68,1.47,0.68,46.51,13.95,2.1,39.9,6.8,3.1,0.4,5.0,0.9,75239.0,8.3,88.1,20.4,5.0,0.3885,3.9755237129603316
04012,La Paz County,Arizona,7624,5470,2101,0.7174711437565582,0.2755771248688352,0.441894018887723,16605,59.7,61.32,0.42,1.13,25.47,42.23,4.6,7.7,9.3,3.9,1.0,11.5,5.4,49506.0,15.2,82.5,13.9,9.7,0.4734,4.220238879934404
04013,Maricopa County,Arizona,2053945,1051531,980016,0.511956746650957,0.4771383849129358,0.03481836173802122,4491987,37.5,62.98,5.76,4.39,30.89,15.99,3.0,0.6,7.8,7.8,2.2,11.9,5.9,85518.0,7.8,89.5,35.9,14.3,0.4571,6.652438490724675
04015,Mohave County,Arizona,110450,85683,24081,0.7757627885921231,0.218026256224536,0.5577365323675871,217420,53.2,81.47,1.16,1.14,16.69,31.92,3.0,1.4,8.5,5.8,1.5,13.9,6.3,55799.0,11.4,88.2,14.9,5.9,0.4653,5.337299491406797
04017,Navajo County,Arizona,50706,29480,20754,0.5813907624344259,0.4093006744763933,0.1720900879580326,107744,39.4,45.37,1.17,0.41,10.64,19.58,4.0,2.8,9.8,3.2,1.1,12.6,5.1,52752.0,19.4,86.0,17.6,2.6,0.4549,5.032393094707994
04019,Pima County,Arizona,513176,214669,292450,0.4183145743370695,0.5698824574804745,-0.15156788314340502,1049947,39.7,63.24,3.6,2.96,36.15,21.15,3.3,1.0,6.4,7.2,1.6,11.9,5.0,67929.0,9.8,89.9,35.9,11.9,0.4662,6.02116737698567
04021,Pinal County,Arizona,209552,126926,80656,0.6057016874093304,0.3848973047262732,0.2208043826830572,449219,40.3,65.96,5.03,1.67,29.33,21.32,3.1,2.3,8.1,8.8,1.8,12.2,6.4,77588.0,7.8,89.1,22.2,9.1,0.4194,5.652458116736015
04023,Santa Cruz County,Arizona,19121,7699,11265,0.4026463051095654,0.5891428272579886,-0.18649652214842322,48209,37.9,42.07,0.24,0.15,82.71,18.92,5.9,5.4,6.8,6.7,6.3,10.8,11.5,53614.0,16.5,77.7,24.1,34.1,0.443,4.683128122999577
04025,Yavapai County,Arizona,149402,99346,48717,0.6649576310892759,0.3260799721556606,0.33887765893361527,241656,55.0,82.67,0.57,1.08,14.99,33.47,2.0,2.2,9.9,5.6,1.6,13.1,4.2,66106.0,7.8,92.5,29.6,6.5,0.4502,5.383197582568391
04027,Yuma County,Arizona,68195,40745,26823,0.5974778209546154,0.3933279565950583,0.20414986435955712,207685,35.8,48.36,1.74,1.1,64.4,20.31,4.1,9.7,7.0,5.7,3.0,10.5,5.4,60417.0,13.8,76.6,16.7,25.1,0.4448,5.3174051308515455
05001,Arkansas County,Arkansas,5547,3951,1503,0.7122769064359114,0.2709572742022715,0.44131963223363985,16773,41.0,70.45,25.75,0.08,3.94,19.92,4.1,8.8,7.7,23.7,4.0,9.5,6.0,60831.0,8.7,87.5,15.3,1.2,0.4278,4.224610746978335
05003,Ashley County,Arkansas,7030,5145,1774,0.7318634423897582,0.2523470839260313,0.4795163584637269,18722,42.7,70.02,24.6,0.02,6.18,21.32,2.8,5.6,6.7,15.4,0.4,10.0,8.7,44481.0,17.0,87.8,12.2,2.1,0.4836,4.272352240906794
05005,Baxter County,Arkansas,20954,16253,4341,0.7756514269351914,0.2071680824663548,0.5684833444688366,42150,51.9,92.89,0.38,0.65,2.74,31.07,2.5,1.5,7.8,19.8,1.1,15.9,5.3,48427.0,9.0,89.4,18.7,2.0,0.4596,4.624797578960761
05007,Benton County,Arkansas,128595,79907,45231,0.6213849683113651,0.3517321824332206,0.26965278587814456,294541,35.8,66.0,1.82,4.36,18.13,13.63,2.1,1.2,8.0,11.9,2.5,21.8,5.9,89879.0,5.7,90.6,36.6,12.4,0.4541,5.46914575696489
05009,Boone County,Arkansas,17112,13968,2854,0.8162692847124825,0.1667835437120149,0.6494857410004676,37896,41.3,94.26,0.27,0.26,2.96,20.96,2.2,2.1,8.6,12.7,1.1,11.8,10.6,54195.0,8.6,90.7,16.3,1.2,0.4391,4.5785933717199
05011,Bradley County,Arkansas,3209,2213,961,0.6896229354939234,0.2994702399501402,0.3901526955437832,10354,38.5,58.28,26.41,0.07,15.63,18.53,2.2,6.0,7.8,17.7,0.8,10.6,1.9,39565.0,18.5,87.3,15.8,6.2,0.5109,4.015108160645837
05013,Calhoun County,Arkansas,2092,1674,379,0.8001912045889101,0.1811663479923518,0.6190248565965584,4717,44.8,78.97,12.32,0.19,11.53,21.71,3.6,11.6,12.0,17.5,0.0,12.2,4.3,63654.0,9.9,86.7,18.1,4.3,0.3949,3.673665876245702
05015,Carroll County,Arkansas,11538,7470,3812,0.6474258970358814,0.3303865487952851,0.31703934824059626,28526,44.7,73.22,0.19,1.57,15.51,23.28,2.1,7.7,9.9,20.4,0.8,9.7,4.8,55187.0,11.5,84.0,21.1,9.2,0.4491,4.455240877870955
05017,Chicot County,Arkansas,3490,1658,1796,0.4750716332378223,0.5146131805157593,-0.03954154727793702,9997,42.9,40.95,53.4,0.26,6.28,21.67,3.9,9.3,7.3,13.4,2.5,9.1,4.8,39683.0,16.1,81.6,17.2,2.4,0.5114,3.999869692108268
05019,Clark County,Arkansas,7657,4526,2959,0.5910931174089069,0.3864437769361368,0.2046493404727701,21378,31.9,69.58,23.74,0.44,5.36,16.23,2.5,4.1,4.1,13.5,0.7,13.0,5.1,50985.0,11.9,90.0,25.5,1.8,0.4544,4.329967072734659
05021,Clay County,Arkansas,4967,3968,907,0.7988725588886652,0.1826051942822629,0.6162673646064023,14399,42.6,94.03,0.09,0.03,0.83,21.8,3.6,8.9,5.9,16.3,2.3,10.6,5.9,48500.0,13.7,86.6,15.6,0.5,0.4372,4.158332331708981
05023,Cleburne County,Arkansas,12739,10595,1941,0.831697935473742,0.1523667477824005,0.6793311876913415,25048,49.5,94.38,0.36,0.2,2.85,27.26,3.1,1.8,7.8,15.2,2.4,14.3,6.7,55979.0,10.6,88.3,18.3,0.8,0.4549,4.398773054608859
05025,Cleveland County,Arkansas,3374,2804,524,0.8310610551274452,0.1553052756372258,0.6757557794902194,7491,43.7,83.86,13.14,0.21,0.31,20.92,1.1,8.5,6.6,17.0,0.7,8.1,7.9,50509.0,10.9,91.6,16.2,0.2,0.4615,3.87453979707101
05027,Columbia County,Arkansas,7940,5367,2466,0.6759445843828715,0.3105793450881612,0.3653652392947103,22527,34.5,61.19,34.95,0.37,3.36,17.31,1.6,2.8,2.7,14.2,1.0,10.1,7.8,47363.0,19.1,88.5,20.4,1.8,0.4854,4.352703359047548
05029,Conway County,Arkansas,8541,5893,2449,0.6899660461304297,0.2867345744058073,0.40323147172462237,20872,42.6,82.04,11.05,0.75,4.55,19.61,3.7,7.3,6.6,13.4,3.2,12.5,6.7,51212.0,15.2,90.1,18.2,2.7,0.4732,4.319564066092164
05031,Craighead County,Arkansas,37242,25152,11210,0.6753665216690833,0.3010042425218839,0.3743622791471994,112097,34.5,73.18,16.77,1.15,6.15,13.73,3.8,1.7,7.8,12.1,2.3,13.2,4.5,57615.0,13.2,90.3,27.8,3.6,0.4844,5.049593989928784
05033,Crawford County,Arkansas,23834,18615,4753,0.7810271041369472,0.199420995216917,0.5816061089200302,60792,39.1,82.93,1.16,1.17,8.14,17.47,2.9,1.0,7.2,16.1,2.0,12.5,6.7,60362.0,10.7,86.6,19.3,4.4,0.4198,4.783846431502154
05035,Crittenden County,Arkansas,14681,7028,7362,0.4787139840610313,0.5014644778966011,-0.02275049383556982,47609,36.0,40.36,50.44,0.7,3.1,14.83,5.8,2.5,4.8,10.2,4.3,12.4,11.6,54271.0,16.2,85.3,17.2,1.8,0.4721,4.677689059461427
05037,Cross County,Arkansas,6534,4753,1642,0.7274257728803183,0.251300887664524,0.47612488521579427,16681,40.6,71.99,18.41,0.06,2.2,18.57,5.0,7.0,5.2,12.9,3.2,13.3,7.8,47012.0,17.8,83.4,14.8,1.6,0.4817,4.222222082360713
05039,Dallas County,Arkansas,2324,1482,798,0.6376936316695353,0.3433734939759036,0.2943201376936317,6351,44.5,52.89,43.76,0.08,1.45,24.97,4.5,4.2,2.2,24.7,0.4,5.8,6.5,44694.0,9.5,89.0,11.1,0.5,0.4422,3.8028421127390746
05041,Desha County,Arkansas,3505,1805,1638,0.514978601997147,0.4673323823109843,0.04764621968616267,11041,41.2,44.93,48.65,0.0,6.93,19.64,2.1,9.1,9.2,13.4,3.8,10.5,3.6,36064.0,22.5,77.9,13.0,2.2,0.4833,4.043008409879952
05043,Drew County,Arkansas,6365,4203,2050,0.6603299293008641,0.3220738413197172,0.33825608798114687,17143,37.7,65.72,26.72,0.71,4.12,17.95,2.5,5.6,5.2,11.1,1.1,9.8,3.6,41071.0,15.7,87.1,23.3,2.6,0.5107,4.234086825138971
05045,Faulkner County,Arkansas,54465,35357,17752,0.6491691912237216,0.3259340861103461,0.32323510511337555,126001,34.0,79.89,11.87,1.06,5.52,13.43,2.0,0.8,7.0,8.1,2.0,14.0,4.8,65071.0,9.9,93.7,33.2,3.7,0.4599,5.100373991885488
05047,Franklin County,Arkansas,6971,5582,1232,0.8007459474967723,0.1767321761583704,0.624013771338402,17220,42.4,86.25,0.25,0.94,3.18,20.29,2.3,5.3,8.4,22.9,1.3,8.8,8.1,51919.0,11.6,87.1,13.2,1.1,0.4415,4.236033147117636
05049,Fulton County,Arkansas,5043,4040,906,0.8011104501288915,0.1796549672813801,0.6214554828475114,12239,48.6,92.91,0.22,0.03,1.7,25.93,1.7,3.1,3.5,11.2,2.1,15.3,9.4,38941.0,10.6,87.7,15.7,0.6,0.4146,4.087745934784734
05051,Garland County,Arkansas,42327,28359,13015,0.6699978736976399,0.3074869468660666,0.36251092683157327,100062,45.3,83.55,7.83,0.77,7.17,24.29,3.2,1.7,6.3,7.7,2.2,15.6,3.4,55409.0,11.7,90.9,26.2,4.1,0.4601,5.000269179141866
05053,Grant County,Arkansas,8078,6755,1192,0.8362218370883883,0.1475612775439465,0.6886605595444417,18111,40.2,91.76,2.59,0.36,2.71,18.15,2.3,4.0,8.7,16.4,1.0,9.5,8.3,72512.0,7.0,91.1,20.9,1.4,0.445,4.257942430573135
05055,Greene County,Arkansas,15820,12617,2935,0.7975347661188369,0.1855246523388116,0.6120101137800253,46182,37.8,90.2,2.22,0.37,3.63,16.16,4.4,3.3,7.3,20.4,1.1,12.5,6.1,56793.0,12.1,87.4,16.5,0.9,0.4244,4.664472736943123
05057,Hempstead County,Arkansas,6089,4193,1776,0.6886188208244375,0.2916735096074889,0.3969453112169486,19778,41.1,55.47,29.72,0.53,14.94,18.67,2.0,9.8,7.5,20.2,0.6,9.8,4.0,47654.0,11.9,83.4,14.6,7.1,0.4765,4.296182372555435
05059,Hot Spring County,Arkansas,12283,9226,2818,0.7511194333631849,0.2294227794512741,0.5216966539119108,33142,43.0,82.84,11.54,0.03,3.99,19.74,1.8,2.4,6.9,11.1,1.1,17.1,4.8,52644.0,13.1,89.4,15.8,1.1,0.4313,4.52037871297756
05061,Howard County,Arkansas,4473,3246,1158,0.7256874580818243,0.2588866532528504,0.46680080482897396,12701,39.4,64.37,20.8,0.59,12.27,18.35,4.2,8.9,3.8,32.5,1.4,6.2,3.8,44492.0,18.4,89.4,16.7,7.8,0.4465,4.1038379160256095
05063,Independence County,Arkansas,14011,11023,2689,0.7867389907929484,0.1919206337877382,0.5948183570052102,38120,39.0,84.92,1.61,0.93,8.69,17.5,2.7,2.7,8.6,18.6,1.6,10.3,7.0,56009.0,15.0,87.5,16.9,3.9,0.4813,4.581152891966289
05065,Izard County,Arkansas,5925,4854,949,0.8192405063291139,0.160168776371308,0.6590717299578059,13866,47.5,87.8,1.64,0.46,2.8,25.05,2.8,4.7,6.9,17.3,0.5,8.8,4.4,47728.0,15.8,84.8,18.7,1.3,0.4617,4.141951195862753
05067,Jackson County,Arkansas,4775,3509,1183,0.734869109947644,0.2477486910994764,0.4871204188481676,16775,40.4,75.72,14.71,0.32,3.07,17.89,4.5,8.1,6.1,16.7,2.9,13.7,5.7,41215.0,18.4,83.8,13.3,1.0,0.499,4.22466252884103
05069,Jefferson County,Arkansas,21608,8468,12802,0.3918918918918919,0.5924657534246576,-0.20057386153276568,65780,39.5,37.56,56.28,0.74,2.48,18.14,3.8,1.4,3.8,16.3,1.1,11.8,5.4,48552.0,17.1,88.6,20.6,1.9,0.4701,4.818093869146636
05071,Johnson County,Arkansas,9059,6766,2107,0.7468815542554366,0.2325863781874379,0.5142951760679987,25932,39.4,84.29,1.74,3.13,13.65,16.8,2.6,3.6,8.0,20.9,0.4,14.1,7.2,44808.0,14.1,83.9,18.1,8.1,0.4543,4.413836012930866
05073,Lafayette County,Arkansas,2325,1589,698,0.6834408602150538,0.3002150537634409,0.3832258064516129,6211,48.5,57.74,35.84,1.11,0.79,25.37,3.9,13.8,7.5,11.8,0.1,13.0,8.3,37237.0,18.6,81.6,9.2,1.1,0.4612,3.793161529245551
05075,Lawrence County,Arkansas,5692,4608,965,0.8095572733661279,0.1695361911454673,0.6400210822206607,16265,39.8,92.7,0.98,0.09,2.14,18.93,3.4,5.4,10.9,15.3,1.8,10.0,5.9,44164.0,13.4,82.4,14.0,0.8,0.4559,4.2112540676178725
05077,Lee County,Arkansas,2520,1181,1270,0.4686507936507936,0.503968253968254,-0.03531746031746036,8511,41.9,39.96,54.73,0.11,2.93,20.01,7.0,15.7,3.3,7.4,3.2,12.7,3.5,36860.0,23.1,82.6,6.9,1.1,0.5712,3.9299805905155147
05079,Lincoln County,Arkansas,3372,2502,813,0.7419928825622776,0.2411032028469751,0.5008896797153025,12966,40.1,62.05,28.56,0.36,4.93,14.98,0.8,7.1,7.7,14.9,0.9,9.0,4.4,51667.0,15.2,83.3,10.9,2.6,0.4482,4.112806017266885
05081,Little River County,Arkansas,4899,3744,1084,0.7642375995101041,0.2212696468667075,0.5429679526433966,11959,42.2,72.94,19.57,0.16,3.72,21.19,5.2,2.7,9.2,18.2,1.3,7.3,7.5,52241.0,11.9,91.0,17.4,0.5,0.4393,4.077694865886586
05083,Logan County,Arkansas,8205,6567,1464,0.8003656307129798,0.1784277879341864,0.6219378427787934,21240,43.8,89.26,1.71,1.37,3.33,20.17,3.3,6.3,5.7,20.3,1.3,10.1,6.3,54237.0,8.1,89.3,15.5,1.7,0.4442,4.3271545124094315
05085,Lonoke County,Arkansas,30620,23225,6790,0.758491182233834,0.2217504898758981,0.536740692357936,74747,37.3,85.72,5.53,1.11,5.18,14.39,2.7,2.9,8.5,7.1,3.2,12.9,9.3,71449.0,8.1,90.2,21.0,2.7,0.4147,4.873593766767822
05087,Madison County,Arkansas,7501,5885,1491,0.7845620583922144,0.1987734968670844,0.5857885615251299,17032,41.2,74.49,0.19,0.48,6.08,19.33,2.5,5.6,11.9,15.4,1.5,12.8,7.1,53888.0,11.6,85.8,12.8,2.7,0.4318,4.231265648430266
05089,Marion County,Arkansas,7851,6230,1501,0.7935294866895937,0.1911858361992102,0.6023436504903834,17076,51.9,94.03,0.19,0.76,2.61,29.1,2.9,1.3,6.5,27.9,0.7,10.2,4.5,46953.0,10.8,86.3,15.4,2.3,0.4306,4.232386146131909
05091,Miller County,Arkansas,15803,11842,3769,0.7493513889767766,0.2384990191735746,0.5108523698032019,42588,39.0,67.55,25.67,0.76,3.95,16.8,3.8,0.8,6.6,15.5,3.5,11.0,7.8,49983.0,15.8,86.9,16.0,1.6,0.4889,4.629287245395218
05093,Mississippi County,Arkansas,10717,6963,3574,0.6497154054306242,0.3334888494914622,0.31622655593916205,39749,36.9,57.48,34.81,0.42,4.68,15.22,5.1,4.4,6.2,26.2,1.0,11.6,5.3,53428.0,16.7,85.6,14.2,2.4,0.5001,4.599326207207714
05095,Monroe County,Arkansas,2433,1385,1002,0.5692560624743116,0.4118372379778052,0.1574188244965064,6681,45.5,53.44,40.22,0.99,2.83,23.26,4.9,8.5,2.3,17.8,1.7,11.3,9.5,43955.0,18.1,83.4,15.6,1.2,0.4573,3.8248414717537007
05097,Montgomery County,Arkansas,3707,2987,645,0.8057728621526841,0.1739951443215538,0.6317777178311302,8571,50.8,90.97,0.89,0.96,4.78,27.0,3.2,6.7,7.5,10.7,1.7,15.4,8.5,49015.0,16.8,87.6,16.8,1.8,0.4584,3.9330314951024055
05099,Nevada County,Arkansas,2907,2002,849,0.6886824905400757,0.2920536635706914,0.3966288269693843,8228,44.2,64.9,31.92,0.0,4.61,21.15,4.2,3.1,5.4,16.5,0.7,7.1,5.2,41761.0,27.6,90.1,11.7,0.1,0.4593,3.9152942830226865
05101,Newton County,Arkansas,3770,3063,644,0.8124668435013263,0.1708222811671087,0.6416445623342175,7175,48.9,93.63,0.15,0.08,1.71,27.04,2.0,3.3,12.9,17.7,1.0,15.2,9.4,47395.0,10.3,85.4,14.3,0.8,0.4094,3.85582190540603
05103,Ouachita County,Arkansas,8626,5056,3412,0.5861349408764202,0.3955483422211917,0.19058659865522848,22317,44.0,55.24,40.98,0.24,2.52,21.14,2.3,2.1,3.7,26.9,2.5,8.8,7.3,49838.0,12.2,88.9,15.1,0.5,0.4379,4.348635813428045
05105,Perry County,Arkansas,4584,3559,923,0.7763961605584643,0.2013525305410122,0.5750436300174521,10073,44.1,91.75,1.78,0.41,3.3,20.52,2.3,4.9,15.4,14.1,2.7,10.3,7.0,60078.0,10.6,91.7,17.1,0.8,0.4256,4.003158833950862
05107,Phillips County,Arkansas,4938,2098,2754,0.4248683677602268,0.5577156743620899,-0.1328473066018631,15910,39.9,34.43,61.45,0.94,1.92,20.14,8.0,5.0,5.3,17.0,1.5,14.7,7.5,38874.0,25.4,82.6,14.5,1.3,0.5038,4.201670179646581
05109,Pike County,Arkansas,4358,3746,560,0.8595686094538779,0.1284993116108306,0.7310692978430473,10182,42.8,87.82,3.85,0.18,7.87,20.51,1.3,4.7,9.5,14.8,2.7,9.2,4.1,51000.0,14.0,87.1,19.6,3.9,0.4923,4.007833092701319
05111,Poinsett County,Arkansas,7079,5731,1235,0.8095776239581862,0.1744596694448368,0.6351179545133494,22740,39.8,84.87,5.85,0.02,3.69,18.36,2.9,4.9,4.4,19.3,2.7,13.9,6.9,47188.0,14.2,82.3,11.9,1.1,0.465,4.356790460351716
05113,Polk County,Arkansas,8288,6987,1145,0.8430260617760618,0.1381515444015444,0.7048745173745173,19348,44.4,89.44,0.09,0.0,6.85,22.53,4.7,6.7,6.4,14.1,1.5,13.5,6.0,49252.0,15.3,87.4,17.2,3.4,0.5079,4.286636078716418
05115,Pope County,Arkansas,24191,18118,5487,0.7489562233888636,0.2268198916952585,0.5221363316936051,63830,36.7,84.57,2.35,1.0,10.63,16.12,2.7,2.2,6.3,18.6,1.7,12.5,9.4,54606.0,12.6,86.0,24.6,5.5,0.4684,4.805024844429806
05117,Prairie County,Arkansas,3200,2628,524,0.82125,0.16375,0.6575,8162,45.8,84.66,10.5,0.0,2.19,23.56,2.2,7.0,8.6,11.0,3.6,13.3,7.5,51094.0,4.4,85.9,16.7,0.3,0.4614,3.9117965904372523
05119,Pulaski County,Arkansas,153924,57977,92038,0.3766599100854967,0.5979444401133027,-0.22128453002780601,398949,37.5,50.77,36.84,2.16,8.2,16.25,3.0,0.4,6.5,6.6,2.1,11.8,5.9,60385.0,12.3,92.0,37.4,5.8,0.5117,5.600917380813975
05121,Randolph County,Arkansas,6636,5367,1138,0.8087703435804702,0.1714888487040385,0.6372814948764317,18733,39.3,89.78,1.13,0.4,2.46,19.44,3.4,5.4,6.9,19.7,1.9,13.3,9.8,52838.0,16.8,86.1,14.5,3.7,0.4478,4.272607333120826
05123,St. Francis County,Arkansas,5979,2909,2953,0.4865362100685733,0.4938953002174276,-0.00735909014885433,22740,39.7,41.12,54.99,0.08,3.34,17.64,3.5,4.7,5.7,12.9,3.3,12.9,9.1,41784.0,21.8,85.7,12.9,2.0,0.5019,4.356790460351716
05125,Saline County,Arkansas,57609,39736,16609,0.6897533371521811,0.2883056466871496,0.40144769046503154,125724,40.4,82.08,8.43,1.06,6.98,18.16,2.4,1.1,8.2,7.4,3.1,12.3,6.5,76534.0,6.5,92.7,28.5,3.7,0.4152,5.099418189958432
05127,Scott County,Arkansas,3384,2913,425,0.8608156028368794,0.1255910165484633,0.7352245862884161,9839,42.4,84.88,1.5,1.37,7.81,21.16,3.2,6.2,3.7,25.4,3.2,9.6,5.0,45955.0,12.3,84.6,10.8,3.0,0.4098,3.9929509605704463
05129,Searcy County,Arkansas,3869,3305,511,0.8542258981649005,0.1320754716981132,0.7221504264667873,7861,48.5,88.22,0.08,0.22,2.19,25.72,2.5,6.9,6.8,15.3,1.2,16.7,4.9,41978.0,16.3,80.0,13.7,0.7,0.4349,3.8954777962757148
05131,Sebastian County,Arkansas,45452,30719,13652,0.675855847927484,0.3003608202059315,0.37549502772155247,128448,38.0,69.22,5.73,4.36,15.59,16.74,3.5,1.3,6.5,17.3,2.5,10.9,6.2,56450.0,11.0,85.2,24.4,8.7,0.5064,5.1087273464713725
05133,Sevier County,Arkansas,4714,3772,862,0.8001697072549852,0.1828595672464998,0.6173101400084854,15797,34.8,58.73,5.0,0.29,35.06,14.27,2.9,7.6,11.8,22.3,1.2,10.5,3.9,51641.0,12.7,72.5,10.9,16.0,0.4758,4.198574618147281
05135,Sharp County,Arkansas,7437,5978,1316,0.8038187441172516,0.1769530724754605,0.6268656716417911,17597,47.5,92.4,0.61,0.56,2.32,25.46,2.9,2.3,10.3,12.9,1.6,11.8,5.4,42950.0,12.0,85.4,11.9,1.2,0.5054,4.245438634035767
05137,Stone County,Arkansas,6030,4808,1089,0.7973466003316749,0.1805970149253731,0.6167495854063019,12474,49.2,90.63,0.1,0.35,2.13,27.75,1.8,8.0,11.8,14.6,1.0,9.7,2.9,38531.0,16.5,86.0,15.4,0.8,0.4531,4.096005739715113
05139,Union County,Arkansas,15448,10196,5019,0.6600207146556188,0.3248964267219058,0.33512428793371307,38368,41.5,62.0,32.4,0.83,4.56,18.91,2.4,3.1,7.5,18.6,2.3,12.5,4.4,50221.0,15.6,88.0,18.9,3.1,0.5036,4.5839691614187545
05141,Van Buren County,Arkansas,7621,6023,1437,0.790316231465687,0.1885579320299173,0.6017582994357696,15936,49.6,92.93,0.63,0.4,3.34,26.73,1.9,4.3,9.7,9.2,0.9,14.4,10.1,47266.0,14.9,86.4,15.8,1.6,0.4406,4.202379321079624
05143,Washington County,Arkansas,97158,50243,43779,0.5171267420078635,0.4505959365157784,0.06653080549208507,251863,32.5,67.22,3.18,2.4,18.35,12.11,2.7,1.3,8.7,11.2,2.6,12.6,5.7,66426.0,8.4,87.3,34.6,11.6,0.4827,5.4011643720392986
05145,White County,Arkansas,30837,24514,5641,0.7949541135648733,0.1829295975613711,0.6120245160035023,77395,38.4,87.85,4.41,0.68,4.77,16.56,2.8,1.4,8.5,12.6,1.3,13.3,7.7,53435.0,13.8,86.7,19.8,1.9,0.4571,4.888712904577589
05147,Woodruff County,Arkansas,2318,1513,760,0.6527178602243313,0.3278688524590163,0.324849007765315,6157,44.9,69.66,27.14,0.0,0.58,24.38,3.5,8.7,5.4,10.0,3.4,11.5,9.5,49982.0,15.2,82.9,15.9,0.3,0.4879,3.7893691535914815
05149,Yell County,Arkansas,6477,5147,1213,0.7946580206885904,0.1872780608306314,0.607379959857959,20195,39.9,79.08,1.73,1.29,20.87,17.55,2.0,6.7,6.5,27.6,1.1,7.6,7.5,58870.0,8.5,81.5,14.3,8.8,0.3963,4.3052438575060075
06001,Alameda County,California,669800,140789,499551,0.2101955807703792,0.7458211406389967,-0.5356255598686175,1651949,38.7,31.99,9.92,32.24,23.32,14.94,3.5,0.3,5.5,10.0,2.1,8.6,5.6,126240.0,5.6,88.9,51.5,34.1,0.474,6.217996635381172
06003,Alpine County,California,738,243,479,0.3292682926829268,0.6490514905149052,-0.3197831978319784,1695,41.1,63.48,0.0,0.47,14.69,21.77,2.1,6.9,2.7,5.5,0.4,9.0,9.4,110781.0,7.8,96.3,42.1,4.8,0.5276,3.229169702539101
06005,Amador County,California,22402,14018,7783,0.6257477010981163,0.3474243371127578,0.2783233639853585,41029,49.9,77.76,2.01,1.43,15.5,27.21,2.9,3.1,10.3,5.6,1.8,11.7,4.3,81526.0,4.1,91.0,22.4,6.0,0.4458,4.613090932034561
06007,Butte County,California,94523,47179,44228,0.4991271965553357,0.4679072818255874,0.031219914729748333,209470,36.3,72.62,1.77,5.41,19.49,18.17,4.2,3.5,6.4,6.1,2.2,11.3,4.3,68574.0,10.8,90.3,31.7,8.0,0.4846,5.321121832708528
06009,Calaveras County,California,26479,16625,9181,0.6278560368593981,0.3467275954530004,0.28112844140639764,45995,52.0,80.79,1.15,2.32,13.92,28.74,2.8,3.5,12.5,6.6,2.2,12.6,6.2,79877.0,8.2,93.3,22.2,5.8,0.443,4.662710623193903
06011,Colusa County,California,7021,4414,2431,0.6286853724540664,0.3462469733656174,0.28243839908844903,21895,35.7,51.2,1.42,0.66,62.29,15.32,5.3,19.3,6.1,14.0,2.2,8.4,7.3,75149.0,9.1,73.2,14.5,27.5,0.4547,4.340344949528144
06013,Contra Costa County,California,528904,155308,356008,0.2936411900836446,0.6731051381725228,-0.37946394808887823,1161458,40.3,43.5,8.47,18.51,27.28,16.69,3.8,0.6,7.8,6.2,1.9,10.1,5.8,125727.0,5.7,89.6,44.9,26.2,0.4708,6.065003509704025
06015,Del Norte County,California,10564,5999,4266,0.5678720181749337,0.4038243089738735,0.1640477092010602,27293,40.8,67.11,2.95,3.14,19.6,19.76,3.2,5.1,6.7,5.5,1.1,11.4,3.5,66780.0,6.9,85.5,21.0,7.6,0.4291,4.436051275202242
06017,El Dorado County,California,111890,61109,47703,0.5461524711770489,0.4263383680400393,0.11981410313700963,192299,46.1,79.89,0.85,5.24,14.16,22.78,2.8,1.5,8.6,6.3,1.7,9.8,4.1,106190.0,5.4,94.9,38.8,9.1,0.4731,5.283977025810965
06019,Fresno County,California,325994,165924,151628,0.5089786928593778,0.4651251250023006,0.043853567857077225,1012152,33.2,41.82,4.39,11.0,54.11,12.72,5.2,7.8,6.2,6.4,2.8,10.1,6.8,71434.0,14.6,78.6,23.9,19.7,0.4735,6.00524573760681
06021,Glenn County,California,10442,6904,3260,0.6611760199195557,0.3122007278299176,0.34897529208963807,28623,35.9,59.81,0.55,2.71,44.13,16.85,4.6,14.0,7.7,10.2,1.0,12.6,5.8,70487.0,9.8,80.3,16.5,15.8,0.4001,4.456715150568593
06023,Humboldt County,California,64228,21559,39800,0.3356635735193373,0.6196674347636545,-0.2840038612443172,135418,39.6,73.62,1.27,3.14,13.84,19.26,5.1,4.5,8.1,4.8,1.5,11.7,3.9,61135.0,10.5,91.5,32.1,6.4,0.4857,5.1316763953765
06025,Imperial County,California,54025,26546,26083,0.4913651087459509,0.4827950023137436,0.008570106432207292,179319,33.0,30.43,2.49,1.51,85.58,13.45,6.6,9.8,5.6,4.1,2.5,11.7,6.7,56393.0,17.0,71.8,16.1,30.8,0.4617,5.253626308290492
06027,Inyo County,California,8951,4468,4201,0.4991621047927606,0.4693330354150374,0.029829069377723172,18803,45.6,64.64,0.97,1.81,23.77,24.43,1.6,3.1,6.2,3.2,2.0,7.4,5.8,72432.0,7.7,92.8,31.8,8.2,0.439,4.27422714604577
06029,Kern County,California,283246,167879,108241,0.5926968077219096,0.3821448493535654,0.21055195836834417,910433,32.4,49.21,5.16,5.08,55.74,11.6,4.9,12.9,7.3,5.9,2.1,10.9,7.3,67660.0,15.2,77.1,18.6,19.7,0.4645,5.959247990986587
06031,Kings County,California,41501,25074,15519,0.604178212573191,0.373942796559119,0.23023541601407205,152830,32.3,46.04,6.4,3.52,57.49,10.61,5.0,15.5,4.1,9.0,3.1,10.5,5.3,68750.0,13.7,74.2,13.9,19.5,0.4211,5.184208613111503
06033,Lake County,California,26759,13161,12794,0.4918345229642363,0.4781195111924959,0.013715011771740393,68139,44.2,69.23,2.17,1.1,23.75,23.64,5.9,4.7,10.6,5.4,2.1,11.6,5.9,58738.0,10.9,87.1,17.7,9.3,0.4867,4.833395755623571
06035,Lassen County,California,11371,8619,2478,0.7579808284231818,0.2179227860346495,0.5400580423885323,31177,37.8,68.86,8.26,1.74,22.54,15.96,3.0,4.2,7.6,3.5,0.8,11.4,5.6,64395.0,10.1,79.1,13.2,6.0,0.421,4.493834322971856
06037,Los Angeles County,California,3728427,1189862,2417109,0.3191324384251053,0.648291893605534,-0.32915945518042866,9848406,37.9,35.43,7.81,15.03,48.27,14.71,4.6,0.5,6.2,8.6,3.0,9.8,6.6,87760.0,9.9,80.7,35.5,33.4,0.4972,6.993365944058631
06039,Madera County,California,54624,32344,20981,0.5921206795547744,0.3840985647334505,0.20802211482132393,158790,34.6,44.13,2.58,2.47,60.35,14.36,5.9,13.2,7.3,9.4,2.4,9.8,6.6,75496.0,15.4,73.0,17.1,20.2,0.4647,5.20082314871093
06041,Marin County,California,144113,24054,116152,0.1669106881405563,0.8059786417602853,-0.639067953619729,258765,47.3,70.44,2.35,6.2,18.99,23.26,3.8,0.8,6.4,4.9,2.0,9.7,3.0,142785.0,4.0,92.7,60.5,19.6,0.5232,5.412905534226954
06043,Mariposa County,California,9509,5625,3622,0.5915448522452413,0.3809023030812914,0.21064254916394992,17060,51.6,79.68,1.31,1.62,13.72,29.36,3.8,5.6,9.6,2.4,1.2,6.3,4.0,65378.0,9.5,90.5,30.9,7.9,0.4335,4.231979026831504
06045,Mendocino County,California,39216,13528,24049,0.3449612403100775,0.6132445940432476,-0.2682833537331701,90709,43.9,68.31,0.95,2.22,26.94,24.06,5.3,5.5,7.4,7.4,2.1,11.8,5.5,64688.0,10.7,86.2,24.9,11.6,0.4819,4.957650379192684
06047,Merced County,California,86392,43955,40190,0.5087855356977498,0.465205111584406,0.043580424113343785,285597,31.8,36.01,2.89,7.14,62.66,11.58,6.3,10.5,8.5,10.5,3.4,10.7,7.4,65044.0,15.2,71.9,14.8,26.1,0.4631,5.4557536411633505
06049,Modoc County,California,4016,2884,1008,0.7181274900398407,0.250996015936255,0.4671314741035857,8646,49.0,80.66,0.83,1.19,15.28,31.0,2.7,15.2,4.7,1.1,4.2,5.8,7.4,56648.0,11.3,87.9,23.0,6.6,0.4474,3.9368152311976328
06051,Mono County,California,6064,2294,3522,0.3782981530343008,0.5808047493403694,-0.2025065963060686,13169,40.3,74.08,0.09,2.25,26.68,16.43,1.4,3.7,7.5,6.5,0.5,5.5,4.4,86953.0,6.7,89.6,34.3,16.3,0.449,4.119552797667117
06053,Monterey County,California,146718,49226,93060,0.335514388145967,0.6342780026990553,-0.2987636145530883,435834,35.3,36.5,2.19,5.78,60.97,14.51,3.0,14.5,7.6,5.0,2.3,9.5,3.8,94486.0,9.2,73.3,27.9,28.8,0.4627,5.6393211071319245
06055,Napa County,California,65549,20357,43212,0.3105615646310394,0.659232024897405,-0.34867046026636556,136070,42.8,60.05,1.93,8.01,35.86,20.59,3.2,5.2,5.8,12.6,2.7,10.1,4.0,108970.0,5.6,84.7,38.5,22.1,0.4839,5.133762384787346
06057,Nevada County,California,62132,26177,33784,0.4213126891135003,0.543745573939355,-0.12243288482585468,102452,50.3,85.73,0.31,1.78,10.47,28.88,2.5,2.1,9.1,5.8,1.1,11.9,4.2,84905.0,6.4,95.1,39.5,6.5,0.4799,5.010520440828826
06059,Orange County,California,1390965,654815,691731,0.4707631033131674,0.497302951548026,-0.02653984823485861,3164063,39.1,46.41,1.64,21.94,34.15,15.77,3.5,0.7,6.0,11.8,3.1,10.1,4.2,113702.0,6.6,86.9,43.4,29.9,0.4655,6.500245122196047
06061,Placer County,California,234809,123941,103958,0.5278375190048081,0.4427343074584023,0.08510321154640582,412435,42.4,72.5,1.65,9.0,15.38,20.18,2.7,0.6,7.5,6.0,2.0,10.1,4.9,114678.0,4.6,94.9,42.9,12.2,0.4452,5.615355513211589
06063,Plumas County,California,10067,5725,4020,0.5686897784841561,0.3993245256779577,0.16936525280619846,19607,52.1,87.07,1.36,0.87,10.02,29.83,4.6,7.8,8.5,10.0,1.1,9.5,6.8,64946.0,6.0,94.0,20.5,3.6,0.4644,4.292411148837825
06065,Riverside County,California,940405,463677,451782,0.4930609684125456,0.4804121628447318,0.012648805567813781,2449909,36.7,42.17,6.48,7.04,50.6,15.15,4.0,1.3,9.3,8.1,2.7,12.1,7.7,89672.0,8.5,83.3,25.1,21.6,0.4421,6.389149953127051
06067,Sacramento County,California,656626,252140,381564,0.3839933234443961,0.5810979157084855,-0.19710459226408938,1584047,37.2,47.16,9.53,17.49,23.97,14.93,4.1,0.8,7.2,5.7,2.2,10.6,6.6,88724.0,9.1,88.4,33.3,21.4,0.4452,6.199768063325336
06069,San Benito County,California,27649,11702,15179,0.4232341133494882,0.5489891135303266,-0.12575500018083846,66056,35.9,45.15,1.03,3.46,61.74,13.47,4.0,6.9,10.4,11.1,3.6,9.8,6.1,108289.0,5.8,83.2,22.4,19.3,0.4193,4.819912271587856
06071,San Bernardino County,California,761714,378416,362114,0.4967953851445555,0.4753936516855407,0.021401733459014805,2187816,34.4,39.11,8.01,8.13,54.56,12.3,4.4,0.7,8.1,7.6,3.0,12.3,12.0,82184.0,10.7,82.1,22.9,21.4,0.4387,6.340010794103402
06073,San Diego County,California,1477786,593270,841372,0.4014586685758289,0.5693463058927342,-0.16788763731690526,3282782,37.1,53.01,4.71,12.22,34.34,15.04,3.9,0.7,6.4,10.0,1.9,10.0,4.5,102285.0,6.9,89.0,42.1,22.5,0.4594,6.516242043454113
06075,San Francisco County,California,402964,62594,323719,0.155333975243446,0.8033447156569817,-0.6480107404135358,836321,39.7,40.49,5.09,34.97,15.93,17.17,3.9,0.2,3.2,5.1,1.5,8.1,4.7,141446.0,5.7,88.8,60.1,34.2,0.5181,5.9223730020456
06077,San Joaquin County,California,263671,128996,126647,0.4892308975958676,0.4803220680317517,0.008908829564115872,787416,35.2,37.09,6.99,17.86,42.23,13.27,4.5,4.4,8.5,9.8,2.5,11.7,9.0,88531.0,9.7,80.4,21.6,24.5,0.4437,5.896204235246073
06079,San Luis Obispo County,California,150766,64932,81314,0.4306806574426595,0.5393391082870144,-0.10865845084435488,281486,40.2,72.38,1.13,3.71,24.51,21.57,2.9,3.3,7.6,8.0,1.5,10.8,4.8,93398.0,6.3,91.8,39.2,9.6,0.474,5.449456799635163
06081,San Mateo County,California,330510,76616,242957,0.2318114429215454,0.7350972739100179,-0.5032858309884725,745100,40.6,40.69,2.22,30.79,24.88,17.3,3.0,0.7,5.5,7.6,1.7,8.6,5.8,156000.0,3.8,90.3,53.1,35.6,0.4956,5.872214563397586
06083,Santa Barbara County,California,184715,64870,114149,0.3511896705735863,0.6179736350594158,-0.26678396448582953,443975,34.5,54.26,1.68,5.33,47.62,16.21,3.8,8.1,6.8,7.1,1.9,9.6,3.7,95977.0,7.6,82.1,35.9,22.1,0.4915,5.647358515908025
06085,Santa Clara County,California,750433,210924,510744,0.2810697290764132,0.680599067471713,-0.39952933839529975,1903297,37.9,33.2,2.38,39.49,25.09,14.39,3.0,0.5,5.0,16.5,1.5,8.1,3.2,159674.0,4.2,89.3,55.9,41.0,0.4739,6.279506563062025
06087,Santa Cruz County,California,134135,27978,100998,0.2085809072948894,0.7529578409811011,-0.5443769336862117,266021,39.6,62.83,0.96,4.74,35.0,18.34,3.6,4.6,7.2,7.8,2.2,9.8,4.0,109266.0,5.8,88.5,43.6,17.7,0.4826,5.424915921684193
06089,Shasta County,California,88900,59539,27130,0.6697300337457818,0.3051743532058493,0.3645556805399325,181554,41.7,80.18,0.89,3.41,11.35,21.25,3.5,2.2,7.9,5.3,2.0,12.5,5.5,71931.0,7.8,92.1,23.3,4.9,0.4641,5.259005821735778
06091,Sierra County,California,1754,1066,641,0.6077537058152793,0.3654503990877993,0.24230330672748002,2731,56.0,90.41,0.29,0.0,9.59,34.49,6.1,18.0,13.9,11.1,0.0,0.7,8.4,60000.0,9.1,91.4,24.4,2.3,0.5091,3.4363217001397333
06093,Siskiyou County,California,21489,12461,8329,0.5798780771557541,0.3875936525664293,0.19228442458932482,43834,47.4,79.44,1.68,1.62,13.13,27.15,3.9,7.5,7.8,5.9,1.8,11.8,4.6,55499.0,11.6,91.1,23.1,5.9,0.4701,4.6418111032951535
06095,Solano County,California,189834,70345,113997,0.3705605950461982,0.600508865640507,-0.22994827059430878,450824,39.1,42.75,12.89,15.9,28.98,16.92,3.6,1.1,8.3,8.6,1.9,11.7,6.8,99994.0,7.1,88.9,28.4,20.5,0.4235,5.65400702802651
06097,Sonoma County,California,251426,63426,179600,0.2522650799837725,0.7143254874197577,-0.46206040743598514,485642,42.7,64.55,1.55,4.44,29.44,20.96,3.3,2.6,9.3,10.2,2.2,11.0,3.8,102840.0,4.8,88.9,37.8,16.6,0.4574,5.686316238980447
06099,Stanislaus County,California,197472,106986,85347,0.5417780748663101,0.4321979824987846,0.10958009236752553,552250,34.8,50.09,2.84,5.98,49.21,13.56,4.8,5.0,8.9,12.3,2.7,11.4,7.6,79661.0,10.5,80.1,19.1,20.5,0.4389,5.7421357245434725
06101,Sutter County,California,39336,25372,13016,0.6450071181614806,0.3308928208257067,0.3141142973357739,98971,36.4,50.33,1.73,17.48,32.39,16.09,4.2,8.3,9.0,6.6,2.7,12.4,6.5,75450.0,12.0,78.8,20.2,22.3,0.4503,4.995507958385526
06103,Tehama County,California,26532,18503,7415,0.6973842906678728,0.2794738429066787,0.41791044776119407,65520,40.1,69.31,0.87,1.83,28.17,19.96,3.6,8.7,6.9,8.9,1.0,11.6,7.3,61834.0,10.5,86.3,18.8,10.8,0.5054,4.816373888752362
06105,Trinity County,California,5645,2979,2449,0.5277236492471213,0.4338352524357838,0.09388839681133754,15886,54.8,80.46,0.93,2.44,5.89,29.35,2.3,10.1,15.6,2.6,0.3,10.8,6.6,53498.0,6.9,94.8,18.0,6.3,0.5035,4.201014558213372
06107,Tulare County,California,138271,81854,53221,0.5919824113516211,0.3849035589530704,0.20707885239855073,475774,31.9,42.63,1.5,3.52,66.05,11.74,5.4,14.9,6.6,8.3,2.5,10.5,5.7,69489.0,14.7,74.4,15.8,21.9,0.4401,5.677400705113908
06109,Tuolumne County,California,28810,17210,10909,0.5973620270739327,0.3786532454009024,0.21870878167303032,54873,48.8,82.57,1.73,1.3,13.21,27.7,3.9,2.6,9.3,5.4,1.3,10.2,5.8,72259.0,7.2,93.5,23.9,5.1,0.4436,4.739358704461245
06111,Ventura County,California,387595,158901,217424,0.4099665888362853,0.5609566686876766,-0.1509900798513913,838259,39.4,58.59,1.84,7.22,43.84,16.86,3.5,4.8,6.4,10.2,2.6,10.3,4.0,107327.0,6.3,85.3,35.7,21.9,0.4492,5.923378224945301
06113,Yolo County,California,92589,27844,61405,0.3007268682024862,0.6631997321496074,-0.3624728639471212,217782,32.3,54.8,2.7,14.9,33.22,13.28,3.3,3.2,5.8,5.6,1.8,9.3,5.3,88818.0,7.3,88.4,44.1,21.6,0.4857,5.338021981830587
06115,Yuba County,California,30070,18491,10725,0.6149318257399401,0.3566677751912205,0.2582640505487196,83079,33.9,60.46,3.7,7.66,29.96,13.11,4.1,4.1,7.6,7.1,2.3,12.0,6.6,73313.0,11.8,84.7,17.9,11.0,0.4499,4.919491260406446
08001,Adams County,Colorado,233336,103024,124056,0.4415263825556279,0.5316624952857681,-0.09013611273014022,524408,34.6,60.19,3.48,4.06,42.26,11.03,3.3,1.8,11.8,8.0,3.2,11.3,8.2,91387.0,7.0,85.0,28.0,15.5,0.4098,5.719669308360064
08003,Alamosa County,Colorado,7519,4057,3244,0.5395664317063439,0.43144035111052,0.1081260805958239,16515,33.1,61.62,1.84,0.51,47.84,14.75,1.6,8.5,5.9,3.2,0.6,8.7,3.8,51445.0,13.4,89.1,29.3,4.2,0.4882,4.217878578027433
08005,Arapahoe County,Colorado,325451,125311,190725,0.3850379934306547,0.5860329204703627,-0.200994927039708,655709,37.3,61.87,10.84,5.99,21.18,14.04,3.3,0.8,7.6,5.9,2.3,10.0,6.5,97215.0,5.7,92.0,45.7,16.0,0.4553,5.816711144660129
08007,Archuleta County,Colorado,9355,5218,3904,0.5577765900587921,0.4173169428113308,0.1404596472474613,13730,52.2,80.4,0.01,0.35,16.42,27.68,1.0,6.5,12.0,2.1,0.0,12.5,4.6,76524.0,4.8,95.3,40.7,3.7,0.4248,4.1376705372367555
08009,Baca County,Colorado,2004,1686,275,0.8413173652694611,0.1372255489021956,0.7040918163672655,3460,43.0,89.94,0.32,2.51,10.69,25.03,0.7,22.9,8.4,2.3,0.5,7.2,6.0,40380.0,20.1,85.8,24.1,4.1,0.481,3.5390760987927767
08011,Bent County,Colorado,2189,1496,645,0.6834170854271356,0.2946550936500685,0.38876199177706716,5524,41.7,70.17,3.48,0.8,32.22,18.81,1.6,11.4,8.4,6.9,0.6,8.2,8.8,49194.0,23.6,81.2,14.2,2.8,0.4413,3.7422536699065936
08013,Boulder County,Colorado,196150,40758,150149,0.2077899566658169,0.7654804996176395,-0.5576905429518226,328317,37.5,80.65,0.84,4.72,14.6,15.8,3.1,1.0,5.2,10.0,1.5,9.5,3.0,102772.0,4.3,95.5,63.9,10.0,0.4898,5.516293370743491
08014,Broomfield County,Colorado,46817,16071,29426,0.3432727428070999,0.6285323707200376,-0.28525962791293774,75110,38.8,78.88,1.28,6.81,13.82,15.12,2.3,0.6,3.9,11.0,2.1,8.5,3.6,121025.0,2.1,96.1,58.6,10.5,0.4008,4.8756977619802075
08015,Chaffee County,Colorado,14416,6034,7992,0.4185627081021087,0.5543840177580466,-0.13582130965593786,19876,47.6,88.75,1.1,0.74,9.73,25.8,2.9,1.6,11.0,2.8,1.9,8.8,5.0,70909.0,7.1,94.6,45.4,2.8,0.4481,4.298328988073495
08017,Cheyenne County,Colorado,1055,930,108,0.8815165876777251,0.1023696682464455,0.7791469194312797,1732,43.0,83.43,1.1,0.29,12.64,19.86,1.3,22.9,10.2,0.5,2.4,7.2,7.0,67768.0,9.6,91.7,24.4,9.0,0.4029,3.238547887681328
08019,Clear Creek County,Colorado,6101,2452,3464,0.4019013276512047,0.5677757744632027,-0.16587444681199803,9358,49.2,88.77,1.39,1.13,7.57,22.13,2.9,4.1,6.3,6.1,1.4,10.5,3.5,96667.0,3.4,94.6,56.3,4.3,0.4506,3.9711830408561615
08021,Conejos County,Colorado,4104,2358,1627,0.5745614035087719,0.3964424951267056,0.17811890838206634,7536,38.8,61.36,0.16,0.33,50.07,20.41,2.8,12.6,11.6,3.7,1.9,8.4,5.9,47209.0,11.9,89.1,23.3,4.6,0.4422,3.8771408897848207
08023,Costilla County,Colorado,2080,850,1155,0.4086538461538461,0.5552884615384616,-0.14663461538461547,3571,50.7,52.37,3.5,1.18,55.59,27.47,2.0,8.9,10.6,0.6,2.7,7.8,6.5,36519.0,21.1,89.7,27.8,6.3,0.5167,3.552789850192782
08025,Crowley County,Colorado,1706,1231,422,0.7215709261430246,0.2473622508792497,0.47420867526377497,5734,39.6,66.95,5.96,1.71,28.67,14.04,1.9,7.5,11.5,7.6,0.3,12.5,4.9,47563.0,16.8,82.9,12.7,1.7,0.47,3.7584576886104655
08027,Custer County,Colorado,3867,2583,1188,0.6679596586501164,0.3072148952676493,0.36074476338246714,5073,58.6,93.77,0.0,1.12,1.81,30.38,2.7,6.2,9.5,5.6,0.5,11.1,4.9,72700.0,5.5,96.5,35.3,2.6,0.4141,3.7052648623174043
08029,Delta County,Colorado,19476,12948,6030,0.6648182378311769,0.3096118299445471,0.35520640788662977,31353,48.4,86.74,0.8,0.61,14.23,27.75,1.5,11.1,11.2,7.7,2.3,11.3,4.7,58330.0,10.8,91.0,25.7,3.7,0.4751,4.496279102458945
08031,Denver County,Colorado,363076,74765,278634,0.2059210743756128,0.7674261036256872,-0.5615050292500744,713734,35.2,62.86,8.8,3.62,27.94,12.28,3.4,0.9,6.5,5.8,2.1,8.4,5.1,91681.0,7.7,91.4,55.6,13.8,0.4883,5.853536385646765
08033,Dolores County,Colorado,1419,1076,325,0.7582804792107117,0.2290345313601127,0.5292459478505991,2385,57.2,79.5,0.0,0.0,12.41,37.23,1.5,9.8,8.8,2.0,2.4,3.7,1.7,70490.0,9.3,96.2,24.7,1.2,0.4517,3.3774883833761327
08035,Douglas County,Colorado,243758,127451,110408,0.5228587369440183,0.4529410316789602,0.06991770526505808,368283,39.5,81.74,1.44,5.56,9.89,13.39,2.6,1.1,5.6,6.8,2.5,9.9,3.8,145737.0,2.1,98.0,60.9,8.2,0.3998,5.566181672217416
08037,Eagle County,Colorado,27798,10148,16943,0.3650622346931434,0.6095042808835168,-0.2444420461903734,55374,39.3,72.04,0.95,1.28,30.21,14.29,3.1,1.9,12.3,2.3,2.0,12.2,3.7,103174.0,4.6,93.2,50.3,16.0,0.5153,4.743305896370569
08039,Elbert County,Colorado,20417,15209,4768,0.7449184503110153,0.2335308811284713,0.511387569182544,27152,44.8,85.73,0.53,0.88,8.61,18.12,2.0,3.7,12.5,8.3,2.2,9.8,5.3,129477.0,4.0,96.8,35.2,3.0,0.4092,4.4338018249736
08041,El Paso County,Colorado,380813,203933,166597,0.5355200584013676,0.4374771869657811,0.09804287143558654,736008,35.0,72.65,5.95,2.84,18.33,13.67,3.4,0.6,7.7,6.1,1.4,11.1,4.6,87470.0,5.5,95.1,41.1,6.8,0.4284,5.866882534904038
08043,Fremont County,Colorado,25467,17313,7526,0.679820944752032,0.2955196921506263,0.38430125260140574,49394,44.9,86.77,3.77,0.85,12.96,22.42,1.9,2.6,9.4,6.2,0.6,9.3,5.1,61027.0,9.2,90.6,21.0,2.2,0.4645,4.693674197402408
08045,Garfield County,Colorado,30372,14493,15128,0.4771829316475701,0.4980903463716581,-0.020907414724088025,62034,37.2,72.46,0.57,0.89,32.03,14.23,2.7,3.0,13.1,3.4,2.3,10.6,5.8,86172.0,7.0,88.4,33.4,14.1,0.4352,4.79262978570985
08047,Gilpin County,Colorado,4129,1729,2254,0.418745458948898,0.5458948898038266,-0.12714943085492864,5877,48.7,88.45,1.11,0.6,7.03,20.08,2.1,0.1,7.8,7.1,0.4,5.9,3.8,88654.0,4.7,94.1,48.4,5.2,0.4624,3.7691556907143986
08049,Grand County,Colorado,9883,4822,4743,0.4879085297986441,0.4799150055651118,0.007993524233532279,15794,45.5,81.2,0.36,0.27,9.96,19.98,3.1,6.4,12.7,2.0,0.6,10.8,7.1,84558.0,2.2,94.4,41.8,3.4,0.4427,4.198492133677044
08051,Gunnison County,Colorado,10939,3689,6887,0.3372337507998903,0.629582228722918,-0.2923484779230277,17158,37.0,89.6,1.05,0.79,9.86,14.51,2.7,3.8,11.0,2.1,1.1,8.8,4.7,77358.0,4.7,98.3,59.3,2.9,0.4512,4.234466663490261
08053,Hinsdale County,Colorado,606,332,257,0.5478547854785478,0.4240924092409241,0.1237623762376237,939,54.8,86.9,2.02,0.0,3.09,34.4,0.9,2.0,8.9,7.1,0.0,9.2,4.2,64327.0,0.0,100.0,47.1,0.6,0.3944,2.972665592266111
08055,Huerfano County,Colorado,4438,2346,1965,0.5286164939161785,0.4427670121676431,0.0858494817485354,6946,55.1,85.11,0.0,0.27,30.82,33.98,4.6,3.3,6.9,6.5,0.2,10.7,1.6,52139.0,11.5,92.9,27.1,0.5,0.5227,3.8417347789747436
08057,Jackson County,Colorado,834,634,173,0.7601918465227818,0.2074340527577937,0.5527577937649881,1422,51.5,89.66,1.05,0.0,13.29,32.7,5.5,16.4,13.0,1.7,0.0,6.4,10.9,41809.0,14.8,84.4,27.5,1.1,0.5182,3.1528995963937474
08059,Jefferson County,Colorado,361504,140505,210875,0.388667898557139,0.5833268788173851,-0.19465898026024608,579715,40.4,81.96,1.13,2.84,15.9,17.44,2.7,1.3,7.5,7.3,2.4,10.3,4.3,107800.0,3.7,95.5,50.7,6.1,0.4311,5.763214537791762
08061,Kiowa County,Colorado,863,744,102,0.8621089223638471,0.1181923522595596,0.7439165701042875,1356,43.9,93.22,0.0,0.0,9.81,21.68,0.0,21.8,8.9,3.1,0.4,7.0,6.1,56389.0,7.6,90.9,20.6,3.5,0.4352,3.1322596895310446
08063,Kit Carson County,Colorado,3698,3083,556,0.8336938885884262,0.1503515413737155,0.6833423472147107,7015,39.0,80.63,0.06,0.37,19.71,19.87,1.8,21.2,8.2,3.9,3.0,10.7,5.4,59810.0,7.0,89.0,18.4,6.9,0.4819,3.846027675364379
08065,Lake County,Colorado,3911,1557,2199,0.3981079007926361,0.5622602914855536,-0.16415239069291748,7411,36.9,67.68,0.09,0.23,35.16,13.16,1.8,5.8,12.0,2.1,2.1,6.8,7.0,93655.0,5.6,91.9,46.1,11.8,0.3975,3.8698768132667665
08067,La Plata County,Colorado,35681,14024,20677,0.3930383117065105,0.579496090356212,-0.18645777864970148,56088,42.3,83.36,0.19,0.8,12.75,19.95,2.0,3.0,8.7,3.3,2.1,13.2,4.0,85296.0,8.0,96.4,47.3,2.5,0.4327,4.748869954103833
08069,Larimer County,Colorado,225482,89680,129376,0.3977257608146105,0.5737752902670723,-0.17604952945246183,363561,36.6,84.05,1.01,2.11,12.7,16.85,3.0,1.6,7.2,10.0,2.0,10.4,3.4,91364.0,4.6,96.6,51.7,5.4,0.4522,5.560577289310044
08071,Las Animas County,Colorado,7792,4328,3276,0.555441478439425,0.4204312114989733,0.13501026694045176,14392,46.5,71.47,1.72,1.37,39.01,25.59,2.9,7.4,7.8,3.1,1.1,13.6,5.5,50408.0,10.8,89.6,17.3,3.4,0.4626,4.158121150337495
08073,Lincoln County,Colorado,2571,2090,432,0.8129132633216647,0.1680280046674445,0.6448852586542202,5561,40.7,83.56,5.66,0.0,14.87,17.78,0.8,11.2,10.1,1.6,1.5,19.0,3.7,54257.0,3.2,88.1,25.7,4.0,0.489,3.7451528950769
08075,Logan County,Colorado,10162,7855,2098,0.7729777602834088,0.2064554221609919,0.5665223381224169,21067,39.1,82.85,1.59,0.53,16.76,18.64,3.3,8.3,9.4,3.9,1.8,13.6,6.9,55074.0,9.1,89.4,18.9,4.7,0.4319,4.323602695256489
08077,Mesa County,Colorado,91600,55839,33573,0.6095960698689956,0.3665174672489083,0.2430786026200873,157316,40.8,84.74,0.58,0.94,15.23,20.43,3.1,3.7,9.7,5.9,2.1,12.4,5.5,71485.0,7.3,92.4,30.6,4.1,0.4446,5.196772895276403
08079,Mineral County,Colorado,753,417,317,0.5537848605577689,0.4209827357237716,0.13280212483399728,799,53.7,90.86,0.0,0.88,2.38,29.66,4.4,1.8,18.7,0.0,0.0,10.4,1.3,52455.0,4.0,97.8,54.5,1.1,0.479,2.902546779313991
08081,Moffat County,Colorado,6671,5358,1167,0.8031779343426773,0.1749362914105831,0.6282416429320942,13258,37.9,85.13,0.13,0.3,16.43,16.15,2.6,12.0,12.4,3.4,1.3,10.9,8.8,70975.0,10.8,91.5,21.0,4.9,0.4294,4.122478014681511
08083,Montezuma County,Colorado,15136,8972,5793,0.5927589852008457,0.3827299154334038,0.2100290697674419,26204,44.5,77.81,1.23,0.92,12.38,23.9,2.5,6.2,8.3,3.4,2.0,12.4,4.2,63005.0,6.8,91.0,30.8,3.2,0.4397,4.418367590759902
08085,Montrose County,Colorado,25617,16704,8354,0.6520669867666004,0.3261115665378459,0.32595542022875446,43272,45.7,81.37,0.34,0.54,21.25,25.35,2.4,3.7,13.6,6.4,2.1,13.4,5.8,66072.0,8.2,91.0,28.3,6.7,0.4502,4.636206968434008
08087,Morgan County,Colorado,13458,9830,3291,0.7304205676920791,0.2445385644226482,0.4858820032694309,29186,36.9,70.38,3.06,0.61,37.41,15.79,2.7,10.9,9.4,16.1,2.7,11.2,6.5,75407.0,9.8,84.6,17.6,12.2,0.4032,4.4651745781341585
08089,Otero County,Colorado,8925,5520,3164,0.6184873949579832,0.3545098039215686,0.2639775910364146,18460,40.9,70.99,1.02,0.73,41.7,21.0,2.6,6.0,7.5,8.7,1.4,9.8,4.7,54897.0,15.6,89.2,18.8,4.0,0.428,4.266231696689894
08091,Ouray County,Colorado,4098,1573,2442,0.3838457784285017,0.595900439238653,-0.21205466081015129,5024,55.6,89.95,2.01,0.4,4.74,35.47,1.8,2.7,10.1,3.7,0.5,10.5,6.2,84556.0,3.2,97.3,54.0,3.1,0.4344,3.70104963072914
08093,Park County,Colorado,12044,6828,4841,0.5669212886084357,0.4019428761208901,0.16497841248754563,17739,51.7,90.81,0.81,1.09,7.41,22.81,2.1,1.3,12.9,6.7,3.0,8.5,3.5,95450.0,3.5,97.3,38.8,2.3,0.4036,4.248929133718768
08095,Phillips County,Colorado,2354,1888,412,0.8020390824129142,0.1750212404418012,0.627017841971113,4491,40.3,81.74,0.0,0.13,27.03,17.99,0.5,18.2,9.7,3.8,7.0,6.5,5.6,60372.0,15.9,90.5,25.7,12.1,0.5301,3.652343055062715
08097,Pitkin County,Colorado,11167,2992,7932,0.2679323005283424,0.7103071550102982,-0.4423748544819558,17119,47.3,86.22,0.47,2.34,11.12,21.64,1.1,3.6,6.2,2.1,1.9,8.2,5.2,100318.0,3.2,97.0,64.0,10.9,0.6019,4.233478391931892
08099,Prowers County,Colorado,5144,3833,1227,0.7451399688958009,0.2385303265940902,0.5066096423017107,11931,38.5,70.38,0.7,0.54,39.81,18.63,2.9,13.9,7.4,4.7,1.5,9.2,6.5,57601.0,9.8,84.7,18.8,10.9,0.5185,4.076676845705642
08101,Pueblo County,Colorado,85107,43688,39328,0.513330278355482,0.4621006497702891,0.051229628585192866,168726,40.4,74.46,2.08,0.86,41.97,19.4,3.0,1.3,7.6,7.4,1.8,12.0,6.4,62250.0,11.6,90.5,25.0,3.9,0.4558,5.227182010784059
08103,Rio Blanco County,Colorado,3690,2988,637,0.8097560975609757,0.1726287262872628,0.6371273712737129,6518,39.1,85.46,0.09,0.35,10.51,16.86,2.6,12.2,8.8,1.1,0.2,10.7,9.1,72620.0,7.2,93.2,26.6,5.0,0.3633,3.8141143561291253
08105,Rio Grande County,Colorado,6194,3743,2306,0.6042944785276073,0.3722957701000968,0.23199870842751052,11394,43.2,74.5,0.44,0.1,40.64,22.08,4.8,10.6,6.2,4.7,3.8,8.7,7.4,62166.0,10.1,89.3,31.1,4.9,0.4723,4.056676215120661
08107,Routt County,Colorado,16335,5676,10208,0.3474747474747475,0.6249158249158249,-0.2774410774410774,24990,42.6,84.98,0.21,0.86,8.72,17.56,1.7,3.4,12.9,4.2,1.9,11.2,4.0,104803.0,3.8,96.5,52.1,6.0,0.4755,4.39776625612645
08109,Saguache County,Colorado,3400,1577,1704,0.4638235294117647,0.5011764705882353,-0.037352941176470644,6511,49.8,76.53,0.74,0.81,36.92,26.51,4.5,18.6,7.4,6.9,0.8,13.7,2.2,54283.0,14.9,88.3,30.7,7.9,0.5158,3.8136476953468965
08111,San Juan County,Colorado,588,188,376,0.3197278911564626,0.6394557823129252,-0.3197278911564626,690,42.2,87.54,0.0,0.0,16.23,20.72,4.9,1.2,6.7,7.2,0.0,21.4,1.0,73889.0,14.4,100.0,47.2,8.3,0.4054,2.838849090737255
08113,San Miguel County,Colorado,4804,1154,3529,0.2402164862614488,0.7345961698584513,-0.4943796835970026,8026,42.7,89.6,0.7,0.24,11.29,17.33,3.0,1.5,8.8,5.4,1.0,10.9,3.0,80117.0,3.2,98.3,65.2,7.5,0.5382,3.90449915539782
08115,Sedgwick County,Colorado,1358,1048,283,0.7717231222385862,0.2083946980854197,0.5633284241531665,2346,42.9,84.83,0.9,1.58,18.63,24.47,1.4,12.9,11.8,4.5,3.0,11.1,8.0,52833.0,14.1,91.2,27.4,4.8,0.4905,3.3703280077795106
08117,Summit County,Colorado,17542,5244,11762,0.2989396876068863,0.670505073537795,-0.3715653859309087,30857,39.2,79.47,0.37,1.57,16.91,15.36,2.5,2.7,8.3,4.1,1.3,11.9,3.5,106255.0,3.4,94.9,52.5,8.9,0.435,4.489353700509419
08119,Teller County,Colorado,16326,10856,5065,0.6649516109273551,0.3102413328433174,0.3547102780840377,24774,52.0,87.53,0.95,0.41,7.39,24.17,2.0,3.3,8.0,5.7,1.3,10.8,6.8,80666.0,3.5,96.2,37.8,2.1,0.4246,4.393996133258346
08121,Washington County,Colorado,2806,2436,329,0.8681397006414825,0.1172487526728439,0.7508909479686385,4839,41.2,88.57,1.2,0.39,11.32,21.91,2.0,17.4,6.3,4.7,4.5,5.8,9.9,65164.0,4.9,89.7,24.9,4.1,0.4373,3.684755622108624
08123,Weld County,Colorado,179854,106469,68752,0.5919746016213151,0.3822656154436376,0.20970898617767753,340711,35.2,76.0,1.45,1.66,30.47,12.69,3.3,4.9,10.3,10.9,2.8,10.3,5.6,93287.0,6.0,88.5,32.0,9.1,0.4199,5.532386155176866
08125,Yuma County,Colorado,4663,3807,758,0.8164271927943384,0.1625562942311816,0.6538708985631568,9921,39.6,80.01,0.12,0.27,28.85,17.69,3.6,19.9,6.2,1.3,2.0,16.3,8.2,60051.0,11.1,83.8,26.0,15.5,0.445,3.996555449633365
09110,Capitol Planning Region,Connecticut,474268,181038,285105,0.3817208835510723,0.6011474524952137,-0.21942656894414142,969029,40.2,65.82,12.45,5.87,17.38,17.7,3.5,0.4,5.1,10.8,2.2,10.5,5.4,91541.0,6.9,91.2,41.5,15.0,0.4684,5.986336774317551
09120,Greater Bridgeport Planning Region,Connecticut,137015,51519,83461,0.3760099259205196,0.6091376856548553,-0.23312775973433564,326296,40.0,59.06,12.58,5.28,26.06,15.77,4.9,0.3,7.1,8.7,2.2,11.5,4.7,87135.0,9.8,87.3,41.7,22.4,0.5198,5.5136117498878585
09130,Lower Connecticut River Valley Planning Region,Connecticut,104480,44318,58360,0.424176875957121,0.5585758039816233,-0.13439892802450232,174983,45.8,82.08,5.1,3.49,7.45,21.61,2.5,0.5,6.7,12.2,1.9,10.0,4.4,101117.0,3.7,95.2,45.5,8.1,0.4589,5.242995858030187
09140,Naugatuck Valley Planning Region,Connecticut,217520,115290,99237,0.5300202280250091,0.4562201176903273,0.07380011033468187,452303,41.9,66.98,11.21,4.02,19.19,18.72,4.0,0.3,6.6,12.0,1.9,11.2,4.7,86365.0,7.4,90.3,33.8,13.4,0.4615,5.65542946830998
09150,Northeastern Connecticut Planning Region,Connecticut,50962,29028,21165,0.5696008790863781,0.4153094462540717,0.15429143283230645,95829,43.9,88.61,1.8,1.36,5.05,19.05,4.1,1.6,7.0,15.0,1.7,13.2,6.9,87564.0,5.4,92.1,26.2,4.3,0.4053,4.981496956198462
09160,Northwest Hills Planning Region,Connecticut,64076,31944,31137,0.4985329920719146,0.4859385729446283,0.012594419127286316,112848,47.1,85.11,2.72,2.18,8.37,22.24,3.5,1.5,9.0,10.9,1.8,9.8,3.7,91035.0,5.9,94.1,39.4,8.7,0.4815,5.052493866500527
09170,South Central Connecticut Planning Region,Connecticut,264854,103087,156248,0.3892219864529136,0.5899401179517773,-0.20071813149886364,566803,40.2,63.95,13.97,4.42,19.1,18.19,3.9,0.2,5.6,10.4,1.8,9.8,4.5,86266.0,7.3,91.7,41.1,13.4,0.4783,5.753432140234557
09180,Southeastern Connecticut Planning Region,Connecticut,136954,58392,76146,0.426362136191714,0.5559969040699797,-0.12963476787826572,279025,41.0,76.24,5.48,3.74,14.67,19.05,3.1,0.6,6.2,14.6,1.4,10.7,3.8,84185.0,7.8,92.6,34.6,8.8,0.4425,5.445643116806342
09190,Western Connecticut Planning Region,Connecticut,308300,122302,181194,0.3966980214077197,0.5877197534868634,-0.19102173207914375,621232,41.5,64.08,10.33,5.36,19.94,17.02,3.7,0.2,6.6,7.9,2.4,9.9,3.5,124553.0,5.2,91.7,55.0,23.7,0.543,5.7932538183789335
10001,Kent County,Delaware,88141,42458,44222,0.4817054492234034,0.5017188368636616,-0.020013387640258173,185043,38.5,59.91,26.96,2.25,7.92,17.86,3.3,0.9,7.5,8.0,1.5,13.7,6.5,72872.0,8.6,90.2,26.7,7.2,0.4047,5.267272660796308
10003,New Castle County,Delaware,275917,90868,180700,0.3293309219801607,0.6549070916253801,-0.3255761696452194,573030,39.2,56.48,25.28,5.93,11.41,16.61,3.2,0.6,6.0,6.9,1.8,10.8,6.8,89901.0,6.7,92.6,39.2,12.3,0.4527,5.758177359303167
10005,Sussex County,Delaware,147639,81025,64836,0.5488048550857159,0.4391522565175868,0.10965259856812903,247799,51.4,75.58,10.46,1.23,11.21,29.48,2.8,2.1,9.8,8.4,1.8,12.0,5.1,78162.0,7.7,89.6,32.6,8.4,0.4564,5.394099549435693
11001,Ward 1,District of Columbia,40463,2056,36882,0.050811852803796,0.9114993945085634,-0.8606875417047675,672079,34.9,39.07,43.26,4.09,11.57,12.72,4.6,0.1,2.6,1.4,0.6,4.5,2.9,106287.0,10.7,92.8,63.6,13.3,0.5144,5.827420325505519
12001,Alachua County,Florida,136548,52939,81578,0.3876951694642177,0.5974309400357384,-0.20973577057152065,281751,32.2,62.68,19.36,5.89,12.21,14.95,2.6,1.1,4.2,4.2,1.6,9.6,2.9,59659.0,8.8,94.2,47.7,11.4,0.5203,5.449865466133268
12003,Baker County,Florida,14977,12926,1982,0.8630566869199439,0.132336248915003,0.7307204380049408,28186,38.1,78.19,11.67,0.82,3.72,15.09,2.4,0.8,11.6,6.6,2.1,10.4,7.6,70833.0,12.5,85.2,15.3,1.9,0.3976,4.450033447592529
12005,Bay County,Florida,97775,71497,25201,0.7312400920480695,0.2577448222960879,0.4734952697519816,181368,41.4,76.51,10.0,1.95,8.39,18.23,2.2,0.6,9.5,5.9,2.1,12.7,4.2,70188.0,8.3,90.8,28.0,8.0,0.4378,5.258560663929382
12007,Bradford County,Florida,13932,10920,2946,0.7838070628768303,0.2114556416881998,0.5723514211886305,27888,40.5,73.91,18.58,0.94,4.88,18.13,3.2,1.8,7.8,4.6,3.5,10.5,6.0,59740.0,12.6,82.7,15.0,2.3,0.4542,4.445417369765918
12009,Brevard County,Florida,361449,216533,141233,0.5990693016165489,0.3907411557370472,0.2083281458795017,620533,46.8,75.37,9.8,2.42,11.7,24.2,2.7,0.4,7.3,12.1,1.7,11.8,4.9,75817.0,6.8,93.1,33.5,9.5,0.4555,5.792764882267972
12011,Broward County,Florida,874526,358952,507328,0.410453205507898,0.5801176866096606,-0.16966448110176258,1946127,41.3,42.64,28.25,3.71,31.91,17.6,3.7,0.3,7.2,5.0,3.1,12.3,6.8,74534.0,9.4,90.3,35.8,36.2,0.4878,6.28917117796702
12013,Calhoun County,Florida,6428,5367,1021,0.8349408836341008,0.1588363410080896,0.6761045426260112,13593,41.8,76.6,11.61,0.74,5.04,17.86,1.8,3.3,10.4,5.5,1.5,11.4,5.7,46901.0,15.9,81.8,13.1,3.3,0.4688,4.133315316898848
12015,Charlotte County,Florida,123674,82480,40450,0.6669146303992756,0.3270695538269967,0.33984507657227886,195083,60.0,84.67,5.29,1.31,7.83,40.43,2.4,0.6,10.9,4.7,3.1,14.4,4.5,66154.0,6.6,92.2,25.3,9.8,0.4496,5.290219425581758
12017,Citrus County,Florida,98233,71356,26276,0.7263954068388423,0.2674864862113546,0.45890892062748767,158693,56.9,88.78,2.23,1.37,6.51,36.33,2.7,1.1,9.2,5.3,1.7,15.3,5.7,55355.0,11.1,90.9,20.4,5.7,0.4833,5.200557770306069
12019,Clay County,Florida,126806,87711,37926,0.6916943993186442,0.2990867940002839,0.3926076053183603,223436,40.2,71.91,11.38,2.95,11.05,16.8,2.3,0.5,7.9,4.5,2.3,13.4,7.7,86094.0,6.9,93.3,28.7,6.3,0.4043,5.349153147928013
12021,Collier County,Florida,216363,143267,71720,0.6621603508917884,0.3314799665377167,0.33068038435407165,387681,53.1,69.47,6.59,1.49,27.46,33.56,2.1,1.5,10.8,4.6,2.0,12.2,3.7,86173.0,6.8,90.0,39.5,24.2,0.5334,5.58847451703157
12023,Columbia County,Florida,33592,25108,8250,0.747439866634913,0.2455941890926411,0.5018456775422719,70755,40.7,72.82,16.48,0.93,7.43,19.99,3.3,2.4,9.3,5.3,2.1,13.5,7.0,55070.0,11.3,85.5,16.3,4.0,0.456,4.849757135301383
12027,DeSoto County,Florida,12488,8888,3525,0.7117232543241512,0.2822709801409353,0.42945227418321585,34719,42.8,67.69,12.85,0.03,29.76,23.77,4.1,10.2,17.1,1.4,1.5,11.3,3.9,50868.0,17.8,73.0,11.0,12.7,0.4307,4.540567207842695
12029,Dixie County,Florida,8148,6920,1183,0.8492881688757977,0.1451890034364261,0.7040991654393716,16952,45.8,85.11,6.6,0.43,4.48,23.64,2.2,4.3,7.5,5.6,2.1,18.2,4.6,47655.0,12.1,82.3,8.1,3.0,0.4275,4.229220943702738
12031,Duval County,Florida,471268,236285,229365,0.5013813795971719,0.4866975903307672,0.014683789266404679,1007189,36.7,52.77,28.92,4.8,11.75,14.98,2.9,0.2,7.3,5.2,2.4,12.3,7.5,68447.0,10.7,91.0,33.1,11.9,0.4713,6.003110973984846
12033,Escambia County,Florida,162754,96407,64601,0.5923479607260037,0.3969241923393588,0.19542376838664494,323275,38.1,64.36,21.15,2.88,6.62,17.65,3.4,0.6,7.6,4.7,1.7,12.5,5.1,65715.0,10.6,90.5,28.9,5.7,0.4546,5.509572120380637
12035,Flagler County,Florida,79963,51014,28431,0.6379700611532834,0.3555519427735327,0.28241811837975067,121710,52.6,77.2,9.38,2.32,11.17,31.08,1.8,0.2,7.5,5.1,2.2,13.4,6.6,72923.0,6.7,93.1,30.4,12.7,0.4645,5.0853262624239886
12037,Franklin County,Florida,6758,4831,1870,0.7148564664101805,0.2767090855282628,0.43814738088191774,12418,49.2,80.0,10.91,0.31,5.44,26.23,3.2,4.0,12.6,2.5,0.9,13.2,3.1,62734.0,12.4,83.1,25.3,4.1,0.461,4.094051655509965
12039,Gadsden County,Florida,21868,7495,14203,0.3427382476678251,0.6494878361075545,-0.3067495884397293,43642,42.0,33.86,55.06,0.14,11.87,19.44,2.1,4.3,8.4,3.7,2.5,9.3,7.7,46047.0,21.1,81.3,20.1,4.9,0.4631,4.6399046449653625
12041,Gilchrist County,Florida,10686,8931,1662,0.8357664233576643,0.1555306007860752,0.6802358225715891,18494,42.7,89.09,3.2,0.23,7.45,20.21,1.6,6.3,11.5,5.7,1.1,13.2,6.1,61070.0,8.3,85.5,14.5,4.7,0.4959,4.267030853292765
12043,Glades County,Florida,5279,4034,1222,0.7641598787649176,0.2314832354612616,0.532676643303656,12324,45.8,64.32,15.11,0.35,25.06,26.56,2.4,9.8,15.8,9.9,2.3,15.1,8.4,38905.0,19.1,72.4,12.7,11.5,0.4836,4.090751689644903
12045,Gulf County,Florida,8697,6684,1970,0.7685408761641945,0.2265148901920202,0.5420259859721743,14772,47.3,79.07,14.05,0.45,4.44,23.48,1.4,3.4,12.1,3.7,1.3,11.2,5.5,67361.0,10.2,86.7,24.5,3.6,0.4696,4.169439298978941
12047,Hamilton County,Florida,5733,3964,1727,0.6914355485784057,0.301238444095587,0.39019710448281875,13445,40.6,58.68,32.18,0.49,10.99,19.59,2.9,7.6,3.9,4.7,1.4,18.2,7.8,47696.0,18.0,78.3,11.2,4.9,0.4362,4.12856080655932
12049,Hardee County,Florida,8143,6336,1751,0.7780916124278522,0.2150313152400835,0.5630602971877687,25508,35.9,61.41,6.53,1.11,42.0,16.3,3.5,14.0,9.9,5.8,0.2,13.5,7.5,54231.0,20.5,78.4,12.3,10.7,0.5011,4.406676408315217
12051,Hendry County,Florida,13460,9253,4096,0.687444279346211,0.3043090638930163,0.3831352154531947,40798,35.7,55.23,10.77,1.05,56.56,13.58,2.7,16.5,12.5,6.2,3.1,11.2,4.3,53044.0,17.3,69.5,10.7,28.3,0.4605,4.610638873622884
12053,Hernando County,Florida,110687,75446,34431,0.6816157272308401,0.3110663402206221,0.370549387010218,201512,48.1,78.71,5.0,1.38,16.05,26.56,3.0,0.8,9.5,5.5,1.9,14.6,5.4,63193.0,9.1,90.1,20.4,7.8,0.4246,5.304300913398254
12055,Highlands County,Florida,51905,36382,15227,0.7009343993834891,0.2933628744822271,0.40757152490126203,103808,54.2,72.61,9.4,1.5,21.49,35.93,2.5,3.7,10.6,4.3,1.8,12.6,3.9,55581.0,11.4,86.4,19.7,10.8,0.4601,5.016230823859025
12057,Hillsborough County,Florida,671981,342017,321455,0.5089682595192424,0.4783691800809844,0.030599079438258014,1489634,37.8,54.81,16.4,4.42,29.66,14.84,2.9,1.0,7.9,5.4,2.5,11.0,5.6,75011.0,9.6,89.6,37.2,19.2,0.4829,6.173079576260704
12059,Holmes County,Florida,9116,8193,882,0.8987494515138219,0.096752961825362,0.8019964896884599,19626,42.4,84.84,6.67,0.45,3.55,20.21,2.1,4.1,10.7,6.6,2.9,14.0,4.5,48236.0,10.9,84.2,12.1,2.2,0.434,4.292831794508626
12061,Indian River County,Florida,99015,62737,35654,0.6336110690299449,0.3600868555269403,0.2735242135030046,163856,55.0,77.27,8.06,1.5,13.43,34.19,2.5,1.7,8.5,5.0,1.9,12.7,4.1,71049.0,7.8,92.0,33.4,9.9,0.5015,5.214462348795492
12063,Jackson County,Florida,22098,16074,5892,0.7273961444474613,0.2666304642954114,0.4607656801520499,47652,42.9,66.62,25.41,0.6,5.1,20.9,2.1,4.4,8.7,4.7,1.0,9.7,5.5,47327.0,13.1,83.2,14.6,2.1,0.4523,4.678081133111508
12065,Jefferson County,Florida,8502,5011,3429,0.5893907315925665,0.4033168666196189,0.1860738649729476,14713,47.0,62.79,30.14,0.7,4.78,24.5,3.4,2.2,5.7,3.3,2.4,15.6,5.5,56984.0,16.3,87.8,18.8,2.7,0.4602,4.167701234971368
12067,Lafayette County,Florida,3756,3296,441,0.8775292864749734,0.1174121405750798,0.7601171458998937,8035,41.8,76.78,17.66,0.02,11.9,20.06,2.9,7.5,10.5,7.0,3.1,8.9,1.7,60692.0,15.0,80.0,7.9,5.4,0.3954,3.904985881099363
12069,Lake County,Florida,226781,140500,84546,0.6195404376909882,0.3728090095731123,0.2467314281178759,398696,46.7,70.62,10.12,2.1,17.94,26.63,2.7,1.1,10.2,4.4,2.4,13.2,5.0,69956.0,6.4,90.9,26.8,10.5,0.4287,5.600641878535126
12071,Lee County,Florida,392519,250661,139240,0.6385958386727776,0.3547344204993898,0.2838614181733878,792692,49.3,70.45,7.96,1.69,23.6,28.95,2.2,0.7,12.2,3.8,1.9,14.2,5.5,73099.0,7.9,90.4,30.8,17.9,0.4761,5.899104475232144
12073,Leon County,Florida,156800,60397,94520,0.3851849489795918,0.6028061224489796,-0.21762117346938775,295335,31.9,56.5,30.67,3.45,7.92,14.41,3.7,0.7,4.4,2.9,1.1,10.7,3.2,65074.0,9.8,93.7,48.6,7.3,0.4993,5.470314918032267
12075,Levy County,Florida,24377,18245,5994,0.7484514091151495,0.2458875169216884,0.5025638921934611,44276,47.1,82.23,8.37,0.88,9.86,24.98,1.9,3.0,11.8,5.9,1.7,14.0,6.5,53805.0,13.6,87.8,16.2,4.5,0.4683,4.646168378774083
12077,Liberty County,Florida,3490,2898,566,0.8303724928366762,0.1621776504297994,0.6681948424068769,7650,39.1,77.31,13.12,0.21,7.11,13.76,2.9,3.8,15.0,4.9,0.6,12.7,6.1,53824.0,17.4,79.0,15.8,3.3,0.4365,3.8836614351536176
12079,Madison County,Florida,9156,5874,3231,0.6415465268676278,0.3528833551769331,0.2886631716906947,18113,44.9,56.1,36.46,0.14,5.55,22.61,1.1,4.5,7.6,12.1,5.7,11.4,6.8,48176.0,13.0,80.6,12.5,3.2,0.4417,4.257990387119331
12081,Manatee County,Florida,228856,140486,86674,0.6138619918201839,0.3787272345929318,0.23513475722725208,416020,49.4,74.6,7.93,2.2,17.85,28.23,2.7,0.7,8.9,6.1,2.3,13.3,4.9,75792.0,6.5,91.0,34.3,13.4,0.4761,5.619114209667246
12083,Marion County,Florida,214101,140173,72436,0.654705022395972,0.3383263039406635,0.31637871845530846,387697,48.2,71.74,12.58,1.58,15.92,28.75,2.5,1.9,8.8,6.6,2.1,14.2,5.6,58535.0,10.2,89.6,22.4,8.9,0.4484,5.588492440448824
12085,Martin County,Florida,98291,64121,33539,0.6523588120987679,0.3412214750078847,0.3111373370908832,160464,53.2,80.89,5.03,1.42,15.39,31.78,2.4,1.7,10.3,5.5,1.7,11.5,5.7,80701.0,7.1,92.7,36.6,11.2,0.513,5.205377613968156
12086,Miami-Dade County,Florida,1094093,605590,480355,0.5535087053842772,0.4390440300778818,0.11446467530639542,2685296,40.8,36.9,15.45,1.56,68.77,16.84,2.8,0.7,8.7,4.5,3.1,10.7,8.9,68694.0,11.4,83.1,33.2,54.3,0.5134,6.428992164926185
12087,Monroe County,Florida,44327,26064,17933,0.5879937735465969,0.4045615539061971,0.1834322196403998,81840,48.9,72.57,7.42,1.17,23.96,24.3,2.0,1.6,9.1,2.7,1.6,9.5,7.4,82430.0,6.7,93.3,37.8,19.3,0.5207,4.912965620704104
12089,Nassau County,Florida,65621,47945,17143,0.730635010133951,0.2612425900245348,0.46939242010941623,94653,46.3,85.92,5.55,1.28,5.34,23.35,2.2,0.6,8.3,7.8,1.9,10.2,8.8,88900.0,7.1,92.3,34.5,3.9,0.4349,4.976134383358434
12091,Okaloosa County,Florida,113634,80309,32074,0.7067339000651214,0.2822570709470757,0.4244768291180457,214281,37.3,72.94,9.35,3.33,10.84,16.38,1.8,0.6,7.6,4.9,1.4,11.4,4.2,79097.0,6.5,93.4,34.2,8.3,0.4358,5.3309836644577215
12093,Okeechobee County,Florida,16058,12315,3671,0.7669074604558476,0.2286087931249221,0.5382986673309255,40249,40.7,72.65,8.1,0.94,25.54,20.06,2.9,6.1,10.6,3.8,2.2,12.7,5.6,52288.0,14.1,80.0,16.1,12.4,0.4611,4.604755094644832
12095,Orange County,Florida,607191,258279,340807,0.4253669767832527,0.5612846698979399,-0.1359176931146872,1440471,36.4,46.62,20.31,5.34,33.23,12.75,3.7,0.4,6.7,4.9,2.2,11.4,6.6,77011.0,9.8,90.0,38.4,23.5,0.479,6.15850451935593
12097,Osceola County,Florida,172776,86713,84205,0.5018810482937445,0.4873651433069407,0.014515904986803774,406943,37.0,43.42,11.01,2.9,55.02,13.39,3.4,0.3,9.0,4.6,1.9,13.3,9.3,68711.0,10.5,88.6,28.3,25.0,0.4328,5.609533582397029
12099,Palm Beach County,Florida,745697,366836,372512,0.4919370736371475,0.499548744329131,-0.007611670691983485,1507453,45.4,57.38,18.48,2.84,23.79,24.6,3.2,0.9,8.5,4.4,2.5,11.9,5.5,81115.0,7.5,89.1,39.6,26.9,0.5188,6.178243780408308
12101,Pasco County,Florida,318463,197779,117450,0.6210423188879085,0.3688026552535145,0.252239663634394,588758,43.7,75.08,6.15,3.1,17.71,22.02,2.8,0.6,8.9,4.4,2.1,14.0,5.2,67384.0,7.8,91.2,28.0,11.7,0.4601,5.769936821338227
12103,Pinellas County,Florida,517058,269472,242452,0.5211639699994971,0.4689067764157986,0.052257193583698514,960565,48.9,75.07,9.71,3.62,10.91,25.87,2.7,0.3,5.9,7.1,2.3,11.9,4.2,70293.0,7.0,92.6,35.8,12.2,0.4883,5.982526758251528
12105,Polk County,Florida,348922,209044,136879,0.5991138420621228,0.3922911137732788,0.20682272828884402,760961,39.6,59.84,14.78,1.77,27.73,19.66,2.5,1.1,8.5,6.0,2.3,13.9,7.9,63644.0,11.1,87.5,22.6,11.5,0.448,5.881362399321403
12107,Putnam County,Florida,36272,26700,9354,0.736104984561094,0.2578848698720776,0.4782201146890164,74235,45.0,73.05,15.29,0.6,10.9,23.54,3.4,4.0,13.2,9.0,1.1,12.9,7.4,47256.0,17.8,82.2,14.1,4.7,0.4757,4.870608712866837
12109,St. Johns County,Florida,197452,128759,66862,0.6521027895387234,0.3386240706602111,0.31347871887851225,292243,44.0,81.17,5.23,3.4,8.68,20.86,2.3,0.7,6.1,5.4,2.5,11.4,4.4,106169.0,4.5,95.1,48.6,9.1,0.4561,5.465744117446258
12111,St. Lucie County,Florida,185131,100293,83517,0.5417407133327211,0.4511237988235357,0.09061691450918541,346237,45.3,59.77,20.98,1.96,21.06,24.47,3.3,0.8,9.1,5.5,2.0,13.0,7.5,69027.0,7.8,88.6,25.4,17.7,0.4362,5.539373476125201
12113,Santa Rosa County,Florida,112424,84314,27035,0.7499644204084537,0.2404735643634811,0.5094908560449726,193719,40.0,81.27,5.54,2.15,6.58,16.46,2.5,0.8,8.9,4.3,2.3,11.7,6.0,88968.0,6.3,92.6,31.0,4.7,0.4205,5.287172218501681
12115,Sarasota County,Florida,277857,163219,112668,0.5874208675685695,0.4054891544931385,0.181931713075431,449011,57.3,84.01,4.11,1.87,10.23,37.31,1.8,0.6,9.1,5.6,1.9,12.4,4.8,80633.0,5.4,94.4,39.7,12.4,0.501,5.652256980604177
12117,Seminole County,Florida,253720,129735,120717,0.5113313889326817,0.4757882705344474,0.03554311839823432,474912,39.8,62.67,11.93,5.18,23.19,16.31,2.7,0.3,7.3,4.9,2.9,11.0,5.8,83030.0,6.3,93.9,42.4,15.0,0.4467,5.67661314340375
12119,Sumter County,Florida,105217,72134,32551,0.685573624034139,0.3093701588146402,0.3762034652194988,137536,68.4,86.3,6.84,1.02,6.08,57.78,1.4,1.5,10.1,6.5,1.8,14.3,4.5,73297.0,6.0,93.2,35.1,5.9,0.4228,5.1384163894753305
12121,Suwannee County,Florida,21891,17561,4217,0.802201818098762,0.19263624320497,0.609565574893792,44484,42.5,76.98,9.96,0.71,11.33,21.06,2.9,3.3,9.0,6.5,1.7,18.5,9.0,55479.0,10.8,84.5,16.4,5.6,0.4355,4.648203832077188
12123,Taylor County,Florida,9997,7954,1991,0.7956386916074822,0.1991597479243773,0.596478943683105,21422,43.8,73.33,20.05,0.28,4.1,20.85,2.1,1.2,8.2,11.0,0.7,14.5,7.3,44985.0,14.5,86.2,15.1,4.5,0.5251,4.33086001497464
12125,Union County,Florida,6231,5224,971,0.8383887016530251,0.1558337345530412,0.682554967099984,15551,40.1,73.23,16.19,0.2,5.14,17.2,1.2,0.6,8.5,4.9,1.7,16.0,8.8,64922.0,13.5,78.3,10.0,2.1,0.4556,4.191758321370448
12127,Volusia County,Florida,310495,187691,120132,0.6044896053076539,0.3869047810753796,0.21758482423227432,568229,46.6,72.63,10.68,1.86,15.68,25.09,2.2,0.7,8.6,5.7,2.2,13.2,5.5,66581.0,8.1,91.9,27.2,8.5,0.448,5.754523394502341
12129,Wakulla County,Florida,19856,14246,5441,0.7174657534246576,0.2740229653505238,0.4434427880741338,34608,42.5,78.03,13.87,0.68,4.7,16.61,1.8,0.4,10.7,5.6,1.6,13.8,4.0,74183.0,4.3,87.5,21.3,3.3,0.4111,4.5391765020950166
12131,Walton County,Florida,49601,38970,10287,0.7856696437571823,0.2073950121973347,0.5782746315598476,79846,43.8,84.18,3.84,1.12,8.22,19.79,3.1,0.4,11.2,3.5,4.5,12.7,6.2,79281.0,8.2,91.4,34.2,8.1,0.5102,4.902253164413887
12133,Washington County,Florida,12584,10370,2140,0.8240623013350286,0.1700572155117609,0.6540050858232677,25259,41.6,78.03,13.57,0.89,3.85,18.34,1.8,0.8,14.5,7.3,1.9,13.4,7.7,52723.0,14.6,83.1,12.5,3.0,0.4417,4.4024161529066195
13001,Appling County,Georgia,8334,6761,1560,0.8112550995920327,0.1871850251979841,0.6240700743940486,18426,39.9,69.8,17.72,0.47,10.36,18.0,1.9,5.4,8.3,15.4,1.2,17.3,8.8,43728.0,20.2,81.0,9.9,6.2,0.4619,4.265431066826713
13003,Atkinson County,Georgia,3057,2350,700,0.7687275106313379,0.2289826627412496,0.5397448478900884,8261,36.2,64.11,15.19,0.0,26.35,13.59,1.6,7.2,10.6,26.3,2.2,9.2,6.1,38438.0,22.4,71.6,9.8,13.0,0.4227,3.9170326221623935
13005,Bacon County,Georgia,4839,4186,645,0.8650547633808638,0.1332920024798512,0.7317627609010127,11129,39.0,73.92,15.01,0.69,8.35,16.83,1.7,8.6,8.7,11.1,1.3,12.6,11.6,50310.0,17.3,84.6,11.0,3.5,0.4759,4.046456142412592
13007,Baker County,Georgia,1476,883,590,0.5982384823848238,0.3997289972899729,0.1985094850948509,2830,48.1,49.05,40.67,5.69,2.58,26.08,4.1,6.7,7.0,12.4,4.8,7.3,4.7,44405.0,17.4,90.5,16.9,2.8,0.4944,3.45178643552429
13009,Baldwin County,Georgia,18825,9574,9159,0.5085790172642762,0.4865338645418327,0.02204515272244356,43669,36.4,52.46,41.76,1.68,2.76,16.7,2.6,1.9,4.6,10.2,1.6,10.5,4.9,55413.0,16.0,85.2,24.1,2.6,0.5382,4.64017324689147
13011,Banks County,Georgia,10519,9358,1136,0.8896282916627056,0.1079950565643122,0.7816332350983934,18757,42.4,87.01,1.68,1.47,6.93,17.14,1.6,2.3,8.2,20.4,2.8,10.2,9.4,68830.0,12.2,82.3,17.3,5.3,0.4166,4.273163378412345
13013,Barrow County,Georgia,43934,30730,12949,0.6994582783265808,0.2947375608867847,0.4047207174397961,86982,36.4,69.26,13.21,4.12,14.19,12.81,2.2,0.6,9.6,13.0,4.3,12.5,6.0,77477.0,8.6,87.6,21.0,9.8,0.3885,4.9394293892913534
13015,Bartow County,Georgia,57547,43271,13942,0.7519245138756148,0.2422715345717413,0.5096529793038734,111153,38.0,78.2,11.0,0.82,10.26,14.53,2.9,0.8,8.5,18.3,3.1,10.9,6.5,79431.0,7.4,88.6,22.9,4.6,0.4082,5.045921188725187
13017,Ben Hill County,Georgia,6501,4281,2199,0.6585140747577296,0.3382556529764651,0.3202584217812645,17138,38.5,57.32,37.74,0.36,6.47,17.77,2.7,2.7,8.3,21.0,0.7,10.1,9.0,39081.0,20.1,84.3,12.1,2.7,0.4806,4.233960138494771
13019,Berrien County,Georgia,8068,6841,1209,0.8479176995537928,0.1498512642538423,0.6980664352999505,18257,39.8,81.28,10.57,1.05,5.91,17.76,2.3,4.0,10.3,19.6,0.7,10.5,4.4,50414.0,17.9,82.8,12.8,1.4,0.4649,4.261429415559447
13021,Bibb County,Georgia,69181,26658,42172,0.3853370144982003,0.6095893381130657,-0.2242523236148654,156543,36.6,36.04,54.53,2.22,4.45,16.2,4.3,0.8,5.5,8.5,2.7,12.4,6.0,50747.0,18.9,87.4,26.0,3.7,0.5186,5.194633652410665
13023,Bleckley County,Georgia,6044,4685,1339,0.7751489080079418,0.221542025148908,0.5536068828590338,12414,37.4,68.93,26.04,0.72,3.74,17.71,3.8,3.6,3.0,7.9,0.7,13.0,6.8,53005.0,17.4,87.9,18.3,1.4,0.4871,4.093911741049379
13025,Brantley County,Georgia,8500,7744,736,0.9110588235294118,0.0865882352941176,0.8244705882352942,18171,40.9,92.43,2.94,0.66,2.08,17.01,1.4,2.7,11.5,8.5,0.5,12.8,12.2,47801.0,11.1,81.2,10.9,2.4,0.4498,4.259378828382964
13027,Brooks County,Georgia,7210,4560,2629,0.6324549237170597,0.364632454923717,0.2678224687933427,16285,43.0,57.37,34.74,0.88,6.44,20.77,3.5,5.2,5.5,18.2,2.7,10.1,5.4,47656.0,19.6,83.0,13.6,2.0,0.5074,4.211787762900892
13029,Bryan County,Georgia,24651,16738,7779,0.6789988235771368,0.3155652914689059,0.36343353210823093,46681,34.7,72.29,13.99,2.24,7.87,10.75,3.6,0.7,7.4,11.7,2.9,13.6,9.3,94234.0,6.1,92.8,34.6,5.1,0.4273,4.669140150925821
13031,Bulloch County,Georgia,32657,20985,11514,0.6425881128088924,0.3525737207949291,0.2900143920139633,81372,30.2,62.78,28.27,1.45,5.04,12.09,4.8,1.6,7.2,8.8,1.8,12.3,7.3,56832.0,11.5,89.6,30.8,3.9,0.4849,4.9104749904246345
13033,Burke County,Georgia,11070,6027,4994,0.5444444444444444,0.4511291779584462,0.0933152664859982,24427,38.4,50.12,45.28,0.52,3.44,17.0,3.3,3.1,11.1,12.4,1.1,7.5,13.8,50739.0,20.0,84.1,14.3,2.3,0.5394,4.387870132407363
13035,Butts County,Georgia,13019,9424,3544,0.7238651202089255,0.2722175282279745,0.45164759198095095,26074,38.5,65.55,27.63,0.13,3.61,15.51,2.6,1.0,8.1,8.5,3.3,17.8,9.6,59221.0,8.1,83.8,13.9,1.5,0.4182,4.416207661190231
13037,Calhoun County,Georgia,2056,900,1153,0.4377431906614786,0.5607976653696498,-0.12305447470817121,5528,39.7,33.97,59.57,0.29,4.83,16.84,2.5,10.2,1.6,14.7,1.2,9.9,8.2,55714.0,17.7,77.1,12.1,2.4,0.4949,3.742568034366142
13039,Camden County,Georgia,26393,17819,8405,0.6751411359072481,0.318455651119615,0.3566854847876331,56036,34.6,70.68,18.16,1.7,7.33,14.7,2.4,0.9,6.9,9.9,2.2,11.7,6.8,72399.0,12.4,92.5,22.4,2.2,0.4035,4.748467126615015
13043,Candler County,Georgia,4568,3366,1196,0.7368651488616462,0.2618213660245184,0.47504378283712784,10972,41.0,60.68,22.65,0.6,12.74,18.28,2.2,5.8,6.7,14.0,1.7,13.4,8.0,50431.0,13.4,79.1,13.6,6.4,0.4574,4.040285798932492
13045,Carroll County,Georgia,60494,42536,17634,0.7031441134657983,0.291499983469435,0.4116441299963633,122187,35.3,69.82,20.51,0.87,8.28,14.0,3.9,0.6,8.4,15.6,2.5,11.6,6.1,72327.0,12.4,84.7,22.4,5.9,0.4334,5.087025001908204
13047,Catoosa County,Georgia,35038,27150,7704,0.7748729950339631,0.2198755636737256,0.5549974313602375,68356,40.8,89.1,2.28,1.57,3.8,18.24,2.4,0.7,10.8,14.2,2.4,13.9,8.1,72425.0,7.1,89.8,24.5,2.4,0.4311,4.834776641106131
13049,Charlton County,Georgia,4628,3607,1007,0.7793863439930856,0.2175885911840968,0.5617977528089888,12711,38.0,56.86,25.04,0.85,15.47,14.73,5.1,2.2,10.7,14.8,0.9,12.8,4.0,48534.0,19.8,85.3,11.4,3.2,0.4615,4.104179718720652
13051,Chatham County,Georgia,141109,57336,82758,0.4063241891020417,0.5864827899000064,-0.18015860079796464,298143,37.1,47.7,39.41,2.88,8.03,16.37,3.6,0.4,5.2,7.7,2.0,12.5,8.9,69575.0,9.8,91.2,36.8,8.1,0.4726,5.474424617146251
13053,Chattahoochee County,Georgia,1694,982,703,0.5796930342384888,0.4149940968122786,0.16469893742621022,9181,23.9,59.14,18.54,3.32,17.43,3.32,1.4,0.0,4.1,5.3,0.0,15.7,6.7,59221.0,11.2,97.1,27.6,5.2,0.3695,3.962889987391791
13055,Chattooga County,Georgia,10706,8769,1896,0.8190734167756398,0.1770969549785167,0.6419764617971231,24975,41.1,82.14,9.53,0.08,5.45,18.33,2.4,1.2,7.0,31.6,2.3,13.1,3.0,47785.0,15.8,74.2,10.7,3.4,0.4255,4.39750549689802
13057,Cherokee County,Georgia,162281,112142,48838,0.6910359191772296,0.3009471225836666,0.390088796593563,274539,40.0,78.15,7.18,2.11,12.14,15.38,2.2,0.4,10.0,8.4,3.3,12.4,4.7,105442.0,4.8,92.1,39.5,10.5,0.4082,5.438604047444395
13059,Clarke County,Georgia,52887,16049,36297,0.3034583167886248,0.6863123262805605,-0.3828540094919357,129267,29.4,57.69,26.28,4.22,11.41,12.06,3.2,1.0,4.2,7.4,1.9,10.4,4.9,52267.0,12.4,90.0,48.7,9.7,0.5061,5.11148766991452
13061,Clay County,Georgia,1442,663,771,0.4597780859916782,0.5346740638002774,-0.07489597780859919,2853,46.1,39.78,59.52,0.0,0.14,31.3,2.1,10.8,11.6,18.5,0.7,1.3,11.5,48715.0,15.7,85.4,22.6,0.8,0.4411,3.4553017716570764
13063,Clayton County,Georgia,111729,16877,94203,0.1510529942987049,0.8431383078699353,-0.6920853135712304,298771,33.3,11.52,69.81,5.0,14.3,10.27,4.4,0.4,7.0,7.5,2.5,11.5,15.0,58507.0,13.3,84.8,21.3,13.8,0.4209,5.475338440696254
13065,Clinch County,Georgia,2908,2201,702,0.7568775790921596,0.2414030261348005,0.5154745529573591,6722,38.8,65.26,25.56,0.21,5.61,16.69,1.7,11.2,3.5,15.2,3.7,7.6,8.0,55549.0,15.1,81.2,13.0,5.7,0.4825,3.8274985081334587
13067,Cobb County,Georgia,401369,168679,228404,0.4202591630145826,0.5690623839907916,-0.14880322097620896,769152,37.4,50.52,26.99,5.42,14.68,13.25,3.2,0.2,7.6,7.6,3.0,11.2,5.6,98712.0,5.5,92.8,50.4,16.3,0.4467,5.886012173661107
13069,Coffee County,Georgia,15715,11388,4295,0.7246579700922685,0.2733057588291441,0.4513522112631244,43161,36.6,60.71,28.09,0.68,12.92,14.6,2.6,4.9,6.2,15.2,2.3,10.9,9.2,50175.0,17.0,79.6,13.5,7.6,0.4627,4.635091498324376
13071,Colquitt County,Georgia,16611,12451,4114,0.7495635422310517,0.2476672084763108,0.5018963337547409,45907,37.2,57.32,22.81,0.84,19.75,15.45,2.4,12.7,6.1,13.0,2.5,10.8,5.8,49691.0,18.8,79.7,15.7,11.4,0.4765,4.661878912761312
13073,Columbia County,Georgia,85920,53657,31624,0.6244995344506518,0.3680633147113594,0.25643621973929237,159638,37.5,67.58,17.96,4.48,7.81,14.7,3.0,0.4,6.9,8.7,1.8,8.2,7.0,96122.0,5.3,93.1,37.8,7.1,0.4037,5.203136278154802
13075,Cook County,Georgia,7357,5374,1956,0.7304607856463232,0.265869240179421,0.46459154546690223,17363,37.5,65.31,27.88,0.25,7.0,16.14,2.6,2.2,11.8,13.7,2.3,17.1,5.9,50133.0,17.0,83.3,16.7,1.9,0.4771,4.239624765246138
13077,Coweta County,Georgia,85916,57204,28111,0.6658131197914242,0.3271916755901112,0.338621444201313,150071,39.0,71.37,18.52,2.1,7.9,14.74,1.8,0.8,5.5,11.2,2.6,10.3,11.6,94142.0,5.5,91.9,34.7,6.5,0.4134,5.176296776475162
13079,Crawford County,Georgia,6340,4742,1582,0.7479495268138802,0.2495268138801261,0.49842271293375406,12183,46.0,73.38,21.51,0.0,3.83,19.94,2.3,2.7,11.8,5.9,2.9,11.2,8.3,60905.0,8.0,83.6,14.0,1.4,0.4646,4.085754244209699
13081,Crisp County,Georgia,8116,5099,2993,0.628265155248891,0.3687777230162641,0.25948743223262694,19995,40.4,50.88,45.01,1.04,3.45,19.37,4.9,4.5,6.8,12.3,5.9,13.2,7.3,42745.0,19.7,84.2,15.5,1.6,0.4988,4.300921408469541
13083,Dade County,Georgia,8200,6804,1343,0.8297560975609756,0.163780487804878,0.6659756097560976,16196,42.2,92.09,1.61,1.07,2.31,20.41,2.5,0.8,10.9,18.3,1.4,7.1,5.8,58936.0,6.7,88.4,19.0,2.1,0.449,4.2094077680963755
13085,Dawson County,Georgia,19561,16115,3350,0.8238331373651654,0.1712591380808752,0.6525739992842902,28704,43.9,88.88,1.61,0.9,6.71,19.51,2.7,0.1,8.2,10.6,1.4,13.2,4.5,88986.0,7.8,89.3,35.8,5.7,0.4106,4.457942421363998
13087,Decatur County,Georgia,11549,7140,4372,0.6182353450515196,0.3785609143648801,0.23967443068663946,29118,38.7,50.02,42.02,0.71,6.77,16.81,3.6,5.0,5.7,12.1,2.0,12.8,5.5,50485.0,20.8,83.1,14.6,3.8,0.4798,4.464161541698929
13089,DeKalb County,Georgia,366008,62622,299630,0.1710946208826036,0.818643308342987,-0.6475486874603834,762105,36.3,30.08,51.46,6.12,10.41,13.31,4.4,0.3,4.6,6.1,2.4,9.8,8.0,77683.0,9.5,90.8,46.7,16.9,0.4954,5.8820148109447095
13091,Dodge County,Georgia,8350,6249,2081,0.7483832335329341,0.2492215568862275,0.49916167664670663,19909,42.4,65.72,30.81,0.02,3.42,19.18,1.6,1.7,10.8,22.5,0.8,5.2,4.5,50152.0,13.2,86.1,15.2,1.6,0.4692,4.2990494465975395
13093,Dooly County,Georgia,4177,2243,1921,0.5369882690926502,0.4598994493655733,0.07708881972707687,11026,45.9,41.77,47.91,0.0,7.66,21.98,2.6,9.5,7.3,15.9,6.4,5.2,8.7,56545.0,13.7,83.0,13.4,4.1,0.4634,4.04241798814325
13095,Dougherty County,Georgia,33850,9904,23831,0.2925849335302806,0.7040177252584934,-0.4114327917282128,83915,36.6,23.85,70.56,0.79,3.05,16.99,5.9,1.5,4.3,10.2,1.5,11.7,6.2,46784.0,21.4,85.4,23.2,2.0,0.4889,4.923839598909276
13097,Douglas County,Georgia,70721,23996,46240,0.3393051568840938,0.6538369084147566,-0.3145317515306628,146141,36.8,36.44,49.17,1.87,11.68,11.95,4.1,0.2,7.1,8.8,2.9,11.8,9.8,80764.0,9.0,91.4,30.8,10.2,0.4192,5.164772074769127
13099,Early County,Georgia,4879,2718,2158,0.5570813691330191,0.4423037507686001,0.11477761836441897,10683,40.7,43.32,51.87,0.29,2.11,19.35,3.6,5.6,5.9,16.8,0.5,9.0,6.9,53750.0,16.2,81.0,16.1,1.2,0.4584,4.028693228393916
13101,Echols County,Georgia,1438,1307,127,0.9089012517385258,0.0883171070931849,0.8205841446453409,3705,31.2,67.58,4.24,6.29,27.31,12.63,2.3,12.1,17.2,9.6,2.0,8.4,2.6,61723.0,8.7,81.5,14.4,9.3,0.4355,3.568788212315347
13103,Effingham County,Georgia,36244,26943,9144,0.7433782143251296,0.2522900342125593,0.4910881801125703,67265,36.6,76.43,14.29,0.75,6.14,12.25,3.8,1.3,8.1,19.6,1.8,11.2,9.5,85465.0,5.4,90.8,26.8,3.2,0.4027,4.827789146530529
13105,Elbert County,Georgia,9589,6860,2700,0.7154030660131401,0.2815726353112942,0.4338304307018459,19725,42.4,64.83,25.68,1.21,5.63,21.22,3.7,5.7,8.0,23.7,2.1,10.0,7.1,49727.0,13.4,84.9,14.9,3.8,0.4294,4.295017011881458
13107,Emanuel County,Georgia,9619,6919,2673,0.7193055411165402,0.2778875142946252,0.441418026821915,22961,38.6,59.69,32.44,0.81,4.65,16.11,5.5,5.3,10.2,13.8,1.0,15.8,7.8,50053.0,20.8,79.4,12.8,3.0,0.4532,4.360990798578921
13109,Evans County,Georgia,4244,3011,1214,0.7094721960414703,0.2860508953817153,0.423421300659755,10740,36.9,55.31,27.33,0.99,12.07,17.19,3.1,10.2,9.5,13.1,2.6,7.5,7.7,53908.0,14.7,82.4,15.1,5.3,0.4334,4.031004281363537
13111,Fannin County,Georgia,16096,13232,2807,0.8220675944333996,0.1743911530815109,0.6476764413518887,25605,54.0,93.28,0.71,0.34,3.1,30.38,2.1,2.1,10.0,8.9,1.1,12.2,4.6,58073.0,8.4,88.3,22.6,3.6,0.4894,4.408324780170415
13113,Fayette County,Georgia,74633,38177,35822,0.5115297522543647,0.4799753460265566,0.031554406227808085,120689,43.3,59.02,25.53,4.72,8.27,19.52,2.2,0.2,5.8,8.4,2.8,8.6,12.9,108986.0,3.7,95.0,48.1,11.1,0.4305,5.081667688846304
13115,Floyd County,Georgia,44738,31631,12862,0.7070275828155036,0.2874960883365371,0.4195314944789665,98985,37.8,72.7,13.69,1.29,12.0,16.69,2.5,0.8,7.0,17.3,2.4,10.0,5.2,62540.0,12.9,84.9,24.9,6.7,0.4683,4.995569387417804
13117,Forsyth County,Georgia,138249,91281,45509,0.660265173708309,0.3291814045671216,0.33108376914118737,260062,39.4,66.28,4.11,18.02,10.02,12.46,2.3,0.3,5.8,8.8,2.6,11.1,4.6,138000.0,3.0,94.1,56.6,21.5,0.3901,5.415076898155241
13119,Franklin County,Georgia,12140,10459,1647,0.8615321252059308,0.135667215815486,0.7258649093904448,23840,40.2,82.47,8.37,1.56,5.22,18.62,2.7,4.5,8.3,17.3,2.7,12.3,8.1,52264.0,15.4,82.0,16.9,4.3,0.496,4.377306251068199
13121,Fulton County,Georgia,535238,144655,384752,0.2702629484453644,0.7188428325343118,-0.4485798840889474,1068507,36.2,39.35,43.12,7.59,8.06,12.37,3.7,0.2,3.9,5.9,2.9,9.0,6.8,91490.0,9.0,93.6,58.0,13.7,0.5296,6.028777371658174
13123,Gilmer County,Georgia,18481,14976,3413,0.8103457605107949,0.1846761538877766,0.6256696066230183,31976,50.0,87.82,0.75,0.44,12.01,26.35,1.0,1.9,12.1,14.7,1.8,12.2,4.8,72542.0,10.6,85.9,22.7,4.9,0.4268,4.504824135252049
13125,Glascock County,Georgia,1670,1534,133,0.918562874251497,0.0796407185628742,0.8389221556886227,2913,43.2,86.85,11.77,0.0,0.72,18.23,0.6,3.0,1.4,25.8,1.5,10.8,11.3,55250.0,6.5,83.9,14.9,0.1,0.415,3.4643404846276673
13127,Glynn County,Georgia,43912,27558,16144,0.627573328475132,0.3676443796684278,0.25992894880670425,84987,43.3,64.56,24.61,1.23,7.53,22.27,2.6,0.5,5.3,8.1,0.8,12.9,5.5,68546.0,11.7,89.6,30.4,5.9,0.5003,4.929352499125486
13129,Gordon County,Georgia,27606,22495,4982,0.8148590886039266,0.1804680141998116,0.634391074404115,58336,38.8,80.91,3.7,1.16,16.06,15.39,2.2,2.4,9.0,25.1,3.0,9.5,6.5,61997.0,9.0,79.5,17.7,7.5,0.4461,4.7659366469748825
13131,Grady County,Georgia,10718,7385,3290,0.6890278036947192,0.3069602537786901,0.3820675499160291,26056,39.4,60.75,30.12,0.1,12.92,18.75,1.7,5.0,10.1,10.0,3.9,8.7,7.5,54312.0,14.0,80.4,15.3,5.2,0.4501,4.415907745556817
13133,Greene County,Georgia,12786,8215,4514,0.6424996089472861,0.3530423901141873,0.2894572188330988,19586,52.3,59.96,30.7,1.22,6.94,30.39,2.5,2.9,7.9,10.5,3.3,10.6,5.2,84530.0,6.3,90.2,36.4,3.5,0.5592,4.291945750170066
13135,Gwinnett County,Georgia,420681,173041,242507,0.4113354299338453,0.5764629255896986,-0.16512749565585327,966972,35.9,36.08,28.44,12.87,23.25,10.91,2.8,0.3,9.0,8.7,3.1,11.9,6.3,84823.0,8.4,87.9,38.7,27.4,0.43,5.985413898672919
13137,Habersham County,Georgia,23280,19142,4036,0.8222508591065292,0.1733676975945017,0.6488831615120274,46948,39.6,79.34,3.41,2.25,15.58,19.02,1.3,2.4,9.2,17.2,2.5,10.4,5.0,65622.0,9.4,82.3,24.2,8.0,0.4521,4.6716170959106575
13139,Hall County,Georgia,101973,72991,28347,0.7157875123807282,0.2779853490629873,0.43780216331774097,208395,38.2,67.4,6.79,2.09,28.59,15.97,2.5,1.0,10.7,16.3,3.5,11.1,6.2,77430.0,9.2,81.3,26.7,16.6,0.4493,5.318887294769237
13141,Hancock County,Georgia,4240,1364,2864,0.3216981132075471,0.6754716981132075,-0.3537735849056604,8630,47.3,26.42,71.39,0.54,0.64,24.65,1.9,7.1,6.7,13.5,0.9,18.7,11.7,33182.0,21.7,73.9,8.4,1.3,0.5086,3.9360107957152097
13143,Haralson County,Georgia,16364,14239,2065,0.8701417746272305,0.1261916401857736,0.743950134441457,30720,38.8,90.57,4.75,0.56,1.92,15.79,3.2,1.3,8.8,19.6,5.0,7.7,5.1,65016.0,9.5,84.6,17.4,1.5,0.4471,4.487421211359474
13145,Harris County,Georgia,22353,16283,5976,0.7284480830313604,0.2673466648771977,0.4611014181541627,35509,43.3,76.31,15.8,0.56,4.67,18.81,3.4,0.7,7.3,12.0,3.0,7.3,5.7,89184.0,6.2,92.9,34.7,1.9,0.4217,4.550338441927154
13147,Hart County,Georgia,14331,11064,3210,0.7720326564789617,0.2239899518526271,0.5480427046263345,26484,44.7,74.94,17.17,1.42,3.96,22.46,2.0,3.6,8.0,20.7,3.3,12.5,5.9,57241.0,9.0,85.0,18.1,2.2,0.4474,4.42298357920928
13149,Heard County,Georgia,6210,5335,859,0.8590982286634461,0.1383252818035426,0.7207729468599036,11616,41.2,85.09,7.91,0.76,2.6,17.44,2.7,1.1,16.6,13.4,2.6,12.4,7.3,62907.0,14.8,85.9,11.4,1.2,0.4834,4.065056603356019
13151,Henry County,Georgia,129034,44982,83253,0.3486057938217834,0.645202039772463,-0.2965962459506796,245417,37.0,36.74,50.77,3.23,7.99,12.22,3.7,0.4,5.0,7.7,2.1,11.8,15.0,81612.0,7.6,92.4,28.0,8.5,0.3873,5.389904642948754
13153,Houston County,Georgia,81514,45090,35907,0.5531565129916334,0.4405010182299973,0.11265549476163605,166902,36.2,54.99,31.6,3.09,7.33,13.39,3.1,1.0,4.4,8.9,1.5,13.1,6.7,80743.0,8.0,93.2,32.3,6.5,0.4067,5.222461540895901
13155,Irwin County,Georgia,4342,3340,986,0.7692307692307693,0.2270842929525564,0.5421464762782129,9385,40.4,68.0,25.31,0.18,7.01,17.42,2.1,4.9,6.6,10.0,3.6,14.7,8.7,53915.0,16.8,83.6,16.6,2.2,0.4204,3.9724342769573653
13157,Jackson County,Georgia,47243,36497,10472,0.7725377304574222,0.2216624685138539,0.5508752619435684,80640,38.1,79.77,7.72,2.08,9.91,14.5,2.2,1.8,7.7,11.5,3.6,14.2,6.5,85012.0,5.3,87.6,27.3,6.2,0.4095,4.90655051910145
13159,Jasper County,Georgia,9118,7203,1881,0.7899758719017328,0.2062952401842509,0.5836806317174819,15345,43.1,74.82,17.12,0.23,4.82,17.54,4.2,2.8,14.2,10.1,2.3,13.6,10.4,59574.0,9.9,89.0,19.9,2.6,0.4498,4.1859668927678415
13161,Jeff Davis County,Georgia,5872,4935,924,0.8404291553133515,0.1573569482288828,0.6830722070844687,14838,40.5,70.6,13.86,0.13,13.7,15.55,2.6,4.4,8.1,14.0,2.6,13.5,9.1,40879.0,23.3,78.0,11.5,5.1,0.4962,4.1713753667449405
13163,Jefferson County,Georgia,7463,3765,3674,0.5044888114699183,0.4922953235964089,0.012193487873509434,15468,40.7,43.1,52.31,0.47,3.37,18.57,2.7,6.0,8.7,18.7,1.7,10.0,15.3,46561.0,15.6,81.4,11.2,3.1,0.4532,4.189434163401028
13165,Jenkins County,Georgia,3409,2217,1179,0.6503373423291288,0.3458492226459372,0.30448811968319156,8674,42.3,57.36,37.98,0.02,4.21,20.77,2.2,3.8,4.5,4.3,3.3,15.4,12.9,36906.0,20.7,81.1,7.8,1.4,0.4841,3.938219417812743
13167,Johnson County,Georgia,3984,2913,1066,0.7311746987951807,0.267570281124498,0.4636044176706827,9192,44.1,62.42,33.43,0.0,2.11,19.95,3.1,1.4,16.4,18.5,0.0,12.4,9.2,54183.0,14.8,75.3,9.1,0.7,0.4343,3.9634100156802288
13169,Jones County,Georgia,16092,11079,4959,0.6884787472035794,0.308165548098434,0.3803131991051454,28526,41.4,70.71,25.08,0.33,2.0,18.1,2.2,1.4,7.0,8.0,4.0,8.5,5.4,68259.0,9.5,91.7,18.4,1.5,0.4399,4.455240877870955
13171,Lamar County,Georgia,10412,7575,2795,0.7275259316173646,0.2684402612370342,0.4590856703803304,19098,38.7,66.51,28.46,0.68,0.83,17.0,2.0,0.3,9.4,15.6,2.3,12.8,6.6,68457.0,6.2,89.7,19.5,1.7,0.4164,4.280987889004646
13173,Lanier County,Georgia,3736,2726,995,0.7296573875802997,0.2663276231263383,0.46332976445396146,10094,36.7,66.6,24.46,1.03,6.73,14.51,1.7,4.1,7.7,8.5,1.5,10.5,4.6,44361.0,21.9,89.5,19.1,4.2,0.4781,4.004063300397667
13175,Laurens County,Georgia,23352,15460,7820,0.6620417951353204,0.3348749571771154,0.32716683795820495,49619,39.9,57.14,37.47,0.94,3.08,18.12,3.2,1.6,8.4,10.8,1.2,10.3,5.7,49705.0,19.2,86.1,17.8,2.2,0.5194,4.695648007440056
13177,Lee County,Georgia,17683,12655,4957,0.7156591076174857,0.2803257365831589,0.43533337103432684,33337,37.2,68.11,23.35,2.34,3.23,13.73,2.4,1.9,6.3,7.0,1.4,10.7,7.6,88024.0,4.6,91.6,33.5,4.6,0.3929,4.522926515046058
13179,Liberty County,Georgia,23028,9441,13459,0.4099791558103178,0.5844623936077818,-0.17448323779746405,66826,28.7,39.73,42.88,1.78,12.42,9.81,4.1,0.7,5.0,8.4,1.9,14.0,8.9,59013.0,12.6,92.0,19.9,6.4,0.4089,4.824945466362094
13181,Lincoln County,Georgia,4931,3559,1351,0.7217602920300142,0.2739809369296289,0.44777935510038536,7773,48.3,68.62,27.29,0.1,1.33,25.24,1.9,0.5,10.6,11.1,0.7,10.1,4.5,50688.0,11.9,86.9,16.1,2.7,0.446,3.890588667705487
13183,Long County,Georgia,7056,4557,2476,0.6458333333333334,0.350907029478458,0.2949263038548754,17512,33.6,55.66,26.01,0.15,12.75,9.19,2.9,1.8,9.3,4.1,2.7,13.5,10.8,64747.0,10.8,85.8,12.8,3.5,0.3842,4.2433357485598755
13185,Lowndes County,Georgia,47795,28081,19487,0.587530076367821,0.4077204728528089,0.17980960351501207,119055,31.3,52.69,37.14,1.94,6.86,12.99,3.3,1.0,6.6,7.2,2.5,15.0,5.8,55887.0,15.2,89.8,27.1,3.6,0.4881,5.075747639361317
13187,Lumpkin County,Georgia,17808,14339,3356,0.8051999101527404,0.1884546271338724,0.616745283018868,33931,36.9,90.62,1.84,0.9,5.65,18.22,3.1,1.4,9.1,10.4,1.2,17.2,2.4,72388.0,8.9,89.1,31.5,3.7,0.5029,4.5305966591759805
13189,McDuffie County,Georgia,10537,6562,3937,0.6227579007307583,0.3736357597039005,0.2491221410268578,21687,39.1,55.02,41.09,0.44,3.58,18.46,2.1,2.8,8.1,13.9,2.4,11.9,7.3,54058.0,15.3,85.6,17.8,1.8,0.4515,4.336199479466631
13191,McIntosh County,Georgia,7408,4747,2628,0.64079373650108,0.3547516198704104,0.2860421166306696,11187,52.1,63.25,29.79,0.32,2.52,29.31,1.5,1.3,4.9,12.6,5.7,13.7,6.8,50348.0,13.7,81.6,18.6,0.5,0.4696,4.04871363808097
13193,Macon County,Georgia,4686,1916,2755,0.4088775074690567,0.5879214682031584,-0.17904396073410167,11953,39.9,33.46,59.08,1.57,4.38,18.3,3.5,7.6,5.8,16.2,2.8,11.1,8.8,37177.0,23.1,76.2,11.0,3.1,0.6112,4.077476919504342
13195,Madison County,Georgia,16787,12951,3753,0.7714898433311491,0.2235658545302913,0.5479239888008578,30914,39.8,79.41,9.23,1.94,6.88,18.1,2.7,1.7,11.6,11.7,1.7,10.4,6.7,58784.0,14.6,81.9,20.2,4.4,0.425,4.490155202589509
13197,Marion County,Georgia,3621,2348,1253,0.6484396575531621,0.3460370063518365,0.30240265120132565,7474,43.9,59.14,28.83,0.8,7.87,21.26,2.2,4.0,7.5,19.5,2.4,12.8,4.9,50484.0,12.5,76.2,13.6,5.8,0.4381,3.873553093513619
13199,Meriwether County,Georgia,11788,7375,4373,0.6256362402443163,0.3709704784526637,0.2546657617916526,20757,43.6,57.75,38.18,0.3,2.74,20.87,3.2,1.8,9.1,21.5,1.3,8.9,11.2,56458.0,13.7,82.2,13.0,0.7,0.4448,4.317164585323156
13201,Miller County,Georgia,2724,2045,670,0.7507342143906021,0.2459618208516887,0.5047723935389133,5873,42.8,65.62,27.31,0.66,3.12,21.85,3.1,6.2,6.0,13.1,2.4,11.5,4.2,58407.0,21.5,83.6,21.9,2.2,0.488,3.768860000842957
13205,Mitchell County,Georgia,8877,5150,3701,0.5801509518981638,0.4169201306747775,0.16323082122338628,21441,39.9,47.22,46.0,0.02,5.0,18.08,3.3,8.1,5.9,15.6,7.0,6.8,4.4,51908.0,21.3,84.5,12.9,2.9,0.4667,4.33124503682083
13207,Monroe County,Georgia,17704,12954,4689,0.7316990510619069,0.2648553999096249,0.466843651152282,28919,42.5,73.4,21.61,1.08,2.7,18.84,2.4,1.0,5.7,9.8,2.4,10.2,7.2,82863.0,7.2,90.8,28.7,1.4,0.4765,4.461183271264588
13209,Montgomery County,Georgia,3973,3033,927,0.7634029700478228,0.2333249433677321,0.5300780266800906,8675,38.2,67.63,22.95,0.61,7.12,17.43,3.3,3.6,11.7,8.5,1.9,9.4,12.7,51188.0,12.0,85.3,20.2,3.7,0.4652,3.9382694834629115
13211,Morgan County,Georgia,13181,9589,3533,0.7274865336469161,0.2680373264547455,0.4594492071921706,20614,42.3,73.44,21.69,0.51,3.58,20.3,1.8,1.8,9.6,14.2,1.5,8.3,6.9,85692.0,6.2,91.3,30.1,2.4,0.4163,4.314162271709985
13213,Murray County,Georgia,17468,14965,2459,0.8567094114953057,0.1407716968170368,0.7159377146782688,40282,39.3,87.27,0.61,0.37,15.61,14.89,3.1,1.4,4.9,33.9,1.9,12.0,7.0,67880.0,10.2,78.7,13.7,6.9,0.4337,4.605111025123903
13215,Muscogee County,Georgia,80491,30616,49413,0.3803655067026127,0.6138947211489483,-0.23352921444633556,204383,35.1,39.27,46.72,2.6,8.26,14.37,3.6,0.6,4.4,9.3,1.5,9.9,5.4,56622.0,15.0,89.0,29.7,5.3,0.4947,5.310444769577975
13217,Newton County,Georgia,59051,24893,33839,0.4215508628135002,0.5730470271460263,-0.1514961643325261,115530,36.4,41.96,47.44,1.41,6.76,13.27,4.3,0.5,7.3,12.7,2.5,11.7,8.7,73732.0,9.5,89.5,23.6,6.3,0.4068,5.062694773342393
13219,Oconee County,Georgia,27287,18424,8620,0.6751933154982226,0.3159013449628028,0.3592919705354198,42788,40.7,83.66,3.33,4.23,5.76,16.15,2.0,1.6,4.9,8.2,2.6,9.9,4.1,115925.0,4.1,96.2,54.9,7.2,0.4624,4.631321987132138
13221,Oglethorpe County,Georgia,8822,6255,2515,0.709022897302199,0.2850827476762639,0.4239401496259351,15221,42.6,75.16,15.91,0.93,6.35,18.96,2.0,2.7,7.9,9.2,3.1,8.8,9.7,69784.0,8.0,87.6,24.5,2.9,0.4308,4.182443185957241
13223,Paulding County,Georgia,95196,58769,35802,0.6173473675364511,0.3760872305559057,0.24126013698054544,174292,36.7,66.07,21.98,1.37,8.18,11.42,3.0,0.7,10.1,8.9,3.0,12.8,8.9,94557.0,4.7,91.4,27.4,7.4,0.3537,5.241277453457724
13225,Peach County,Georgia,13454,7104,6293,0.5280214062732272,0.4677419354838709,0.06027947078935636,28269,37.8,46.76,43.3,0.48,9.14,16.37,3.9,1.9,5.9,9.0,2.2,11.7,7.3,68365.0,13.0,87.7,24.3,4.7,0.4801,4.45131044583783
13227,Pickens County,Georgia,20915,17281,3522,0.8262491035142242,0.1683958881185752,0.657853215395649,34197,46.1,93.12,0.5,0.46,3.78,22.4,2.2,1.4,9.8,14.5,1.7,11.4,4.3,75293.0,9.1,89.9,24.9,2.5,0.4288,4.5339880083779756
13229,Pierce County,Georgia,9761,8655,1089,0.886691937301506,0.1115664378649728,0.7751254994365332,19996,40.3,84.66,9.83,0.0,5.18,16.96,2.3,2.8,5.7,20.6,3.5,9.3,9.2,56691.0,8.0,86.7,18.3,1.9,0.4514,4.300943128080553
13231,Pike County,Georgia,12549,10864,1648,0.865726352697426,0.1313252051956331,0.734401147501793,19540,39.9,87.74,8.52,0.6,2.11,15.97,2.6,0.8,12.7,11.4,2.0,8.1,9.8,84184.0,7.2,90.0,21.4,1.4,0.425,4.290924559382754
13233,Polk County,Georgia,19171,15352,3749,0.800792864222002,0.1955557873871994,0.6052370768348027,43365,38.5,75.52,11.94,1.02,13.47,15.51,3.3,0.6,7.6,21.9,2.6,8.9,5.7,55308.0,17.6,82.1,14.5,7.0,0.458,4.637139350726339
13235,Pulaski County,Georgia,4336,3036,1281,0.7001845018450185,0.2954335793357933,0.4047509225092252,9893,43.7,58.02,33.19,1.28,6.48,23.17,2.3,4.2,6.3,9.8,0.7,14.8,5.3,47688.0,16.7,80.1,12.0,3.5,0.46,3.9953280090774097
13237,Putnam County,Georgia,12877,9136,3696,0.7094820222101421,0.2870233750097072,0.4224586472004349,22524,47.4,66.83,25.56,0.71,6.96,24.48,2.3,1.9,6.5,11.3,1.5,15.6,7.9,64163.0,13.6,87.9,28.3,5.9,0.5034,4.352645518668971
13239,Quitman County,Georgia,1140,656,480,0.5754385964912281,0.4210526315789473,0.1543859649122808,2092,59.4,48.37,49.9,0.0,1.2,33.37,12.4,0.0,14.5,22.1,1.5,12.0,7.6,36838.0,8.9,82.2,9.0,0.5,0.4884,3.3205616801952367
13241,Rabun County,Georgia,10423,8151,2222,0.7820205315168378,0.2131823851098532,0.5688381464069846,17107,49.9,88.47,0.91,0.79,8.66,28.45,1.0,1.5,8.4,10.5,1.0,11.5,5.5,61466.0,8.3,90.1,29.9,5.9,0.4925,4.233173855380943
13243,Randolph County,Georgia,2990,1373,1601,0.4591973244147157,0.5354515050167225,-0.07625418060200673,6270,37.6,27.4,67.72,0.14,3.56,20.97,5.9,10.8,1.7,20.8,2.8,15.3,3.7,25425.0,19.4,83.4,15.0,0.6,0.5002,3.7972675408307164
13245,Richmond County,Georgia,83578,26472,56657,0.3167340687740793,0.677893704084807,-0.3611596353107277,206040,35.0,33.37,56.06,1.79,5.64,14.88,4.5,0.4,6.2,9.9,1.1,12.3,5.8,53197.0,17.5,87.8,24.1,3.5,0.4866,5.313951541208541
13247,Rockdale County,Georgia,45160,11711,33165,0.2593224092116917,0.7343888396811338,-0.4750664304694421,94293,39.2,28.25,57.72,1.76,10.6,15.43,3.7,0.2,8.6,10.9,2.1,11.5,8.9,72349.0,8.1,90.0,29.1,10.5,0.4224,4.974479453350132
13249,Schley County,Georgia,2428,1970,453,0.8113673805601318,0.1865733113673805,0.6247940691927513,4539,41.6,78.3,17.16,0.0,2.12,15.51,2.2,4.6,9.6,14.1,3.9,7.3,4.4,59647.0,10.0,84.8,19.0,0.3,0.4868,3.656960182742849
13251,Screven County,Georgia,6920,4325,2581,0.625,0.3729768786127168,0.2520231213872832,14057,42.7,55.95,39.62,0.0,2.48,20.25,3.0,4.6,7.5,18.6,1.4,10.1,7.9,53017.0,10.5,84.6,14.7,0.6,0.4885,4.14789264483285
13253,Seminole County,Georgia,4007,2811,1191,0.7015223359121537,0.2972298477664087,0.40429248814574503,9117,45.7,63.12,33.48,0.42,2.93,24.93,2.4,4.6,6.8,11.1,1.7,8.9,4.8,49559.0,12.9,89.3,15.8,0.8,0.4703,3.959851954799605
13255,Spalding County,Georgia,33038,19184,13679,0.580664689145832,0.4140383800472184,0.16662630909861365,68215,39.2,56.92,35.4,0.73,5.78,18.76,3.1,1.4,7.7,17.3,2.3,12.6,9.2,60217.0,13.4,85.4,17.9,3.7,0.5499,4.833879883467897
13257,Stephens County,Georgia,13099,10632,2404,0.8116650125963814,0.1835254599587754,0.6281395526376059,26842,41.2,81.3,10.64,1.04,3.68,20.54,2.9,2.3,5.7,21.6,1.4,12.3,4.6,52264.0,7.5,83.8,14.9,3.2,0.441,4.428814872026153
13259,Stewart County,Georgia,2028,847,1177,0.4176528599605523,0.5803747534516766,-0.16272189349112426,4978,36.7,27.44,60.55,1.71,10.81,15.77,1.6,5.0,5.0,12.2,0.0,8.5,17.2,35000.0,22.2,72.9,12.3,13.3,0.4818,3.6970548922725746
13261,Sumter County,Georgia,12049,5869,6136,0.4870943646775666,0.5092538799900407,-0.022159515312474065,29174,37.0,41.43,49.82,1.35,6.17,17.26,2.8,4.1,3.0,13.1,2.0,10.6,4.7,41877.0,17.8,84.3,21.3,3.3,0.4631,4.464995978618864
13263,Talbot County,Georgia,3379,1483,1888,0.4388872447469665,0.5587451908848772,-0.11985794613791068,5753,50.5,40.67,55.21,0.0,1.13,26.89,1.9,0.9,9.3,13.4,1.3,6.8,6.3,45098.0,17.3,82.9,15.0,0.0,0.4898,3.759894374025499
13265,Taliaferro County,Georgia,884,375,507,0.4242081447963801,0.5735294117647058,-0.14932126696832576,1740,44.8,41.67,44.66,0.06,5.8,27.07,2.3,1.4,3.0,14.6,0.3,11.0,6.7,48036.0,22.0,83.5,9.9,2.7,0.3891,3.2405492482825995
13267,Tattnall County,Georgia,8512,6515,1967,0.7653900375939849,0.2310855263157894,0.5343045112781956,24215,38.1,58.17,27.52,0.48,10.54,15.24,3.2,9.6,7.1,10.6,2.3,11.4,6.3,52351.0,16.7,80.8,14.6,4.7,0.4488,4.384084473382559
13269,Taylor County,Georgia,3982,2600,1366,0.6529382219989954,0.3430436966348568,0.30989452536413864,7786,42.9,58.55,38.71,0.69,0.78,21.49,3.7,3.4,8.1,14.5,2.9,8.1,9.6,41743.0,18.8,77.7,18.1,2.0,0.5112,3.891314399382143
13271,Telfair County,Georgia,4214,2930,1274,0.6953013763644993,0.3023255813953488,0.39297579496915047,12174,39.4,51.77,36.77,0.16,15.48,17.92,1.8,7.6,5.1,9.6,4.6,15.6,4.1,44948.0,19.0,78.5,10.1,4.5,0.4929,4.08543329741699
13273,Terrell County,Georgia,4341,2075,2253,0.4780004607233356,0.5190048375950241,-0.041004376871688564,8941,41.4,36.37,59.86,1.21,2.45,20.34,4.0,3.6,8.0,14.0,2.5,11.3,6.7,43812.0,25.7,77.8,11.5,1.3,0.4882,3.951386094880293
13275,Thomas County,Georgia,22080,13670,8347,0.6191123188405797,0.378034420289855,0.2410778985507247,45696,39.9,58.28,35.84,0.86,3.79,18.57,4.1,3.8,6.2,9.1,1.8,13.0,5.4,60140.0,13.8,88.0,23.6,2.6,0.464,4.6598781857600615
13277,Tift County,Georgia,16989,11496,5438,0.6766731414444641,0.3200894696568367,0.3565836717876274,41322,37.3,57.17,29.03,1.12,12.91,15.5,1.9,3.9,8.1,11.0,3.5,12.2,5.8,53165.0,16.3,85.7,20.2,5.7,0.4736,4.616181333368964
13279,Toombs County,Georgia,10912,8208,2674,0.7521994134897361,0.2450513196480938,0.5071480938416423,26943,37.2,63.29,23.75,0.85,11.71,17.02,2.2,7.7,6.6,12.5,2.3,9.9,10.5,54130.0,15.5,83.9,19.5,5.9,0.4594,4.430445951108847
13281,Towns County,Georgia,8838,7155,1649,0.8095723014256619,0.1865806743607151,0.6229916270649468,12739,56.9,93.54,1.67,0.04,3.29,36.31,1.5,1.9,9.6,7.4,2.3,13.0,7.7,58400.0,8.6,93.0,32.8,2.1,0.5186,4.105135337612571
13283,Treutlen County,Georgia,3121,2250,864,0.7209227811598846,0.2768343479653957,0.44408843319448893,6387,39.6,64.46,31.31,0.0,0.61,18.51,4.2,3.4,6.5,10.4,3.6,11.5,11.2,43750.0,14.5,74.8,12.8,0.9,0.4683,3.805296916157985
13285,Troup County,Georgia,31304,19392,11757,0.6194735497061078,0.3755750063889598,0.243898543317148,69821,37.2,55.78,36.5,2.4,4.41,15.58,3.4,1.1,7.4,21.6,1.7,13.0,6.7,54905.0,14.1,87.9,22.5,4.4,0.4998,4.843986064635304
13287,Turner County,Georgia,3833,2457,1365,0.6410122619358205,0.356117923297678,0.2848943386381425,8915,37.4,55.89,37.64,0.0,4.66,19.29,6.5,5.1,11.1,5.3,1.0,14.2,5.8,39565.0,16.6,80.6,11.1,3.0,0.4648,3.9501213475113732
13289,Twiggs County,Georgia,4456,2549,1895,0.5720377019748654,0.4252692998204668,0.14676840215439857,7869,47.2,55.43,40.6,0.7,0.78,24.03,1.8,7.6,3.5,14.9,6.1,9.8,12.1,55439.0,14.2,77.8,10.9,0.9,0.5317,3.895919545310016
13291,Union County,Georgia,17880,14477,3309,0.809675615212528,0.1850671140939597,0.6246085011185682,25598,55.9,93.46,0.88,0.17,3.59,33.88,1.6,1.8,13.2,8.7,1.4,12.4,3.6,65697.0,7.3,88.8,25.7,2.8,0.4798,4.4082060347300205
13293,Upson County,Georgia,13662,9528,4098,0.6974088713219148,0.2999560825647782,0.3974527887571366,27856,41.4,67.67,26.5,0.38,2.52,18.37,1.4,1.2,8.1,19.5,1.8,7.4,6.8,50904.0,16.3,85.5,14.8,1.8,0.4953,4.444918753773256
13295,Walker County,Georgia,32086,25462,6436,0.7935548214174406,0.2005859253256872,0.5929688960917534,68449,41.8,90.53,4.37,0.6,2.71,19.09,2.9,1.6,8.8,18.9,1.6,11.6,6.7,55887.0,9.7,85.3,20.1,1.2,0.4523,4.835367107727068
13297,Walton County,Georgia,58376,42407,15605,0.7264457996436892,0.2673187611347129,0.45912703850897624,100361,39.7,72.13,19.73,1.39,6.09,16.03,3.4,0.7,8.0,12.1,3.6,13.4,6.3,82381.0,8.3,87.3,24.9,5.7,0.4264,5.0015649799873145
13299,Ware County,Georgia,14392,10279,4068,0.7142162312395776,0.282657031684269,0.4315591995553086,35958,38.0,62.12,29.89,1.2,4.76,17.08,2.4,2.8,6.3,12.4,2.4,14.8,6.1,44833.0,18.9,81.5,15.0,2.8,0.4729,4.555795528080129
13301,Warren County,Georgia,2592,1232,1354,0.4753086419753086,0.5223765432098766,-0.047067901234568,5175,45.3,39.44,57.6,0.33,1.1,23.09,3.9,7.5,6.0,22.4,3.1,10.8,6.5,46776.0,20.4,77.8,12.7,0.4,0.443,3.7139103541289553
13303,Washington County,Georgia,9493,4824,4643,0.5081639102496577,0.4890972295375539,0.019066680712103767,19893,40.6,42.29,51.59,0.54,1.98,18.21,2.4,6.3,6.9,12.6,1.0,9.3,12.9,44009.0,11.9,84.7,17.5,1.7,0.4644,4.298700282631671
13305,Wayne County,Georgia,13561,10811,2708,0.797212594941376,0.1996902883268195,0.5975223066145565,30519,38.9,72.04,19.91,1.05,6.08,16.28,3.4,2.3,12.7,12.7,1.3,11.0,6.9,49562.0,17.7,86.3,14.0,2.7,0.4413,4.4845702992174115
13307,Webster County,Georgia,1336,790,544,0.5913173652694611,0.4071856287425149,0.1841317365269462,2348,42.8,46.0,49.02,0.0,7.07,19.46,3.2,10.8,5.4,7.7,3.1,5.3,8.8,40764.0,23.2,84.1,11.3,5.4,0.4646,3.370698092575577
13309,Wheeler County,Georgia,2276,1648,622,0.7240773286467487,0.273286467486819,0.45079086115992967,7434,39.5,58.99,38.46,0.0,4.24,14.74,3.0,10.7,13.4,5.8,0.0,7.8,12.1,45262.0,17.0,76.7,12.2,1.0,0.4626,3.871222556759707
13311,White County,Georgia,16825,14136,2609,0.8401783060921248,0.1550668647845468,0.6851114413075781,28454,45.4,90.66,2.05,0.66,3.49,22.91,1.9,1.3,8.2,10.9,3.5,13.5,5.6,69747.0,8.9,84.4,24.3,2.4,0.4381,4.454143327174591
13313,Whitfield County,Georgia,39828,28655,10953,0.7194687154765491,0.2750075323892739,0.4444611830872752,103118,36.6,69.66,3.4,1.48,36.56,14.69,3.4,1.6,7.3,34.6,2.4,8.9,4.0,64262.0,9.9,75.4,19.3,18.3,0.4522,5.01333448117441
13315,Wilcox County,Georgia,3347,2493,847,0.7448461308634599,0.2530624439796833,0.49178368688377655,8784,41.3,61.28,33.5,0.0,3.67,19.46,2.6,9.0,7.9,13.2,0.6,11.6,7.9,48036.0,17.1,78.9,14.1,2.4,0.4661,3.9436923271060165
13317,Wilkes County,Georgia,5098,2971,2112,0.5827775598273833,0.4142801098469988,0.16849744998038452,9553,46.3,52.04,40.99,0.0,4.64,23.71,1.2,3.1,7.5,16.2,2.2,16.0,2.9,52542.0,13.1,82.0,15.7,2.6,0.4991,3.9801397777457543
13319,Wilkinson County,Georgia,4908,2888,2012,0.5884270578647107,0.4099429502852486,0.17848410757946215,8795,43.2,55.41,38.21,0.01,3.15,20.14,2.8,4.7,8.0,16.9,2.0,15.4,7.2,46673.0,15.4,89.6,12.7,1.5,0.4626,3.94423584379348
13321,Worth County,Georgia,9309,6991,2300,0.750993662047481,0.2470727253195832,0.5039209367278978,20575,43.0,67.59,24.21,0.74,2.25,20.06,3.6,5.4,10.6,9.0,4.5,17.7,7.4,57201.0,14.7,86.5,11.3,1.4,0.4352,4.313339843884307
15001,Hawaii County,Hawaii,82823,28748,52163,0.3471016505077092,0.6298129746567982,-0.282711324149089,203684,44.1,31.13,0.79,21.22,11.51,23.16,3.5,3.8,8.1,2.5,2.1,12.1,4.2,77215.0,10.8,93.1,30.9,12.5,0.4761,5.308956915182665
15003,Honolulu County,Hawaii,340921,130489,204301,0.3827543624476052,0.5992619991141642,-0.21650763666655903,1003666,39.4,18.81,2.43,42.56,9.34,19.08,2.9,0.6,7.0,3.1,2.3,10.6,6.9,104264.0,6.1,92.9,37.7,19.6,0.4412,6.001589212321077
15007,Kauai County,Hawaii,30064,11803,17675,0.3925957956359766,0.587912453432677,-0.19531665779670038,73610,42.7,30.09,0.63,29.62,10.49,21.76,2.4,2.4,8.1,2.2,1.6,10.4,7.3,93612.0,6.5,92.7,30.2,14.6,0.4414,4.86693681773164
15009,Maui County,Hawaii,62893,22621,38905,0.3596743675766778,0.6185903041673955,-0.25891593659071765,164632,42.9,30.98,0.76,28.29,10.52,20.03,3.6,1.4,7.9,2.2,1.7,11.9,5.8,95076.0,6.8,92.8,30.1,17.4,0.4541,5.216514254161137
16001,Ada County,Idaho,267340,143759,116116,0.5377384603875215,0.4343382958030972,0.1034001645844243,508052,38.3,84.76,1.28,2.53,9.51,15.74,2.1,1.1,8.4,8.9,2.9,11.4,4.5,88907.0,5.5,95.1,43.9,6.0,0.4516,5.705908165349468
16003,Adams County,Idaho,2679,2037,577,0.7603583426651735,0.2153788727136991,0.5449794699514745,4599,54.3,91.59,0.24,0.0,4.57,30.38,3.2,13.1,14.7,3.6,3.3,18.8,5.9,59286.0,11.2,92.9,21.3,0.8,0.4807,3.6626634095740376
16005,Bannock County,Idaho,39971,24329,14306,0.6086662830552151,0.3579094843761727,0.2507567986790424,88457,35.0,84.31,0.94,1.58,9.59,14.97,2.9,1.5,6.1,7.2,2.0,11.1,6.0,64080.0,7.6,93.8,30.2,3.2,0.4405,4.946732206280036
16007,Bear Lake County,Idaho,3325,2908,346,0.8745864661654136,0.1040601503759398,0.7705263157894737,6552,40.2,94.37,0.27,0.26,3.72,20.88,1.5,12.1,10.4,9.1,1.3,9.9,8.3,67304.0,5.6,93.0,20.3,1.8,0.4129,3.816373888752362
16009,Benewah County,Idaho,5144,4094,935,0.7958786936236392,0.1817651632970451,0.6141135303265941,9913,46.0,84.97,0.74,0.04,3.58,23.45,2.1,6.2,9.6,12.3,1.6,11.8,7.8,56553.0,10.8,84.4,19.8,0.9,0.4618,3.9962051061783246
16011,Bingham County,Idaho,20643,16188,3878,0.7841883447173376,0.1878602916242794,0.5963280530930581,48993,34.8,79.09,0.27,0.41,17.59,14.81,3.7,7.6,9.2,11.6,2.0,11.6,5.3,76842.0,7.3,89.2,20.8,5.2,0.4241,4.690134033527672
16013,Blaine County,Idaho,13087,4281,8424,0.32711851455643,0.6436922136471307,-0.3165736990907007,24579,45.5,80.28,0.48,0.52,21.24,21.83,1.8,3.2,16.3,5.5,1.1,12.1,3.6,84470.0,5.1,91.2,45.5,15.0,0.4802,4.3905642095790585
16015,Boise County,Idaho,4910,3727,1065,0.7590631364562118,0.2169042769857433,0.5421588594704685,8045,53.5,87.41,0.21,1.53,4.76,27.31,1.5,2.8,13.9,7.3,2.1,12.4,3.0,77349.0,4.2,95.6,29.9,2.6,0.3601,3.9055260484350485
16017,Bonner County,Idaho,29698,21352,7650,0.7189709744763957,0.2575931039127214,0.4613778705636743,49456,48.2,90.99,0.26,0.62,3.65,26.15,2.0,3.1,11.2,11.0,1.2,11.6,4.9,65168.0,7.5,91.6,28.9,2.3,0.4701,4.694218987719229
16019,Bonneville County,Idaho,56419,40053,14458,0.7099204168808381,0.256261188606675,0.45365922827416305,127056,33.3,85.35,0.54,0.92,14.16,13.65,2.5,2.1,8.8,8.6,3.2,12.0,4.5,76646.0,6.4,92.1,32.2,3.6,0.4279,5.103995178676936
16021,Boundary County,Idaho,7110,5794,1145,0.8149085794655415,0.1610407876230661,0.6538677918424755,12695,42.8,88.78,0.74,1.69,5.56,23.55,1.7,10.6,11.6,10.5,1.7,13.5,6.6,62438.0,16.4,87.2,19.6,4.2,0.4194,4.103632705209741
16023,Butte County,Idaho,1494,1268,185,0.8487282463186078,0.1238286479250334,0.7248995983935744,2654,39.2,92.28,0.0,0.0,7.76,19.89,2.3,19.1,4.1,4.1,6.6,6.4,5.9,43281.0,19.1,87.6,13.8,3.0,0.4652,3.4239009185284166
16025,Camas County,Idaho,728,547,153,0.7513736263736264,0.2101648351648351,0.5412087912087913,1155,34.9,78.1,0.0,0.0,14.2,14.89,0.0,11.1,14.9,1.6,2.4,12.7,2.2,55536.0,2.5,86.0,27.4,0.4,0.429,3.062581984228163
16027,Canyon County,Idaho,101001,72755,25669,0.7203394025801725,0.2541459985544697,0.4661934040257028,242405,34.8,74.33,0.66,0.85,25.77,14.35,2.2,3.3,11.7,10.4,2.2,11.3,6.4,72355.0,7.3,87.7,22.8,8.1,0.3945,5.38454157362137
16029,Caribou County,Idaho,3456,2906,445,0.8408564814814815,0.128761574074074,0.7120949074074076,7118,38.0,91.88,0.0,0.04,5.61,17.94,1.8,17.6,16.0,10.1,1.4,8.5,4.1,66653.0,7.4,90.5,15.5,3.4,0.3877,3.8523579836678272
16031,Cassia County,Idaho,9557,7959,1359,0.832792717379931,0.1421994349691325,0.6905932824107985,25165,33.1,72.3,0.08,0.29,29.44,13.71,1.7,11.5,8.5,15.1,2.9,11.0,5.8,67042.0,6.8,85.4,20.9,11.1,0.4433,4.400796934733158
16033,Clark County,Idaho,333,280,50,0.8408408408408409,0.1501501501501501,0.6906906906906908,776,33.4,67.14,0.0,0.0,30.67,13.14,1.2,27.3,3.9,13.8,2.5,5.0,2.5,52083.0,9.1,75.7,17.3,21.1,0.3236,2.8898617212581885
16035,Clearwater County,Idaho,4418,3550,774,0.8035310095065641,0.1751923947487551,0.6283386147578089,8921,52.0,89.9,0.2,0.98,4.25,28.52,1.6,8.3,11.1,14.2,0.9,9.2,5.1,57961.0,8.0,91.1,19.4,2.0,0.4263,3.950413539369381
16037,Custer County,Idaho,2650,1998,586,0.7539622641509434,0.2211320754716981,0.5328301886792453,4411,59.5,89.93,0.27,2.65,2.97,36.14,1.0,11.8,8.5,3.5,1.1,11.9,6.5,56957.0,4.9,93.6,25.2,3.2,0.3954,3.6445370577784075
16039,Elmore County,Idaho,10672,7791,2611,0.7300412293853074,0.2446589205397301,0.48538230884557726,29046,32.5,74.53,3.17,2.81,17.98,14.18,3.2,8.8,5.1,10.8,0.5,13.2,4.9,58976.0,8.2,88.1,21.2,8.7,0.4206,4.463086333024533
16041,Franklin County,Idaho,7184,6279,703,0.8740256124721604,0.0978563474387527,0.7761692650334077,14715,32.5,91.87,0.0,0.03,7.29,14.13,1.1,6.6,10.7,21.2,2.5,8.3,7.2,65991.0,5.4,94.0,21.5,2.7,0.4213,4.1677602664356295
16043,Fremont County,Idaho,6803,5645,954,0.8297809789798618,0.1402322504777304,0.6895487285021313,13701,39.9,88.83,0.28,0.05,12.09,17.79,2.7,8.5,11.1,7.2,1.6,12.7,8.8,72767.0,6.7,90.7,21.8,5.1,0.4173,4.136752266326663
16045,Gem County,Idaho,10620,8707,1699,0.8198681732580038,0.1599811676082862,0.6598870056497176,19854,42.8,87.25,0.19,0.23,9.33,22.73,1.6,5.3,16.0,8.8,3.0,10.3,5.0,66245.0,6.9,89.0,22.3,4.8,0.4339,4.2978480175434965
16047,Gooding County,Idaho,5918,4676,1100,0.7901318012842177,0.1858736059479553,0.6042581953362623,15740,38.4,72.1,0.06,0.74,30.98,18.17,3.2,20.7,13.3,8.4,1.2,9.4,5.6,62395.0,9.5,79.8,17.1,13.8,0.4414,4.197004728023046
16049,Idaho County,Idaho,9858,8148,1460,0.8265368228849665,0.1481030635017244,0.6784337593832421,17120,49.6,91.62,0.09,0.5,3.79,28.59,1.8,11.4,9.9,8.9,2.2,9.2,3.9,60975.0,7.8,91.8,22.0,2.2,0.4282,4.233503760341135
16051,Jefferson County,Idaho,15819,13481,1891,0.852203046968835,0.1195397939187053,0.7326632530501297,32234,32.3,88.29,0.12,0.07,10.81,11.53,1.6,7.0,12.2,8.6,3.4,10.9,4.7,82952.0,7.4,93.3,27.2,4.3,0.3746,4.508314201576179
16053,Jerome County,Idaho,7945,6012,1742,0.756702328508496,0.219257394587791,0.5374449339207049,24788,33.6,69.9,0.11,0.3,38.45,13.32,2.4,16.2,9.9,11.1,2.7,9.6,8.0,69338.0,12.6,73.4,13.4,18.2,0.4368,4.394241487477641
16055,Kootenai County,Idaho,96340,72059,22113,0.7479655387170439,0.2295308283163795,0.5184347104006644,177736,40.8,88.16,0.3,0.78,5.44,19.69,2.0,1.8,10.9,7.3,2.3,12.6,5.1,77034.0,6.0,94.4,28.8,2.4,0.427,5.249775402019517
16057,Latah County,Idaho,20440,10669,9039,0.5219667318982387,0.4422211350293542,0.07974559686888455,40315,30.7,88.61,1.04,2.14,5.1,14.47,3.8,5.3,5.2,9.5,1.3,10.7,3.0,65179.0,8.0,96.9,44.9,4.2,0.4611,4.605466664135371
16059,Lemhi County,Idaho,4873,3716,1038,0.7625692591832547,0.2130104658321362,0.5495587933511185,8166,53.1,92.1,0.01,0.26,1.81,30.43,1.8,11.1,11.1,8.3,0.5,14.3,5.8,52057.0,9.4,92.7,22.9,0.8,0.4945,3.9120093755869783
16061,Lewis County,Idaho,1843,1503,305,0.8155181768855128,0.1654910472056429,0.6500271296798699,3649,48.9,83.37,1.7,0.9,4.06,27.79,1.6,14.1,10.9,9.9,2.2,6.0,6.4,49643.0,12.3,90.8,20.0,1.4,0.4724,3.5621738633646483
16063,Lincoln County,Idaho,1917,1466,392,0.764736567553469,0.2044861763171622,0.5602503912363068,5276,37.2,69.35,0.64,0.44,32.01,15.49,3.8,10.8,14.5,12.4,1.9,11.3,6.9,66038.0,5.5,82.5,11.6,15.0,0.3876,3.7223047868743278
16065,Madison County,Idaho,17358,13925,2767,0.8022237584975228,0.1594077658716442,0.6428159926258786,53578,21.4,88.13,0.92,1.44,9.71,5.32,6.0,1.8,5.2,5.7,2.0,13.8,2.1,58259.0,13.3,97.0,40.3,5.1,0.5121,4.728986497902738
16067,Minidoka County,Idaho,7947,6401,1373,0.8054611803196174,0.1727695985906631,0.6326915817289543,21922,34.5,72.11,0.31,0.39,36.68,15.71,1.9,15.0,4.8,16.6,3.9,10.8,5.7,70060.0,10.6,82.1,16.8,11.9,0.4301,4.3408801734136455
16069,Nez Perce County,Idaho,20132,13707,5928,0.6808563481025234,0.2944565865289092,0.38639976157361416,42477,40.9,88.36,0.1,0.86,4.27,20.56,1.7,2.6,6.2,14.9,2.0,12.0,4.3,71466.0,8.8,92.9,26.8,2.3,0.4529,4.628153836476105
16071,Oneida County,Idaho,2457,2119,253,0.8624338624338624,0.1029711029711029,0.7594627594627595,4681,40.2,94.06,0.36,0.0,4.36,19.46,1.0,7.0,7.3,18.5,2.6,10.6,6.0,72563.0,9.7,94.2,26.2,1.1,0.4038,3.670338641127442
16073,Owyhee County,Idaho,4950,4101,756,0.8284848484848485,0.1527272727272727,0.6757575757575758,12284,38.3,73.1,0.48,0.11,24.82,19.11,1.2,16.5,15.0,6.7,2.5,13.1,4.3,59773.0,7.9,77.7,13.7,9.6,0.3911,4.089339807771031
16075,Payette County,Idaho,11760,9458,2064,0.8042517006802721,0.1755102040816326,0.6287414965986395,26190,38.8,82.5,0.08,0.53,17.52,19.27,1.9,9.1,8.5,14.0,2.3,6.3,8.3,65723.0,7.3,86.7,19.6,5.1,0.3891,4.418135498425232
16077,Power County,Idaho,3019,2146,785,0.7108314011262007,0.2600198741305068,0.4508115269956939,8018,33.9,65.4,0.9,0.0,33.8,15.65,3.9,27.1,5.8,10.3,2.7,6.2,10.7,59760.0,6.5,88.0,16.7,12.8,0.3551,3.9040660519145027
16079,Shoshone County,Idaho,6130,4500,1472,0.734094616639478,0.2401305057096248,0.49396411092985315,13580,45.1,90.91,0.94,0.29,3.95,22.77,2.8,8.7,10.1,5.4,1.6,18.6,4.2,49975.0,10.1,88.8,11.5,1.6,0.4079,4.1328997699444825
16081,Teton County,Idaho,6698,3005,3463,0.4486413854882054,0.5170200059719319,-0.06837862048372645,12101,39.8,82.37,0.0,0.05,17.1,13.48,1.1,4.5,14.3,3.7,0.6,9.9,4.6,90740.0,6.7,92.6,48.3,9.8,0.4147,4.08282126093933
16083,Twin Falls County,Idaho,37373,27304,9064,0.730580900650202,0.2425280282556926,0.48805287239450934,92121,35.8,81.6,0.85,1.34,17.53,16.43,2.0,7.1,7.5,11.7,1.7,14.2,5.7,65338.0,8.0,88.7,23.0,7.8,0.4363,4.964358643709526
16085,Valley County,Idaho,7240,4214,2869,0.5820441988950277,0.3962707182320442,0.1857734806629835,12136,49.0,95.07,0.15,0.06,5.1,26.53,1.5,4.1,17.1,2.8,0.3,13.7,2.8,76125.0,6.2,91.0,35.4,0.9,0.5103,4.084075567778674
16087,Washington County,Idaho,5553,4429,1010,0.7975868899693859,0.1818836664865838,0.615703223482802,10866,44.6,83.3,0.11,0.22,16.02,25.68,2.2,10.3,8.4,13.9,3.8,8.1,5.3,53608.0,11.1,88.7,19.0,6.0,0.4367,4.036069700697702
17001,Adams County,Illinois,31744,23161,8111,0.7296181955645161,0.2555128528225806,0.4741053427419355,65166,41.1,90.95,3.56,0.67,2.01,20.06,2.3,3.3,4.5,13.1,5.2,12.9,5.2,64962.0,8.1,93.5,27.0,1.4,0.4422,4.8140210640791965
17003,Alexander County,Illinois,2271,1341,904,0.5904887714663144,0.3980625275209159,0.19242624394539848,5042,45.8,63.19,32.57,0.3,1.33,24.22,4.5,4.8,5.8,11.2,4.9,15.2,11.0,43523.0,13.3,86.7,12.6,0.6,0.4765,3.7026028413404273
17005,Bond County,Illinois,7981,5692,2117,0.7131938353589776,0.2652549805788748,0.4479388547801028,16627,40.4,88.8,6.88,0.5,3.78,18.31,2.4,5.8,6.0,12.1,3.3,10.4,4.8,61603.0,11.1,89.3,21.2,1.9,0.4313,4.220813896785491
17007,Boone County,Illinois,24216,13673,10159,0.5646266930954741,0.4195160224644862,0.14511067063098787,53316,39.5,74.23,2.46,1.0,24.89,16.35,5.1,2.0,7.8,22.7,2.1,9.6,6.6,81638.0,7.6,85.6,23.2,10.2,0.4229,4.726857559288495
17009,Brown County,Illinois,2455,1938,467,0.7894093686354379,0.190224032586558,0.5991853360488799,6320,40.9,75.59,17.26,0.03,5.08,16.2,0.9,6.7,6.2,7.2,23.4,8.1,6.1,72288.0,5.2,79.6,15.1,1.3,0.4097,3.800717078282385
17011,Bureau County,Illinois,15992,9784,5900,0.6118059029514757,0.3689344672336168,0.24287143571785896,33027,44.1,89.05,0.64,0.87,9.84,22.67,3.1,6.1,5.5,15.1,3.3,14.9,7.7,65894.0,8.9,91.0,21.4,3.2,0.4377,4.518869126442929
17013,Calhoun County,Illinois,2680,2059,560,0.7682835820895523,0.208955223880597,0.5593283582089552,4406,48.5,94.94,1.02,0.02,0.95,24.65,2.0,9.4,8.8,6.4,0.5,9.0,6.6,92095.0,5.4,93.4,18.4,0.6,0.3736,3.6440444928147486
17015,Carroll County,Illinois,7836,5082,2600,0.6485451761102603,0.3318019397651863,0.316743236345074,15621,44.9,90.76,3.87,0.68,5.08,24.0,2.3,5.3,4.9,22.1,2.5,10.4,7.4,60871.0,8.2,87.7,18.2,1.5,0.4249,4.193708832395354
17017,Cass County,Illinois,5241,3712,1438,0.7082617821026521,0.2743751192520511,0.433886662850601,12826,38.1,77.69,3.81,0.8,21.89,18.57,2.9,6.5,7.5,21.8,5.1,8.8,6.5,64907.0,8.6,86.7,20.0,13.1,0.4127,4.10809123558122
17019,Champaign County,Illinois,88627,32965,54314,0.3719521139156239,0.6128380741760412,-0.2408859602604173,206098,30.9,66.25,13.36,10.68,8.07,13.62,2.7,1.4,3.4,8.0,1.6,9.1,4.5,63091.0,7.8,95.1,46.6,13.5,0.5031,5.314073777353312
17021,Christian County,Illinois,15534,11278,4026,0.7260203424745719,0.2591734260332174,0.4668469164413545,33684,42.7,93.02,2.64,0.72,3.24,19.69,2.6,5.2,5.3,10.2,3.3,11.0,4.5,59253.0,8.3,90.9,16.5,1.2,0.4449,4.527423658682064
17023,Clark County,Illinois,8203,6130,1927,0.7472875777154699,0.2349140558332317,0.5123735218822383,15328,42.0,95.85,0.69,0.16,1.79,19.69,2.4,4.1,9.3,20.1,2.9,8.9,5.2,70625.0,7.8,92.0,24.3,1.1,0.3959,4.185485491734469
17025,Clay County,Illinois,6766,5610,1054,0.8291457286432161,0.1557788944723618,0.6733668341708543,13173,41.5,95.36,0.71,0.3,0.67,20.78,3.3,6.5,5.2,24.4,1.4,12.0,4.3,57266.0,10.9,87.7,15.6,0.2,0.4652,4.11968469182405
17027,Clinton County,Illinois,19215,14407,4447,0.7497788186312776,0.2314337756960707,0.5183450429352069,36899,41.4,91.36,3.15,0.56,3.88,18.14,2.0,3.6,9.9,10.0,2.1,9.9,5.6,82314.0,5.7,92.0,24.4,2.5,0.4353,4.567014596501425
17029,Coles County,Illinois,21469,13606,7495,0.6337509897992454,0.3491080162094182,0.28464297358982715,46689,38.2,90.32,3.82,1.48,3.69,18.09,4.2,1.5,6.4,12.9,1.6,13.2,4.4,56040.0,11.4,91.5,27.1,2.4,0.4698,4.669214572171697
17031,Cook County,Illinois,2056800,583852,1447821,0.2838642551536367,0.703919194865811,-0.4200549397121743,5185812,37.8,46.45,22.48,7.76,26.5,15.55,4.5,0.2,4.7,9.4,2.4,9.1,7.8,81797.0,9.8,88.3,41.9,21.4,0.5028,6.714816768344912
17033,Crawford County,Illinois,8927,6727,2048,0.75355662596617,0.2294163772824017,0.5241402486837683,18588,42.4,91.14,3.53,0.19,2.53,19.5,2.2,3.7,4.4,18.3,1.2,11.0,4.5,67614.0,7.6,88.2,20.6,1.3,0.4529,4.2692326638068305
17035,Cumberland County,Illinois,5768,4627,1059,0.8021844660194175,0.1835991678224688,0.6185852981969487,10378,42.3,95.97,0.14,0.1,0.32,20.31,1.6,4.4,7.9,15.7,4.4,14.7,5.7,69826.0,5.5,93.9,18.6,0.2,0.4241,4.016113666358908
17037,DeKalb County,Illinois,47186,22716,23648,0.4814139787225024,0.5011655999660917,-0.019751621243589257,100512,32.6,76.28,7.78,2.13,14.0,13.63,4.9,1.4,6.2,11.6,2.6,12.1,6.6,69022.0,10.9,92.4,32.7,6.4,0.4442,5.002217914718411
17039,De Witt County,Illinois,7736,5529,2058,0.7147104446742503,0.266028955532575,0.44868148914167527,15461,44.0,94.5,1.03,0.2,3.36,20.03,3.0,3.5,7.1,15.7,2.0,8.7,8.1,64802.0,4.8,92.8,21.4,1.6,0.4212,4.189237580166831
17041,Douglas County,Illinois,8404,6076,2198,0.7229890528319848,0.2615421227986673,0.4614469300333175,19686,38.9,90.49,1.36,0.45,8.14,18.51,2.0,3.9,6.6,23.4,2.1,11.8,5.4,74186.0,6.3,86.1,20.2,3.7,0.4055,4.294157480769691
17043,DuPage County,Illinois,449660,191243,251164,0.4253057865943157,0.5585642485433439,-0.13325846194902813,927263,40.0,67.25,5.02,12.63,15.74,16.84,3.3,0.3,5.2,12.2,3.5,10.0,6.2,110502.0,4.6,93.2,51.4,20.2,0.4569,5.967202930745525
17045,Edgar County,Illinois,7906,5955,1816,0.753225398431571,0.2296989628130533,0.5235264356185176,16637,46.4,96.31,0.63,0.39,1.43,23.95,2.5,4.9,5.8,20.8,1.3,9.4,4.8,56909.0,8.3,90.1,20.1,0.8,0.4242,4.221075016611721
17047,Edwards County,Illinois,3288,2794,457,0.8497566909975669,0.1389902676399027,0.7107664233576643,6118,44.6,95.64,0.18,0.44,1.34,22.15,3.5,11.8,5.0,25.8,1.4,7.3,4.8,59386.0,10.5,91.9,13.9,0.8,0.4214,3.78660947264866
17049,Effingham County,Illinois,19062,15124,3617,0.7934109747140908,0.1897492393243101,0.6036617353897807,34505,39.5,95.92,0.65,0.75,2.62,18.35,1.4,3.4,6.8,15.2,3.7,13.1,5.5,75380.0,7.2,93.2,26.0,2.1,0.4288,4.537882031742018
17051,Fayette County,Illinois,9601,7847,1632,0.8173106968024164,0.1699822935110926,0.6473284032913238,21380,41.7,89.4,3.77,0.15,2.9,19.22,1.8,7.0,7.5,10.8,2.3,12.3,6.0,57113.0,11.1,87.3,16.6,1.5,0.4637,4.330007700872759
17053,Ford County,Illinois,6547,4778,1643,0.7297999083549718,0.2509546357110127,0.4788452726439591,13396,42.5,91.5,0.84,0.75,4.64,19.29,3.3,7.3,7.3,10.4,3.8,13.6,6.6,60782.0,7.7,91.9,19.4,2.5,0.4363,4.126975138867829
17055,Franklin County,Illinois,17685,13200,4257,0.7463952502120441,0.2407124681933842,0.5056827820186599,37541,43.4,94.82,0.45,0.37,1.89,20.77,3.6,4.7,6.7,13.0,2.5,12.2,6.0,53471.0,12.3,89.2,17.1,1.1,0.4516,4.574505836977325
17057,Fulton County,Illinois,16137,9827,5980,0.6089731672553759,0.3705769349941129,0.23839623226126294,33259,43.7,92.95,2.58,0.27,2.43,21.08,3.7,3.1,9.2,13.1,2.2,12.6,5.0,58617.0,9.3,90.9,17.6,1.1,0.4458,4.52190918712611
17059,Gallatin County,Illinois,2529,1923,561,0.7603795966785291,0.2218268090154211,0.538552787663108,4857,47.3,96.07,0.68,0.27,0.78,25.65,4.2,10.7,5.7,12.5,1.1,13.4,8.5,54626.0,10.5,86.4,15.3,0.4,0.5498,3.6863681034730362
17061,Greene County,Illinois,6054,4719,1220,0.7794846382556987,0.2015196564255038,0.5779649818301948,11837,43.1,96.1,0.69,0.34,1.01,20.36,2.4,6.6,5.6,11.5,2.2,12.6,5.5,60976.0,9.6,90.4,16.3,0.2,0.4385,4.073241647611999
17063,Grundy County,Illinois,26539,16997,9143,0.6404536719544821,0.3445118504841931,0.295941821470289,52920,38.6,88.38,2.13,0.44,11.49,14.6,3.1,1.7,9.0,12.2,2.8,13.3,11.6,93060.0,4.7,94.2,24.2,3.5,0.4098,4.723619835515463
17065,Hamilton County,Illinois,4181,3385,739,0.8096149246591724,0.1767519732121502,0.6328629514470222,7972,43.5,96.01,0.05,0.87,1.34,22.17,3.1,11.9,5.8,11.4,2.7,12.0,6.3,61520.0,9.0,89.0,18.5,0.7,0.4571,3.90156729002845
17067,Hancock County,Illinois,9058,6708,2183,0.7405608302053434,0.2410024287922278,0.4995584014131156,17434,46.3,95.05,0.76,0.33,2.02,23.9,2.7,8.5,4.6,14.5,4.1,13.5,5.3,65044.0,11.6,94.0,24.2,1.4,0.4553,4.2413970416496465
17069,Hardin County,Illinois,1925,1546,357,0.8031168831168831,0.1854545454545454,0.6176623376623377,3623,55.0,96.27,1.19,0.0,1.16,31.8,1.3,9.4,3.3,8.0,0.8,12.7,7.2,57155.0,5.1,88.5,12.2,0.6,0.4207,3.559068334034537
17071,Henderson County,Illinois,3462,2369,1026,0.6842865395725014,0.2963604852686308,0.3879260543038706,6284,49.8,95.16,0.25,0.03,1.94,26.7,5.0,7.6,5.7,17.7,3.4,10.0,7.9,65651.0,10.2,92.1,19.2,0.5,0.3676,3.7982361763679355
17073,Henry County,Illinois,25062,15359,9226,0.612840156412098,0.3681270449285771,0.24471311148352087,48948,43.4,88.49,2.19,0.39,6.71,21.17,2.5,3.3,7.9,16.5,3.0,12.2,5.8,69912.0,5.0,92.1,24.3,1.6,0.4262,4.689734951364719
17075,Iroquois County,Illinois,13307,10376,2747,0.7797399864732847,0.2064327045915683,0.5733072818817164,26746,44.4,89.59,0.68,0.37,7.97,22.21,2.8,7.8,8.0,12.1,3.9,12.4,6.1,62439.0,9.2,89.1,16.7,3.5,0.4443,4.427258840270405
17077,Jackson County,Illinois,22331,10614,11394,0.4753033899064081,0.5102324123415879,-0.03492902243517981,52706,32.9,73.57,14.43,3.6,5.26,16.27,4.1,1.6,5.9,6.9,1.7,13.5,4.0,45572.0,12.1,92.1,35.1,5.7,0.5111,4.721860057690095
17079,Jasper County,Illinois,5421,4449,912,0.8206972883231876,0.1682346430547869,0.6524626452684007,9233,44.2,97.11,0.11,0.15,1.15,20.49,2.4,9.0,7.0,13.5,2.6,13.6,11.6,71094.0,5.5,93.1,20.6,0.7,0.4055,3.965342835560622
17081,Jefferson County,Illinois,16639,12189,4240,0.7325560430314322,0.2548230061902758,0.47773303684115637,36808,41.1,84.88,6.51,1.0,2.72,19.73,3.8,3.3,5.5,16.9,2.8,11.8,7.6,61102.0,11.4,91.4,18.4,1.8,0.4317,4.56594222025674
17083,Jersey County,Illinois,11691,8684,2816,0.7427936019160037,0.2408690445641946,0.5019245573518092,21336,43.2,95.34,0.58,0.5,1.55,20.1,2.6,4.4,7.9,12.3,1.8,7.9,7.5,79104.0,6.4,93.7,20.5,1.0,0.4351,4.32911300268182
17085,Jo Daviess County,Illinois,12385,7136,5051,0.5761808639483246,0.4078320549051272,0.16834880904319738,21918,50.9,94.02,0.83,0.57,4.01,29.13,1.8,4.6,7.1,18.0,1.4,10.8,5.2,74954.0,5.0,93.4,28.8,1.5,0.4175,4.340800922595561
17087,Johnson County,Illinois,6103,4798,1241,0.7861707357037523,0.2033426183844011,0.5828281173193512,13350,42.7,82.18,7.57,0.25,4.25,20.41,1.0,2.1,6.0,8.0,3.3,10.7,3.3,65203.0,13.1,85.9,18.8,0.9,0.4199,4.125481265700594
17089,Kane County,Illinois,222364,99260,120077,0.4463852062384199,0.5400019787375654,-0.09361677249914552,516097,38.6,61.74,5.11,3.96,33.06,14.99,3.5,0.5,6.4,15.4,3.7,11.2,6.1,100678.0,6.1,87.0,37.5,17.2,0.4322,5.712731334583936
17091,Kankakee County,Illinois,47515,28285,18399,0.5952856992528676,0.3872250868146901,0.20806061243817747,106833,39.0,74.49,14.61,0.95,12.12,17.45,3.1,1.5,6.1,13.9,2.7,12.8,7.7,68325.0,8.7,91.0,20.4,5.5,0.4396,5.028705424080075
17093,Kendall County,Illinois,65970,31970,32977,0.4846142185842049,0.4998787327573139,-0.015264514173109034,135053,36.0,69.12,8.33,3.19,21.68,11.05,2.6,0.6,7.0,9.9,3.2,12.9,7.7,110474.0,3.8,93.6,36.4,10.5,0.3563,5.130504235831688
17095,Knox County,Illinois,22175,11917,9838,0.5374069898534386,0.4436527621195039,0.09375422773393471,49294,42.4,83.27,7.78,1.02,6.27,22.15,2.4,3.4,5.4,8.3,2.3,14.5,8.7,53291.0,10.5,89.3,20.3,3.3,0.4517,4.692794060748422
17097,Lake County,Illinois,309323,120402,184642,0.3892436061980519,0.5969229575556942,-0.20767935135764237,711885,38.9,64.02,6.64,8.46,24.41,15.29,3.4,0.3,5.0,15.7,4.0,11.3,4.3,108917.0,5.4,90.6,47.0,19.5,0.4775,5.852409842092978
17099,LaSalle County,Illinois,52432,30717,21029,0.5858445224290509,0.4010718645102227,0.18477265791882824,109049,42.1,86.84,2.71,0.87,10.83,19.45,3.5,3.7,7.2,15.6,2.7,13.0,9.0,72281.0,10.0,91.4,18.7,3.7,0.4327,5.037621687370261
17101,Lawrence County,Illinois,6103,4715,1283,0.7725708667868262,0.2102244797640504,0.5623463870227758,15137,40.6,85.33,6.74,0.49,2.33,18.21,4.1,5.8,7.1,15.0,2.9,9.1,8.4,53438.0,10.4,85.1,14.6,1.5,0.4374,4.180039810927176
17103,Lee County,Illinois,16091,9680,6105,0.6015785221552421,0.3794046361319992,0.2221738860232429,34058,43.0,86.75,5.36,0.53,7.17,20.71,2.0,2.8,5.7,17.0,2.5,9.7,7.2,68459.0,7.3,90.5,19.4,2.3,0.4354,4.532219141146649
17105,Livingston County,Illinois,16538,11970,4311,0.7237876405853186,0.2606723908574193,0.46311524972789936,35659,41.9,90.29,3.51,0.54,5.54,19.95,2.2,5.3,5.7,15.3,2.4,12.9,5.4,70796.0,7.3,90.3,18.5,2.0,0.4152,4.552169159911366
17107,Logan County,Illinois,12555,8757,3543,0.6974910394265234,0.2821983273596177,0.41529271206690566,27870,40.5,88.05,5.96,0.41,3.32,19.08,2.5,5.1,5.7,10.1,4.7,12.1,5.4,64188.0,11.2,91.5,19.9,1.6,0.4389,4.445136968713304
17109,McDonough County,Illinois,11940,6987,4736,0.5851758793969849,0.3966499162479062,0.1885259631490787,27102,35.1,87.12,5.82,1.98,3.45,19.31,5.4,2.8,3.9,11.2,2.5,14.5,5.4,50434.0,11.4,94.3,31.8,3.0,0.4823,4.4330013409450375
17111,McHenry County,Illinois,161699,83933,75370,0.5190693819998887,0.4661129629744154,0.05295641902547332,311366,40.4,82.45,1.56,2.91,15.59,15.91,3.3,0.7,8.1,15.6,3.3,12.5,5.1,102836.0,4.1,93.7,35.2,9.3,0.4133,5.493271187491729
17113,McLean County,Illinois,86168,40290,44495,0.4675749698263857,0.5163749883947637,-0.04880001856837801,170882,34.2,79.34,8.44,4.92,6.26,14.21,1.9,1.7,3.8,7.4,1.6,10.5,3.9,78329.0,6.7,95.8,46.9,7.1,0.4769,5.232696318353383
17115,Macon County,Illinois,45224,26562,18009,0.5873430037148417,0.3982177604811604,0.1891252432336813,102591,40.9,75.18,17.11,1.39,2.75,20.55,4.1,1.9,4.8,18.0,2.7,10.9,5.9,62449.0,9.7,93.0,24.1,2.8,0.4652,5.011109263097638
17117,Macoupin County,Illinois,23403,16065,6892,0.6864504550698628,0.2944921591248985,0.3919582959449643,44566,44.3,94.61,1.2,0.36,1.32,21.12,2.5,3.9,8.4,11.7,2.7,13.0,8.1,68518.0,10.9,90.8,18.8,1.0,0.4279,4.649003655942019
17119,Madison County,Illinois,132599,73925,56341,0.5575079751732668,0.4248976236623202,0.13261035151094658,264631,40.2,84.0,8.64,1.01,4.17,17.99,3.0,0.9,6.2,11.7,2.2,11.6,7.4,74800.0,7.6,93.7,30.8,2.2,0.4448,5.422640717932904
17121,Marion County,Illinois,16756,12409,4116,0.7405705418954405,0.2456433516352351,0.4949271902602054,37294,41.3,90.4,4.22,0.67,2.14,19.84,3.9,2.0,4.6,17.9,2.2,11.5,7.9,60839.0,11.0,90.3,17.3,1.5,0.4392,4.57163896648716
17123,Marshall County,Illinois,6127,4119,1913,0.6722702790925412,0.3122245797290681,0.36004569936347314,11715,45.9,93.73,0.42,0.11,3.24,23.58,2.6,6.1,7.2,19.8,3.8,9.2,7.3,69818.0,8.3,91.0,18.7,1.4,0.4212,4.068742292932981
17125,Mason County,Illinois,6371,4464,1773,0.700674933291477,0.2782922618113326,0.4223826714801444,12878,45.5,96.04,0.88,0.12,1.47,23.01,3.4,7.4,7.8,10.9,3.6,11.5,6.6,62127.0,10.1,92.1,17.1,0.4,0.4198,4.109848420756105
17127,Massac County,Illinois,6676,4939,1683,0.7398142600359496,0.2520970641102457,0.48771719592570395,13958,45.0,87.91,6.33,0.38,2.78,21.41,1.9,5.6,6.6,7.2,1.7,14.2,11.5,62584.0,9.2,89.3,16.3,1.5,0.3995,4.144823193989894
17129,Menard County,Illinois,6423,4499,1834,0.7004515024132025,0.2855363537287871,0.4149151486844154,12169,42.8,95.74,0.46,0.39,1.54,20.19,2.3,5.1,5.5,5.0,3.0,11.9,4.0,81334.0,6.3,94.2,26.5,1.2,0.4164,4.085254891103877
17131,Mercer County,Illinois,8345,5215,2950,0.6249251048532055,0.353505092869982,0.2714200119832235,15619,44.5,94.77,0.56,0.33,3.29,21.46,1.8,4.7,10.9,13.5,2.9,13.9,6.4,71710.0,5.6,93.3,18.9,1.1,0.4007,4.193653224907199
17133,Monroe County,Illinois,20889,14055,6473,0.672842165733161,0.3098760112978122,0.3629661544353488,34969,42.5,96.13,0.59,0.47,1.88,18.84,1.4,3.2,6.3,10.3,2.4,11.5,5.6,101635.0,3.7,95.8,38.2,1.1,0.4013,4.543683213072998
17135,Montgomery County,Illinois,13187,9378,3573,0.7111549253052248,0.2709486615606279,0.4402062637445969,28078,42.6,93.4,2.69,0.54,2.13,21.0,3.1,6.3,8.4,9.6,2.9,11.8,6.6,61863.0,8.2,90.0,18.2,1.0,0.4558,4.448366169700719
17137,Morgan County,Illinois,14649,9607,4848,0.6558126834596218,0.3309440917468769,0.32486859171274496,32621,41.5,88.36,5.28,0.76,2.78,20.85,3.2,3.3,5.0,11.8,3.6,11.8,6.4,65175.0,7.0,89.6,23.3,1.1,0.4397,4.513497270248867
17139,Moultrie County,Illinois,6523,4816,1615,0.7383105932852981,0.2475854668097501,0.490725126475548,14469,40.4,96.03,1.06,0.13,1.58,18.95,1.6,4.3,8.8,21.4,3.3,11.8,6.7,71676.0,8.0,85.7,18.8,0.6,0.4129,4.160438516641545
17141,Ogle County,Illinois,25749,16450,8883,0.6388597615441376,0.3449842712338343,0.2938754903103033,51536,42.0,87.71,1.22,0.45,11.5,19.34,3.4,2.4,6.9,18.2,1.9,10.1,8.9,79244.0,5.9,91.0,24.0,4.5,0.4043,4.712110707475616
17143,Peoria County,Illinois,78731,36896,40564,0.4686337020995542,0.5152227204023828,-0.04658901830282863,179831,38.1,68.58,17.52,4.5,5.75,17.93,4.1,1.0,4.9,14.5,2.0,10.0,4.5,64938.0,10.1,93.4,34.5,6.9,0.4892,5.25486455930187
17145,Perry County,Illinois,9241,6949,2146,0.7519748944919381,0.232225949572557,0.5197489449193811,20810,42.2,86.5,7.98,0.65,3.51,19.82,2.5,5.0,5.5,10.2,0.8,13.9,6.3,59286.0,12.7,85.3,12.3,1.4,0.4132,4.318272080211627
17147,Piatt County,Illinois,9496,6104,3204,0.6427969671440606,0.3374052232518955,0.30539174389216517,16702,42.5,95.62,1.59,0.19,1.56,20.48,2.2,5.5,7.4,8.1,2.5,13.0,5.6,87516.0,4.6,96.0,31.9,0.9,0.4143,4.22276847934858
17149,Pike County,Illinois,7506,6086,1302,0.8108180122568612,0.1734612310151878,0.6373567812416734,14625,42.9,96.08,0.51,0.33,1.94,21.67,2.7,7.3,6.2,9.8,3.4,12.6,5.0,58029.0,11.0,91.8,18.8,1.0,0.4275,4.165095874754218
17151,Pope County,Illinois,2132,1698,416,0.7964352720450282,0.1951219512195122,0.6013133208255159,3757,50.8,89.57,5.03,0.03,2.56,26.03,1.3,4.9,10.6,3.4,2.1,13.7,9.9,62500.0,7.7,91.7,16.8,0.8,0.4366,3.5748411950633847
17153,Pulaski County,Illinois,2377,1583,769,0.6659655027345394,0.3235170382835507,0.34244846445098864,5074,42.7,62.79,32.32,0.1,1.93,22.74,1.1,5.4,2.7,13.0,1.6,15.2,12.3,43227.0,15.2,87.4,11.9,0.7,0.4413,3.705350462885712
17155,Putnam County,Illinois,3331,2014,1254,0.6046232362653857,0.376463524467127,0.22815971179825872,5600,47.2,92.89,0.23,0.64,6.41,23.86,2.1,6.0,6.7,15.7,3.2,11.9,9.9,77526.0,5.6,93.6,24.6,1.6,0.3908,3.7481880270062002
17157,Randolph County,Illinois,14332,10624,3461,0.7412782584426458,0.2414875802400223,0.4997906782026236,30142,43.0,86.92,7.98,0.64,3.63,20.82,2.7,4.5,6.3,15.4,1.8,10.3,5.9,68870.0,8.7,87.9,14.2,2.2,0.4012,4.479172065501725
17159,Richland County,Illinois,7743,5889,1747,0.7605579232855483,0.2256231434844375,0.5349347798011108,15675,42.5,94.06,0.45,0.27,1.9,20.48,2.6,5.2,5.0,15.3,3.2,17.5,6.8,60404.0,5.6,91.9,18.9,1.4,0.4139,4.195207549502754
17161,Rock Island County,Illinois,63267,28061,34126,0.4435329634722683,0.5393965258349535,-0.09586356236268517,142995,40.3,73.04,10.96,2.62,14.0,20.06,3.5,1.0,6.3,16.2,2.3,11.6,7.1,66768.0,11.1,90.2,24.1,8.2,0.438,5.155320852077836
17163,St. Clair County,Illinois,119655,54021,63433,0.4514729848313902,0.5301324641678158,-0.07865947933642559,254777,39.5,61.16,27.99,1.56,4.95,16.77,3.5,1.2,5.2,8.9,1.6,10.7,8.2,70178.0,9.5,92.7,30.7,3.2,0.4562,5.40616021948773
17165,Saline County,Illinois,10602,7830,2634,0.7385398981324278,0.2484436898698359,0.4900962082625919,23387,43.2,92.43,2.8,0.74,2.08,20.91,3.2,7.0,6.4,9.7,2.1,8.7,6.2,54945.0,13.0,88.8,20.2,1.1,0.5043,4.368974515652388
17167,Sangamon County,Illinois,98845,50979,46074,0.515746876422682,0.4661237290707674,0.04962314735191464,195217,40.8,79.12,12.65,2.12,2.79,18.89,3.4,1.4,4.7,5.6,1.9,9.6,4.3,74114.0,8.3,93.7,35.1,3.3,0.4567,5.2905176344613976
17169,Schuyler County,Illinois,3756,2720,961,0.724174653887114,0.2558572949946752,0.4683173588924388,6826,48.8,92.25,4.66,0.66,2.48,25.15,3.3,6.3,3.8,10.6,11.4,12.6,4.7,66059.0,8.9,92.0,18.9,1.8,0.4197,3.83416628394262
17171,Scott County,Illinois,2587,2071,488,0.8005411673753382,0.1886354851178971,0.6119056822574411,4847,44.3,95.67,1.24,0.43,1.46,20.63,1.5,7.3,6.6,15.6,4.2,6.6,5.0,73013.0,8.0,93.2,22.2,0.5,0.4169,3.6854730197227594
17173,Shelby County,Illinois,11664,9267,2240,0.7944958847736625,0.1920438957475994,0.6024519890260631,20867,45.5,96.8,0.12,0.29,1.15,23.48,1.9,6.5,6.1,14.6,3.8,13.3,5.4,68457.0,6.4,94.5,17.6,1.3,0.3815,4.319460016046888
17175,Stark County,Illinois,2761,1983,725,0.7182180369431366,0.2625860195581311,0.45563201738500547,5324,44.6,93.11,1.03,0.68,2.52,22.84,1.8,5.9,10.5,15.2,1.8,11.7,6.0,62284.0,9.6,91.7,19.3,2.1,0.435,3.7262380468026377
17177,Stephenson County,Illinois,20965,12347,8278,0.5889339375149057,0.3948485571190078,0.19408538039589796,44042,45.2,82.09,8.43,0.81,5.3,23.94,2.8,4.4,5.5,18.7,2.0,10.7,4.6,61943.0,8.9,91.5,21.7,2.4,0.4305,4.643867032580406
17179,Tazewell County,Illinois,67966,42451,24325,0.6245917076185151,0.3578995380042962,0.26669216961421893,130555,41.7,93.93,1.4,1.02,2.57,19.54,2.4,1.5,6.7,14.7,2.3,11.1,4.9,76704.0,5.7,94.0,28.4,1.4,0.4209,5.115793509102873
17181,Union County,Illinois,8224,5837,2285,0.7097519455252919,0.2778453307392996,0.43190661478599224,16972,44.3,90.53,0.8,0.44,5.2,22.1,2.7,4.5,8.6,7.4,2.3,9.4,8.3,56420.0,12.4,87.0,20.9,2.9,0.4519,4.229733023094578
17183,Vermilion County,Illinois,29509,19777,9254,0.6702023111593073,0.313599240909553,0.3566030702497543,73179,41.2,78.94,14.8,0.87,5.42,20.09,3.5,2.8,6.9,15.8,4.1,11.8,6.2,54537.0,12.2,90.7,16.2,2.1,0.4425,4.864386470503837
17185,Wabash County,Illinois,5377,4095,1200,0.7615770875953134,0.2231727729217035,0.5384043146736099,11199,43.0,93.95,1.04,1.28,1.86,21.99,2.5,6.1,5.9,17.6,3.6,9.6,6.6,53650.0,9.0,92.8,18.7,2.0,0.4917,4.049179244645967
17187,Warren County,Illinois,7432,4579,2711,0.6161194833153929,0.3647739504843918,0.2513455328310011,16576,38.7,84.86,2.8,2.41,10.8,19.64,3.2,4.2,3.2,14.2,3.5,10.4,8.8,64650.0,7.5,86.6,22.0,6.2,0.4066,4.219479738065139
17189,Washington County,Illinois,7561,5892,1564,0.7792620023806375,0.2068509456421108,0.5724110567385267,13682,44.2,95.59,0.77,0.24,1.58,21.27,2.6,9.2,6.7,16.4,3.5,12.5,4.9,75652.0,4.4,93.2,24.4,0.6,0.3915,4.136149586088531
17191,Wayne County,Illinois,8267,7019,1155,0.849038345228015,0.1397121083827265,0.7093262368452885,15994,43.1,96.05,0.33,0.54,1.62,21.93,1.9,8.9,5.1,13.8,2.3,13.6,8.6,53107.0,10.8,90.2,16.2,1.7,0.4554,4.203957091681244
17193,White County,Illinois,7064,5586,1390,0.7907701019252548,0.1967723669309173,0.5939977349943375,13708,44.4,96.26,0.66,0.22,1.5,23.17,2.1,11.6,4.2,15.8,1.5,11.1,6.8,53097.0,13.1,86.5,14.9,0.7,0.4521,4.13697409575783
17195,Whiteside County,Illinois,26429,14898,11012,0.5636989670437776,0.4166635135646448,0.14703545347913283,55192,43.4,87.87,1.07,0.51,13.07,21.43,2.9,2.8,5.6,19.4,2.2,12.0,7.0,64536.0,8.3,91.0,20.1,2.8,0.448,4.741876131938538
17197,Will County,Illinois,324971,157672,162874,0.4851879090749636,0.5011954912899921,-0.01600758221502846,698450,38.9,65.03,11.79,6.11,19.3,14.09,3.3,0.5,6.8,10.9,3.0,11.7,9.3,107799.0,5.2,91.5,36.5,13.0,0.4114,5.844135321686673
17199,Williamson County,Illinois,32998,22686,9890,0.6874962118916298,0.2997151342505606,0.38778107764106917,66902,41.4,89.24,3.49,1.56,2.81,19.59,2.5,2.8,5.4,8.3,2.3,12.0,5.4,65521.0,10.1,92.4,27.5,2.0,0.4452,4.825439100966339
17201,Winnebago County,Illinois,121048,59257,59942,0.489533077787324,0.4951919899543983,-0.005658912167074259,283289,39.7,69.08,13.34,2.85,14.99,18.21,4.5,0.6,5.9,19.6,2.5,12.1,6.9,64363.0,11.6,88.6,24.6,8.7,0.4505,5.452229711364599
17203,Woodford County,Illinois,21113,14837,5958,0.7027423862075498,0.2821958035333681,0.4205465826741817,38348,40.5,94.96,0.63,0.5,1.99,18.76,1.9,2.7,6.1,15.3,2.7,10.6,4.0,85629.0,4.8,94.8,36.1,1.5,0.4206,4.583742718699248
18001,Adams County,Indiana,13959,10528,3179,0.7542087542087542,0.2277383766745468,0.5264703775342074,35995,33.2,94.07,0.41,0.31,4.69,15.95,1.6,4.2,9.8,26.7,2.7,9.8,3.3,63128.0,7.9,87.0,15.2,1.4,0.4036,4.55624217790006
18003,Allen County,Indiana,162979,90283,69960,0.5539548039931524,0.4292577571343547,0.12469704685879773,388791,36.2,72.72,10.89,4.97,8.77,15.31,3.1,0.3,5.7,18.7,2.5,11.6,5.4,68839.0,9.2,90.3,31.1,7.8,0.4437,5.589716203024873
18005,Bartholomew County,Indiana,35464,22220,12525,0.6265508684863523,0.3531750507556959,0.27337581773065645,82881,37.7,80.09,1.79,7.57,8.98,16.54,2.4,0.4,4.1,30.2,2.0,10.3,4.0,80365.0,8.8,92.1,35.4,10.5,0.4439,4.918454982409144
18007,Benton County,Indiana,3954,2873,1010,0.7266059686393526,0.2554375316135558,0.47116843702579675,8708,40.3,92.03,1.47,0.1,6.98,17.2,2.2,11.5,6.8,22.1,2.7,7.8,3.8,61811.0,9.2,89.6,18.8,2.4,0.4363,3.939918420369057
18009,Blackford County,Indiana,5135,3811,1227,0.7421616358325219,0.2389483933787731,0.5032132424537488,12007,44.0,95.22,0.47,0.16,2.19,22.11,3.0,2.7,8.1,30.6,1.1,8.7,5.7,47560.0,12.7,89.5,13.5,1.0,0.4733,4.079434510633743
18011,Boone County,Indiana,40062,22840,16426,0.5701163197044581,0.4100144775597823,0.16010184214467577,72827,38.3,88.63,2.44,3.39,4.11,14.59,2.1,1.5,5.3,15.4,2.2,9.5,6.2,104865.0,4.2,95.0,50.5,4.7,0.4886,4.862292420207181
18013,Brown County,Indiana,8627,5647,2832,0.6545728526718442,0.3282717051118581,0.32630114755998607,15543,50.9,94.56,0.6,0.53,2.01,26.26,1.8,2.3,9.1,15.5,2.4,10.4,5.4,72644.0,7.5,93.6,26.0,2.5,0.435,4.191534847006784
18015,Carroll County,Indiana,9177,6902,2120,0.7520976353928299,0.2310123133921761,0.5210853220006538,20443,42.9,94.96,0.72,0.15,4.4,20.39,1.8,4.6,9.6,24.0,1.1,8.8,3.6,64003.0,4.9,89.7,15.5,1.9,0.4223,4.310544628636955
18017,Cass County,Indiana,14207,10285,3722,0.7239389033574998,0.2619835292461462,0.46195537411135357,37703,41.1,80.92,1.31,1.6,18.06,18.14,2.1,2.0,5.5,27.4,2.0,10.7,5.0,56525.0,9.2,85.8,15.6,9.2,0.4033,4.576375908073421
18019,Clark County,Indiana,58570,34734,22810,0.5930339764384497,0.3894485231347106,0.20358545330373906,122800,39.8,83.26,7.05,1.13,6.65,16.48,2.5,0.2,6.6,16.3,2.0,10.7,7.2,72298.0,6.3,90.7,25.5,4.0,0.4082,5.089198366805149
18021,Clay County,Indiana,12050,9354,2495,0.7762655601659751,0.2070539419087137,0.5692116182572614,26431,41.2,95.01,0.31,0.23,1.88,18.52,2.3,1.9,7.1,22.6,1.4,7.5,7.9,67676.0,7.2,90.8,17.0,0.7,0.4714,4.422113594696833
18023,Clinton County,Indiana,12443,9108,3135,0.7319778188539742,0.2519488869243751,0.48002893192959906,32967,36.5,83.35,0.65,0.5,18.96,16.3,2.0,3.3,6.2,27.2,2.1,8.1,6.1,63690.0,5.1,86.4,16.7,8.4,0.3812,4.51807942810387
18025,Crawford County,Indiana,5011,3668,1235,0.7319896228297745,0.2464577928557174,0.48553182997405714,10494,45.6,95.34,0.27,0.02,0.31,20.73,1.3,3.5,11.9,20.7,2.0,9.2,10.1,48993.0,17.7,85.6,11.1,0.3,0.4513,4.02094105986232
18027,Daviess County,Indiana,11445,9322,1963,0.8145041502839668,0.1715159458278724,0.6429882044560944,33442,34.7,90.34,1.64,0.25,6.41,15.83,1.0,4.2,13.4,21.7,1.4,13.0,4.6,68561.0,7.5,77.2,15.1,4.0,0.4291,4.524292242540612
18029,Dearborn County,Indiana,26588,20844,5335,0.7839626899353092,0.200654430570182,0.5833082593651271,50828,41.8,95.19,0.22,0.5,1.52,18.66,1.5,0.5,8.6,17.1,3.5,11.2,5.4,82693.0,5.3,91.2,26.0,1.4,0.4086,4.706103021249971
18031,Decatur County,Indiana,12111,9491,2406,0.7836677400710098,0.198662373049294,0.5850053670217158,26411,40.4,93.67,0.32,0.09,2.42,17.68,1.7,2.9,5.1,30.8,2.2,9.3,5.1,74228.0,6.3,90.5,20.1,0.8,0.4178,4.421784845215252
18033,DeKalb County,Indiana,19785,14377,5064,0.7266616123325752,0.2559514783927217,0.4707101339398535,43584,38.4,94.97,0.21,0.57,2.94,17.0,2.7,2.0,6.1,34.2,1.2,9.8,5.2,70080.0,7.5,92.3,20.1,1.5,0.4064,4.639327085896673
18035,Delaware County,Indiana,45736,26067,18848,0.5699449011719433,0.4121042504810215,0.1578406506909218,112109,35.7,86.3,5.31,1.65,3.17,17.39,3.7,1.1,5.9,12.0,1.9,12.5,4.5,56932.0,11.2,90.9,25.7,2.2,0.4419,5.04964047872737
18037,Dubois County,Indiana,21406,14983,5944,0.6999439409511352,0.2776791553769971,0.4222647855741381,43563,40.1,89.56,1.65,0.62,9.69,18.08,1.4,3.0,5.9,34.1,5.1,11.8,4.7,71918.0,5.7,89.2,24.3,5.7,0.4122,4.639117780142108
18039,Elkhart County,Indiana,69694,45652,23082,0.655034866703016,0.3311906333400293,0.32384423336298673,206868,35.5,75.31,4.91,1.14,19.51,15.17,2.2,1.4,5.5,34.8,2.6,9.7,3.4,65617.0,9.2,82.2,19.7,9.4,0.4434,5.315693315710452
18041,Fayette County,Indiana,9838,7625,2084,0.7750559056718845,0.2118316731042895,0.563224232567595,23390,43.9,94.51,1.14,0.15,1.36,20.55,2.3,1.3,3.3,25.3,2.0,10.8,8.2,56659.0,11.8,85.9,16.4,1.2,0.4301,4.369030221809153
18043,Floyd County,Indiana,41144,23408,17025,0.568928640871087,0.4137905891503013,0.15513805172078565,80512,40.1,86.85,5.06,1.17,4.04,17.14,2.5,0.5,5.9,15.9,2.5,10.6,6.2,78179.0,6.9,92.5,31.3,2.8,0.436,4.905860615093137
18045,Fountain County,Indiana,7981,6311,1526,0.7907530384663576,0.1912041097606816,0.599548928705676,16546,42.8,94.62,0.77,0.28,2.85,19.67,2.8,4.0,5.8,27.0,2.1,10.3,4.7,62526.0,9.2,89.7,13.7,1.3,0.4017,4.218693019991356
18047,Franklin County,Indiana,12032,9810,2061,0.8153257978723404,0.1712932180851064,0.6440325797872339,22929,42.3,96.38,0.15,0.65,1.13,19.67,2.0,1.8,10.4,22.3,2.1,10.9,5.1,79702.0,5.1,88.7,19.5,1.2,0.4055,4.360385114304637
18049,Fulton County,Indiana,8851,6633,2097,0.7494068466839905,0.2369223816517907,0.5124844650321998,20411,42.2,91.15,0.43,0.08,5.37,20.08,4.3,3.2,7.3,29.4,1.4,9.4,2.9,62878.0,9.3,87.3,16.2,2.0,0.4255,4.309864282709357
18051,Gibson County,Indiana,15897,11896,3722,0.7483172925709254,0.2341322262062024,0.5141850663647229,32986,40.8,91.15,2.24,0.47,2.15,17.73,1.8,5.7,5.8,29.6,1.7,11.4,7.3,67763.0,6.5,90.7,19.0,1.6,0.3976,4.518329654640477
18053,Grant County,Indiana,25133,17580,7083,0.699478772928023,0.2818207138025703,0.4176580591254527,66377,39.3,84.99,4.85,0.91,5.32,18.94,4.0,1.1,4.9,17.1,0.9,12.4,4.8,54007.0,14.7,88.8,20.4,2.6,0.4423,4.8220176199784595
18055,Greene County,Indiana,14633,11132,3270,0.7607462584569125,0.2234675049545547,0.5372787535023578,30954,43.1,95.95,0.43,0.17,1.95,19.89,3.8,4.9,6.9,15.8,1.2,9.4,7.1,59753.0,10.8,88.1,14.6,0.7,0.4448,4.490716778256952
18057,Hamilton County,Indiana,196441,102318,90394,0.5208586802144155,0.4601585208790426,0.06070015933537293,357176,38.0,81.61,4.2,6.75,5.37,13.44,2.0,0.7,4.8,10.3,3.2,10.1,3.8,117957.0,2.8,97.3,61.8,9.5,0.4391,5.55288226931578
18059,Hancock County,Indiana,44431,29288,14312,0.6591794017690351,0.322117440525759,0.3370619612432761,82013,40.2,89.95,3.13,0.92,3.19,17.17,1.8,0.7,8.8,11.7,3.3,10.7,5.6,91326.0,2.7,93.5,34.2,2.5,0.4034,4.9138826984907515
18061,Harrison County,Indiana,20440,14830,5233,0.7255381604696673,0.2560176125244618,0.46952054794520554,39785,43.0,95.58,0.88,0.64,2.29,18.75,2.3,1.0,7.5,14.8,2.5,10.9,8.5,72468.0,5.7,91.8,22.0,1.6,0.4049,4.599719362397098
18063,Hendricks County,Indiana,83116,49783,31917,0.5989580826796285,0.384005486308292,0.21495259637133646,179379,38.6,80.37,9.09,3.28,4.93,14.72,1.7,0.5,6.2,12.3,2.8,10.9,9.2,99988.0,3.9,93.5,39.6,6.1,0.3904,5.253771598585712
18065,Henry County,Indiana,20592,15033,5208,0.7300407925407926,0.2529137529137529,0.4771270396270397,48896,42.1,93.01,2.33,0.52,2.16,19.21,2.2,1.5,7.0,19.4,2.7,11.7,4.3,60144.0,9.2,90.6,16.7,1.2,0.424,4.689273332559577
18067,Howard County,Indiana,38778,25871,12197,0.6671566352055289,0.3145340141317241,0.3526226210738048,83610,41.0,85.3,7.85,1.46,3.9,19.56,3.4,1.0,5.0,24.8,1.0,11.4,4.9,62496.0,8.5,92.1,20.0,1.9,0.4306,4.922258223432967
18069,Huntington County,Indiana,17720,12990,4416,0.7330699774266366,0.2492099322799097,0.48386004514672687,36757,40.8,94.66,0.79,0.63,2.99,18.2,2.0,2.7,5.7,25.4,1.8,10.6,5.7,62734.0,6.0,93.0,23.1,1.5,0.4208,4.565340058301314
18071,Jackson County,Indiana,18653,14323,4015,0.7678657588591647,0.2152468771779338,0.552618881681231,46319,38.8,81.57,1.11,2.2,13.58,16.03,2.0,3.2,6.4,31.6,3.1,12.8,5.5,70208.0,7.7,89.2,20.3,8.3,0.3981,4.665759174657852
18073,Jasper County,Indiana,15821,12082,3489,0.7636685418115163,0.2205296757474243,0.543138866064092,33198,41.4,88.9,0.73,0.34,7.33,18.24,2.4,4.7,11.9,17.3,2.0,10.0,7.1,79634.0,5.3,93.1,18.1,3.3,0.4046,4.521111920597796
18075,Jay County,Indiana,8102,6217,1747,0.76734139718588,0.2156257714144655,0.5517156257714145,20281,39.6,93.81,0.31,0.34,4.49,18.13,2.2,5.1,10.8,31.4,0.6,8.0,5.9,54114.0,8.8,86.9,12.7,1.2,0.4028,4.307089365048616
18077,Jefferson County,Indiana,14325,9614,4442,0.6711343804537522,0.310087260034904,0.3610471204188482,33074,41.6,93.12,1.1,0.73,3.4,18.75,2.3,1.3,5.6,24.4,1.7,12.4,5.3,59987.0,9.3,88.6,18.1,1.2,0.4436,4.519486722064457
18079,Jennings County,Indiana,11809,9273,2328,0.7852485392497248,0.1971377762723346,0.5881107629773902,27584,40.1,94.56,0.54,0.49,3.3,16.89,2.7,1.8,8.2,27.1,0.6,12.6,5.3,68476.0,8.4,87.6,13.6,1.2,0.3806,4.440657244144619
18081,Johnson County,Indiana,77794,51588,24880,0.6631359744967478,0.3198190091780857,0.34331696531866207,163983,38.1,86.16,3.06,4.71,4.11,15.41,2.0,0.9,7.1,13.1,2.6,11.5,6.8,87227.0,5.4,92.7,33.3,5.2,0.4281,5.214798827383828
18083,Knox County,Indiana,15105,11236,3625,0.743859649122807,0.2399867593512082,0.5038728897715988,36108,39.1,90.5,1.58,0.95,2.84,18.41,1.6,4.4,4.3,18.8,1.9,13.0,5.6,58863.0,9.6,90.1,17.8,2.1,0.4543,4.557603433787706
18085,Kosciusko County,Indiana,34855,26213,7995,0.7520585281882083,0.2293788552574953,0.522679672930713,80357,39.0,87.9,0.71,1.47,9.51,17.53,1.9,2.4,5.6,40.5,1.6,8.1,2.9,73922.0,6.6,88.0,24.6,5.1,0.4102,4.905023714689378
18087,LaGrange County,Indiana,10408,8073,2162,0.7756533435818601,0.2077248270561106,0.5679285165257495,40596,32.5,94.54,0.32,0.04,4.42,14.19,2.2,3.3,7.5,43.0,2.9,9.8,4.5,83741.0,5.6,60.6,11.1,2.0,0.4061,4.608483243835606
18089,Lake County,Indiana,209407,97270,109086,0.4645021417622142,0.520928144713405,-0.05642600295119077,498990,39.6,57.23,23.19,1.56,20.52,17.42,3.9,0.4,7.4,14.8,2.0,11.5,7.7,68985.0,11.2,90.2,24.9,7.2,0.4551,5.6980918422399505
18091,LaPorte County,Indiana,47529,26726,20007,0.5623093269372383,0.4209430032190873,0.14136632371815105,112141,40.8,79.22,10.46,0.69,7.37,18.93,2.5,0.8,7.7,22.5,2.0,10.9,5.3,70452.0,9.7,90.5,21.7,3.2,0.4296,5.049764424533525
18093,Lawrence County,Indiana,21209,15830,5010,0.7463812532415484,0.2362204724409448,0.5101607808006036,45077,43.5,94.83,0.41,0.59,1.88,20.05,2.1,1.2,8.1,21.1,1.2,11.3,3.9,65551.0,7.8,90.4,20.5,1.3,0.4093,4.653955004827485
18095,Madison County,Indiana,55716,34837,19824,0.6252602484026133,0.3558044367865604,0.2694558116160529,130949,40.8,84.85,6.3,0.6,5.13,18.6,3.4,0.8,8.1,15.7,1.6,11.1,5.6,62632.0,9.5,90.5,20.1,1.7,0.4383,5.117102186257699
18097,Marion County,Indiana,351910,124327,221719,0.3532920348952857,0.630044613679634,-0.27675257878434834,971822,34.3,54.18,27.64,3.93,13.37,12.87,3.5,0.3,6.3,10.9,2.6,11.7,8.4,63450.0,11.1,87.7,34.1,11.6,0.4701,5.987586726349188
18099,Marshall County,Indiana,19540,13837,5356,0.7081371545547595,0.2741044012282497,0.43403275332650976,46225,39.6,90.11,0.5,0.67,11.57,18.33,1.8,2.2,8.8,31.5,1.6,9.3,5.1,68041.0,6.9,86.1,20.4,5.2,0.4125,4.664876919831211
18101,Martin County,Indiana,4987,3961,933,0.7942650892320032,0.187086424704231,0.6071786645277722,9854,41.8,95.72,0.15,0.11,1.22,20.54,1.3,4.8,9.9,19.0,3.3,9.2,4.5,65345.0,9.6,88.7,13.2,0.6,0.4209,3.9936125579388904
18103,Miami County,Indiana,13977,10670,3046,0.7633970093725406,0.2179294555340917,0.5454675538384489,35772,41.0,88.85,3.75,0.62,3.6,17.95,3.6,2.5,7.2,23.9,2.2,14.0,5.8,61130.0,11.3,87.5,16.1,1.1,0.4127,4.553543222080256
18105,Monroe County,Indiana,59099,21004,37213,0.3554036447317213,0.6296722448772399,-0.2742686001455186,139822,31.4,83.38,3.56,6.64,4.61,14.22,3.4,0.5,4.4,11.2,1.3,8.5,3.8,63372.0,8.8,94.8,49.1,8.3,0.4879,5.14557550994255
18107,Montgomery County,Indiana,16572,12122,4134,0.7314747767318368,0.2494569152787835,0.4820178614530533,38155,40.0,90.47,0.66,0.47,6.09,18.47,2.4,2.1,7.2,25.0,2.5,10.9,5.0,66571.0,7.6,88.9,19.5,3.1,0.4224,4.58155145789047
18109,Morgan County,Indiana,35340,26965,7765,0.7630164119977363,0.2197226938313525,0.5432937181663837,72202,41.6,94.78,0.5,0.6,1.98,17.7,2.3,1.0,11.0,13.0,1.8,9.2,11.3,79088.0,6.0,90.4,20.6,1.2,0.4266,4.858549227721076
18111,Newton County,Indiana,6601,5131,1370,0.777306468716861,0.2075443114679594,0.5697621572489017,13859,43.0,89.16,1.02,0.35,7.81,19.99,5.3,6.6,12.2,20.2,1.6,12.1,8.7,68596.0,11.3,88.4,13.7,3.6,0.3944,4.141731894767141
18113,Noble County,Indiana,18962,14209,4462,0.7493407868368316,0.2353127307246071,0.5140280561122245,47417,39.5,88.69,0.31,0.57,11.2,16.55,2.0,1.2,5.7,39.8,1.2,8.5,4.4,70908.0,7.8,82.6,17.8,5.7,0.3984,4.675934073373495
18115,Ohio County,Indiana,3091,2381,666,0.7703008735037205,0.2154642510514396,0.5548366224522808,5993,46.0,95.04,0.35,0.6,0.0,22.94,0.7,2.4,12.8,19.4,0.9,4.7,5.8,67942.0,7.4,93.5,19.0,0.6,0.4017,3.777644277696485
18117,Orange County,Indiana,8590,6467,1988,0.7528521536670547,0.2314318975552968,0.5214202561117579,19746,43.0,93.25,1.51,0.43,1.75,20.31,1.8,3.6,10.5,19.8,2.2,9.9,5.2,64758.0,8.7,85.8,15.2,1.7,0.4535,4.295479132678017
18119,Owen County,Indiana,9875,7360,2354,0.7453164556962025,0.238379746835443,0.5069367088607595,21434,45.3,95.51,0.56,0.55,1.46,21.04,2.7,2.3,11.9,21.8,1.0,7.1,7.9,59586.0,8.9,87.0,17.0,0.9,0.4372,4.3311032263764995
18121,Parke County,Indiana,6653,5158,1371,0.7752893431534646,0.2060724485194649,0.5692168946339997,16346,42.5,94.95,2.25,0.0,1.62,20.24,2.7,7.0,7.4,21.5,2.8,11.1,4.1,66776.0,15.9,84.1,14.2,0.6,0.4336,4.213411494582782
18123,Perry County,Indiana,8666,5549,2970,0.6403184860373875,0.3427186706669743,0.2975998153704132,19218,41.1,93.21,2.15,0.7,1.42,18.96,2.8,3.8,7.6,33.2,1.8,7.8,7.1,61099.0,9.4,91.2,16.5,0.9,0.4094,4.2837081890474655
18125,Pike County,Indiana,6009,4610,1314,0.7671825594940922,0.218671992011982,0.5485105674821102,12187,43.5,95.82,0.25,0.05,1.47,20.89,1.8,5.2,6.1,19.5,1.2,13.4,14.0,66250.0,7.4,90.2,15.7,0.5,0.4112,4.085896811131588
18127,Porter County,Indiana,84877,46109,37213,0.5432449309000082,0.4384344404255569,0.10481049047445135,174150,40.6,85.14,4.18,1.42,11.33,17.73,2.8,0.6,8.3,18.1,1.6,10.2,5.9,85828.0,7.2,93.8,30.1,3.6,0.4291,5.240923478794255
18129,Posey County,Indiana,12972,9206,3572,0.7096823928461301,0.2753623188405797,0.4343200740055504,25163,43.1,94.07,0.7,0.29,1.5,20.34,1.4,3.1,9.4,22.9,2.2,7.4,5.8,79124.0,7.6,93.3,25.3,1.1,0.394,4.400762417606936
18131,Pulaski County,Indiana,5761,4372,1280,0.7588960249956604,0.2221836486721055,0.536712376323555,12441,42.4,92.27,0.33,0.43,3.9,20.86,1.7,8.7,5.3,23.2,2.6,10.5,3.7,59956.0,7.3,89.5,13.7,2.7,0.4265,4.0948552900836805
18133,Putnam County,Indiana,16731,12566,3871,0.7510609049070588,0.2313669236746159,0.5196939812324429,37091,38.4,91.66,3.42,1.55,2.17,17.34,1.2,2.6,7.2,18.1,2.3,13.4,8.3,76182.0,4.7,90.8,19.9,2.6,0.4007,4.56926854237761
18135,Randolph County,Indiana,10547,8008,2349,0.7592680383047312,0.2227173603868398,0.5365506779178915,24425,42.1,91.43,0.79,0.42,4.98,20.27,3.2,5.1,8.3,22.4,1.4,8.4,4.7,61121.0,12.9,90.6,14.4,2.1,0.4196,4.387834572390811
18137,Ripley County,Indiana,14384,11526,2682,0.8013070077864294,0.1864571746384872,0.6148498331479422,29039,40.9,95.31,0.22,0.51,1.91,18.49,2.1,3.3,8.7,23.1,1.6,9.6,6.5,71084.0,7.5,90.6,19.4,1.2,0.4263,4.462981656726417
18139,Rush County,Indiana,7655,5812,1675,0.7592423252775964,0.2188112344872632,0.5404310907903331,16734,42.7,95.97,0.65,0.07,1.79,18.94,3.4,4.2,8.1,25.1,2.0,6.7,6.9,64393.0,8.7,90.8,16.8,0.8,0.3813,4.223599764649694
18141,St. Joseph County,Indiana,110419,53585,55215,0.485287858067905,0.5000498102681604,-0.014761952200255446,272574,36.7,72.14,12.61,2.55,10.17,16.52,3.2,0.5,5.0,16.8,2.8,10.5,5.0,64885.0,9.8,91.2,32.6,6.9,0.4724,5.435484427452248
18143,Scott County,Indiana,10187,7633,2389,0.7492883086286444,0.2345145774025719,0.5147737312260725,24468,41.2,94.87,0.31,0.02,2.47,16.97,2.0,1.3,5.6,28.2,3.0,11.7,6.1,54583.0,9.1,84.0,12.4,1.1,0.426,4.388598471825765
18145,Shelby County,Indiana,19754,14438,4955,0.7308899463399817,0.2508352738685835,0.4800546724713982,45104,41.2,92.32,1.21,0.86,5.43,17.89,2.6,1.6,8.6,22.6,1.7,8.5,5.2,71301.0,9.4,90.4,19.4,3.3,0.4222,4.6542150585275275
18147,Spencer County,Indiana,10426,7364,2853,0.7063111452138884,0.273642816036831,0.4326683291770574,19871,44.2,94.82,0.55,0.34,3.48,20.25,2.1,3.8,7.4,21.7,1.4,10.1,8.8,70890.0,4.5,93.1,21.2,2.4,0.4139,4.29821972335309
18149,Starke County,Indiana,10478,7889,2436,0.7529108608513075,0.2324871158618056,0.520423744989502,23300,41.9,94.09,0.43,0.29,4.13,19.88,1.8,0.9,8.7,24.4,1.5,10.3,6.2,62933.0,11.3,85.8,12.6,2.2,0.4101,4.367355921026019
18151,Steuben County,Indiana,16354,11487,4598,0.7023969671028495,0.2811544576250459,0.4212425094778036,34648,43.6,93.21,0.77,0.18,4.29,21.32,4.4,1.3,7.2,28.1,2.1,10.9,5.0,71483.0,6.4,92.1,24.7,1.8,0.4266,4.5396781707217855
18153,Sullivan County,Indiana,8792,6639,2006,0.7551182893539582,0.2281619654231119,0.5269563239308463,20766,41.3,91.07,3.36,0.66,1.81,18.48,2.7,7.2,6.9,17.5,1.9,12.4,6.2,54985.0,10.0,88.1,14.3,1.1,0.4367,4.317352849677771
18155,Switzerland County,Indiana,4257,3319,873,0.779657035470989,0.2050739957716701,0.5745830396993189,9914,42.1,95.28,0.28,1.02,0.96,18.48,2.5,2.6,9.6,26.8,1.2,7.1,7.4,65148.0,8.7,82.4,10.0,1.4,0.3858,3.996248914569132
18157,Tippecanoe County,Indiana,66761,32783,32683,0.4910501640179146,0.4895522835188208,0.0014978804990938288,187399,28.8,75.84,5.99,7.81,10.12,11.96,1.8,0.8,4.4,18.0,1.3,8.9,3.5,58622.0,8.9,92.0,40.1,12.1,0.4756,5.272767269072354
18159,Tipton County,Indiana,7976,5946,1893,0.7454864593781344,0.2373370110330993,0.5081494483450351,15329,44.5,94.47,0.78,0.31,3.14,21.68,1.8,3.3,4.0,24.2,1.6,9.1,5.9,78309.0,8.4,91.7,24.9,1.2,0.3758,4.185513824218539
18161,Union County,Indiana,3493,2698,746,0.7724019467506441,0.2135699971371314,0.5588319496135127,7028,43.7,95.93,0.55,1.04,1.1,20.43,3.3,4.6,4.7,14.6,2.9,10.5,9.8,79500.0,6.0,89.9,20.6,0.9,0.4004,3.8468317528232574
18163,Vanderburgh County,Indiana,73794,41056,31727,0.5563595956310812,0.4299401035314524,0.12641949209962877,179908,38.9,82.09,9.69,1.35,3.6,17.8,2.8,0.6,5.7,16.1,2.3,13.2,5.3,60938.0,9.6,91.4,27.1,3.3,0.457,5.255050475622409
18165,Vermillion County,Indiana,7256,5174,1928,0.7130650496141124,0.2657111356119074,0.44735391400220503,15452,42.5,96.11,0.0,0.14,1.38,19.96,3.5,3.6,8.8,18.4,2.5,11.5,6.2,59363.0,8.0,92.6,17.2,0.5,0.3959,4.188984699472782
18167,Vigo County,Indiana,40877,23738,16338,0.5807177630452333,0.3996868654744722,0.18103089757076107,106201,36.4,85.3,6.15,2.08,3.11,17.05,3.6,1.2,6.5,14.8,2.1,13.6,4.0,52525.0,13.4,90.4,25.9,3.0,0.4839,5.026128606128098
18169,Wabash County,Indiana,13955,10425,3335,0.7470440702257255,0.2389824435686134,0.5080616266571121,30901,42.6,94.4,1.18,0.39,3.04,21.29,2.2,2.4,4.9,28.8,1.5,9.1,5.3,68414.0,7.9,91.8,21.6,1.1,0.4087,4.489972534035017
18171,Warren County,Indiana,4370,3402,898,0.7784897025171624,0.2054919908466819,0.5729977116704805,8469,43.4,94.89,0.09,0.63,0.99,20.92,3.0,4.9,10.6,25.8,2.9,12.5,3.6,74635.0,9.1,92.0,17.2,1.1,0.3858,3.9278321328665817
18173,Warrick County,Indiana,33082,21280,11292,0.6432501057977148,0.341333655764464,0.3019164500332508,64650,41.3,90.88,2.06,1.66,2.33,18.5,1.9,2.3,5.5,17.9,3.4,10.3,4.8,95027.0,4.3,95.5,35.5,3.3,0.4461,4.810568529216413
18175,Washington County,Indiana,12722,9739,2764,0.7655242886338626,0.2172614368809935,0.548262851752869,28167,41.4,95.97,0.27,0.16,1.48,18.11,2.2,3.5,10.1,23.5,1.4,12.4,7.1,61358.0,7.0,88.1,13.8,0.8,0.4023,4.4497405937792855
18177,Wayne County,Indiana,26797,17526,8828,0.6540284360189573,0.3294398626711945,0.3245885733477628,66377,40.9,86.96,4.12,1.05,3.81,19.22,3.2,0.9,7.5,18.5,1.9,10.8,4.7,56652.0,13.1,88.3,20.2,2.9,0.4698,4.8220176199784595
18179,Wells County,Indiana,14100,11006,2850,0.7805673758865248,0.202127659574468,0.5784397163120568,28261,40.2,93.26,1.05,0.22,3.8,18.35,1.4,2.2,6.1,23.0,1.6,14.2,5.2,69741.0,4.4,93.3,18.9,1.2,0.4177,4.4511875250567075
18181,White County,Indiana,11162,7969,2945,0.7139401540942484,0.2638416054470525,0.4500985486471959,24709,42.5,87.98,0.45,0.24,10.21,20.58,2.9,3.9,8.4,25.9,2.4,10.6,7.3,66143.0,5.5,90.3,18.3,5.9,0.4153,4.392855169389535
18183,Whitley County,Indiana,17726,13122,4275,0.7402685320997405,0.2411711610064312,0.4990973710933093,34388,41.8,93.74,0.2,0.3,2.63,18.61,2.9,2.3,6.5,27.2,2.9,11.3,5.0,75790.0,8.3,92.1,22.8,1.2,0.3981,4.536406918066218
19001,Adair County,Iowa,4064,2916,1086,0.71751968503937,0.2672244094488189,0.4502952755905511,7471,42.6,94.91,1.35,0.36,2.86,22.22,2.7,15.4,10.2,16.3,1.7,9.9,5.3,66176.0,5.0,94.5,20.0,1.6,0.4521,3.873378736409141
19003,Adams County,Iowa,2131,1517,576,0.7118723603941811,0.2702956358517128,0.4415767245424683,3641,46.6,95.44,0.36,0.0,0.74,24.0,1.8,11.7,5.3,16.9,2.0,5.4,4.2,68828.0,3.6,92.6,24.5,0.2,0.4982,3.561220678933944
19005,Allamakee County,Iowa,7303,4857,2350,0.6650691496645215,0.3217855675749692,0.3432835820895523,14038,43.1,90.4,1.75,0.54,8.73,22.7,2.3,12.2,8.5,11.2,1.1,14.5,5.2,66000.0,9.4,92.5,19.9,6.7,0.4213,4.1473052380761946
19007,Appanoose County,Iowa,6466,4704,1686,0.7274976801732137,0.2607485307763687,0.466749149396845,12242,45.5,95.09,0.99,0.43,1.73,23.4,3.8,3.6,8.7,16.5,3.6,13.5,9.4,51146.0,10.8,89.7,19.3,1.2,0.4547,4.087852375163169
19009,Audubon County,Iowa,3239,2214,970,0.6835443037974683,0.2994751466502007,0.38406915714726764,5622,47.4,95.18,0.27,0.04,2.05,24.99,1.2,16.3,10.5,9.6,2.7,10.2,4.3,54152.0,7.1,92.0,20.6,0.9,0.4424,3.749890841271422
19011,Benton County,Iowa,14470,9549,4739,0.6599170697995853,0.3275051831375259,0.3324118866620594,25698,43.3,95.28,0.4,0.2,1.86,19.31,1.6,4.4,8.0,17.7,3.8,9.5,5.6,84742.0,4.2,94.7,24.9,0.8,0.3923,4.409899324780213
19013,Black Hawk County,Iowa,62653,30572,31299,0.4879574800887427,0.4995610744896493,-0.011603594400906636,130693,35.7,80.44,9.61,2.47,5.03,17.47,3.2,1.0,5.5,16.4,2.5,13.6,4.6,64581.0,8.8,93.3,30.1,6.4,0.4617,5.1162523271154665
19015,Boone County,Iowa,15346,9199,5895,0.5994395933793822,0.3841391893653069,0.21530040401407535,26669,42.2,94.39,1.27,0.17,2.83,19.63,0.9,5.9,9.0,10.4,2.6,12.2,6.2,79741.0,3.3,95.7,28.7,1.0,0.406,4.4260067313770115
19017,Bremer County,Iowa,14556,8799,5571,0.6044929925803793,0.3827287716405605,0.22176422093981873,25118,38.6,93.18,1.13,1.02,2.0,19.51,2.3,5.0,5.1,18.5,2.6,8.8,4.2,83343.0,4.1,95.9,35.2,1.6,0.4184,4.399985056102451
19019,Buchanan County,Iowa,10714,6790,3766,0.6337502333395557,0.3515027067388463,0.2822475266007094,20645,39.9,96.43,0.75,0.22,1.8,18.28,1.9,7.0,7.5,19.0,2.9,11.5,6.0,78430.0,4.8,94.6,22.3,1.6,0.4027,4.314814887210721
19021,Buena Vista County,Iowa,7516,4962,2462,0.6601915912719531,0.3275678552421501,0.33262373602980305,20684,35.7,65.91,3.08,10.13,28.64,16.04,3.4,6.2,6.5,31.9,2.1,12.6,3.4,66564.0,5.3,80.5,22.1,21.6,0.4198,4.315634529100032
19023,Butler County,Iowa,8027,5784,2144,0.7205680827208173,0.2670985424193347,0.4534695403014826,14301,43.7,95.32,0.17,1.17,1.62,22.78,2.1,6.6,8.6,16.3,3.1,9.6,5.4,69651.0,7.8,93.6,20.4,2.1,0.3895,4.155366406646705
19025,Calhoun County,Iowa,5093,3708,1328,0.7280581189868447,0.2607500490869821,0.46730806989986257,9858,42.7,92.49,1.51,0.22,2.55,23.28,1.6,8.5,6.0,11.5,4.1,13.2,4.9,66875.0,5.7,93.7,21.5,0.7,0.4426,3.993788813818705
19027,Carroll County,Iowa,11120,7814,3153,0.7026978417266188,0.2835431654676259,0.41915467625899283,20677,41.8,93.57,0.84,0.58,3.19,20.96,1.4,7.4,6.0,14.4,4.8,11.4,6.9,68528.0,5.9,95.0,23.4,1.8,0.4251,4.315487527750822
19029,Cass County,Iowa,7195,5007,2077,0.6958999305072967,0.2886726893676164,0.4072272411396803,13115,44.0,96.12,0.85,0.34,2.6,23.21,0.7,7.7,7.4,11.0,1.7,16.6,5.2,61657.0,13.3,93.0,21.6,0.4,0.4707,4.117768294926372
19031,Cedar County,Iowa,10624,6390,4075,0.6014683734939759,0.3835655120481928,0.21790286144578308,18427,43.8,95.41,0.52,0.54,2.57,20.56,1.9,5.7,8.2,16.2,2.9,11.4,6.4,79080.0,3.9,95.8,21.5,1.3,0.3846,4.2654546358431835
19033,Cerro Gordo County,Iowa,22942,12627,9955,0.5503879347920844,0.4339203208089966,0.11646761398308775,42785,43.9,91.01,2.24,1.21,5.45,23.01,1.7,3.1,4.4,15.5,4.0,15.5,4.5,65537.0,5.5,94.5,24.3,2.1,0.4581,4.631291536325312
19035,Cherokee County,Iowa,6089,4398,1611,0.7222860896698965,0.2645754639513877,0.4577106257185088,11587,44.5,90.92,2.18,0.58,4.76,24.55,1.9,9.1,7.7,12.7,3.6,18.4,3.9,64478.0,9.6,93.1,21.6,3.6,0.4406,4.0639710069647625
19037,Chickasaw County,Iowa,6230,4234,1919,0.6796147672552167,0.3080256821829855,0.37158908507223126,11868,43.5,95.42,0.74,0.03,3.96,22.08,1.2,9.4,6.3,26.7,2.3,10.1,5.7,73421.0,5.5,93.2,19.1,2.1,0.408,4.074377537644804
19039,Clarke County,Iowa,4459,3140,1265,0.7041937654182552,0.2836958959407939,0.42049786947746126,9690,38.4,85.9,0.04,0.58,16.3,19.7,2.5,4.1,9.8,19.8,1.3,10.5,6.3,66821.0,8.3,86.1,16.0,6.1,0.4171,3.986323777050765
19041,Clay County,Iowa,8514,6047,2367,0.710241954428001,0.2780126849894291,0.4322292694385719,16446,41.8,94.56,0.55,0.33,4.52,21.89,2.6,6.8,7.0,11.3,2.5,14.4,5.3,64082.0,6.6,94.9,26.0,1.0,0.4239,4.216060285923142
19043,Clayton County,Iowa,9381,6255,3017,0.6667732651103294,0.3216075045304338,0.3451657605798956,17069,46.4,95.89,0.66,0.31,2.23,24.35,1.6,10.8,11.9,15.6,2.3,11.5,4.5,62326.0,7.7,90.8,15.7,2.1,0.4254,4.232208078396316
19045,Clinton County,Iowa,23813,13964,9472,0.5864023852517533,0.3977659261747784,0.18863645907697485,46383,42.5,90.33,2.93,0.75,3.5,20.05,2.3,3.1,7.6,19.5,2.2,13.4,7.0,65177.0,9.2,92.7,22.1,1.9,0.4375,4.666358834886494
19047,Crawford County,Iowa,6525,4651,1812,0.7127969348659003,0.2777011494252873,0.43509578544061306,16289,37.9,70.1,1.87,2.15,30.05,18.12,1.1,7.4,4.5,22.6,4.1,12.3,4.7,65039.0,13.6,84.0,18.3,15.9,0.4307,4.211894423300987
19049,Dallas County,Iowa,62633,32374,29402,0.5168840706975556,0.4694330464770967,0.04745102422045888,104136,35.8,84.87,2.47,4.64,6.68,12.49,2.2,1.8,4.9,8.1,2.6,9.6,4.2,102349.0,4.4,96.1,51.6,10.0,0.4348,5.017600891840818
19051,Davis County,Iowa,3950,3027,878,0.7663291139240507,0.2222784810126582,0.5440506329113924,9127,36.2,95.68,0.0,0.0,1.98,17.79,2.2,12.0,8.6,16.9,4.1,13.5,7.0,79505.0,5.5,80.3,17.6,1.3,0.4116,3.9603280505301433
19053,Decatur County,Iowa,3727,2711,957,0.7273946874161524,0.2567748859672659,0.47061980144888654,7669,36.2,92.93,1.64,0.52,3.26,20.85,1.9,6.0,9.5,14.7,1.1,9.4,4.5,57146.0,12.0,89.0,24.3,1.9,0.4348,3.8847387377696316
19055,Delaware County,Iowa,10112,6984,2978,0.6906645569620253,0.294501582278481,0.39616297468354433,17549,44.0,95.56,0.01,0.08,1.62,20.94,1.5,9.2,9.6,18.3,3.2,11.1,4.9,76205.0,6.1,92.2,19.7,0.2,0.4417,4.244252373972474
19057,Des Moines County,Iowa,18998,10794,7935,0.5681650700073692,0.4176755447941888,0.15048952521318038,38597,42.2,86.31,4.22,1.14,3.5,21.1,1.9,2.6,5.5,18.3,2.6,13.2,5.8,60662.0,10.4,94.0,23.8,2.6,0.4648,4.586553549902882
19059,Dickinson County,Iowa,11192,7775,3297,0.6946926375982845,0.2945854181558255,0.400107219442459,17844,48.1,94.54,0.06,0.74,2.68,27.58,1.6,3.5,6.3,17.5,2.6,10.3,5.1,74570.0,3.1,97.3,32.3,1.8,0.4339,4.251492214569579
19061,Dubuque County,Iowa,52566,28224,23705,0.5369250085606666,0.4509568922877905,0.0859681162728761,98948,38.8,89.85,2.92,1.24,3.08,18.77,2.5,1.8,5.4,17.3,3.5,11.6,4.9,75919.0,5.3,94.1,32.9,3.3,0.4469,4.995407020394442
19063,Emmet County,Iowa,4786,3422,1315,0.7150020894274969,0.2747597158378604,0.44024237358963647,9316,43.3,88.58,2.23,0.21,9.85,23.53,1.3,5.9,6.9,18.9,4.3,12.3,5.7,65181.0,6.9,87.7,15.7,4.2,0.4167,3.9692294798626433
19065,Fayette County,Iowa,9817,6325,3334,0.6442905164510543,0.3396149536518285,0.3046755627992258,19393,43.7,92.72,0.84,0.69,2.92,22.13,2.3,7.5,9.0,17.2,2.7,7.6,6.1,58764.0,9.0,93.4,18.2,1.6,0.4388,4.287644997457547
19067,Floyd County,Iowa,7625,4744,2782,0.6221639344262295,0.3648524590163934,0.2573114754098361,15502,44.2,90.37,1.19,1.58,3.74,22.73,2.2,6.9,7.9,21.0,2.7,10.6,3.3,64500.0,6.7,94.7,18.5,3.1,0.4376,4.190387732552913
19069,Franklin County,Iowa,4885,3431,1393,0.7023541453428864,0.2851586489252815,0.41719549641760495,9977,41.9,86.99,0.59,0.19,16.13,21.39,2.3,9.5,8.5,18.9,2.1,12.5,7.1,63648.0,10.5,91.6,18.2,7.0,0.4439,3.9989999722183205
19071,Fremont County,Iowa,3785,2711,1023,0.7162483487450463,0.2702774108322325,0.4459709379128138,6570,46.4,93.47,0.62,0.2,3.24,23.58,0.6,11.4,8.6,12.6,2.8,9.5,6.3,73750.0,5.2,95.0,21.1,1.4,0.43,3.8175653695597807
19073,Greene County,Iowa,4874,3211,1603,0.6588018054985638,0.3288879770209273,0.3299138284776365,8722,44.8,93.81,0.14,0.58,3.26,24.44,2.0,9.2,7.4,10.1,4.7,11.0,3.8,59159.0,7.2,93.0,19.8,1.9,0.4248,3.9406160823374075
19075,Grundy County,Iowa,7131,4998,2019,0.7008834665544804,0.2831299957930164,0.417753470761464,12352,41.5,96.15,0.7,0.46,1.53,20.79,1.5,8.7,9.0,13.1,2.7,9.6,5.2,83617.0,4.1,97.2,24.7,1.3,0.3758,4.0917372829916605
19077,Guthrie County,Iowa,6514,4446,1974,0.6825299355234878,0.303039607000307,0.3794903285231808,10646,46.5,93.92,0.47,0.38,2.91,23.54,2.1,7.0,9.2,9.6,3.1,9.6,5.6,79981.0,6.7,94.9,24.3,1.9,0.4264,4.027186461836736
19079,Hamilton County,Iowa,7573,5004,2482,0.6607685197411858,0.3277432985606761,0.3330252211805097,14893,42.2,87.44,1.22,1.91,9.66,21.26,2.5,8.6,8.8,17.7,1.9,11.7,4.5,71750.0,7.7,92.6,22.0,6.7,0.4404,4.172982189505869
19081,Hancock County,Iowa,5933,4336,1523,0.7308275745828418,0.2566998145963256,0.47412775998651613,10718,44.6,93.72,0.88,0.64,5.78,23.88,1.4,9.3,5.9,21.1,3.3,10.3,9.1,70212.0,8.0,91.6,21.4,2.4,0.4172,4.030113752707593
19083,Hardin County,Iowa,8434,5790,2553,0.6865069954944273,0.3027033436092008,0.38380365188522647,16729,45.2,92.07,1.0,0.99,5.07,23.04,2.3,11.2,8.2,10.6,3.3,13.9,5.6,64906.0,4.9,93.7,21.2,3.1,0.408,4.22346998116192
19085,Harrison County,Iowa,7938,5566,2245,0.7011841773746535,0.2828168304358781,0.4183673469387755,14645,41.9,96.2,0.08,0.31,2.08,19.73,1.8,6.1,9.3,9.4,4.1,10.2,7.2,77027.0,4.7,93.5,21.2,0.7,0.4238,4.1656893760176175
19087,Henry County,Iowa,9574,6439,2995,0.6725506580321705,0.3128264048464592,0.35972425318571133,20228,40.5,88.01,2.65,1.15,5.4,19.4,1.3,3.9,6.8,21.4,1.3,11.1,6.8,64604.0,8.4,91.4,22.5,2.4,0.4009,4.305952944960507
19089,Howard County,Iowa,4837,3157,1619,0.6526772793053546,0.3347115980979946,0.31796568120735996,9459,39.3,93.84,0.05,0.37,3.04,20.38,1.1,10.7,8.1,22.4,2.3,12.7,4.3,67336.0,6.2,91.8,18.7,1.2,0.4121,3.975845225467567
19091,Humboldt County,Iowa,5067,3770,1236,0.7440299980264456,0.2439313203078744,0.5000986777185712,9573,41.8,91.85,0.33,0.76,5.14,21.41,2.0,8.0,7.7,16.8,3.2,12.4,7.3,66994.0,10.4,93.6,19.3,4.0,0.4566,3.981048058913173
19093,Ida County,Iowa,3642,2771,826,0.7608456891817683,0.2267984623833058,0.5340472267984625,6944,42.3,94.23,0.88,0.4,3.9,22.12,1.3,10.9,8.2,21.7,1.6,10.4,5.1,62841.0,6.1,93.4,20.7,1.9,0.4127,3.8416097121684354
19095,Iowa County,Iowa,9617,6068,3400,0.6309659977123844,0.35354060517833,0.27742539253405435,16547,42.2,94.86,0.63,0.22,3.34,19.51,1.6,5.7,7.9,16.8,1.4,11.4,3.6,72185.0,6.0,94.7,24.2,0.9,0.4261,4.218719266900493
19097,Jackson County,Iowa,10782,7074,3567,0.656093489148581,0.3308291597106288,0.3252643294379522,19429,44.2,95.94,0.77,0.43,1.48,21.71,3.0,6.5,8.4,16.8,3.8,12.7,5.0,71605.0,6.4,93.8,18.4,0.8,0.4371,4.288450448275636
19099,Jasper County,Iowa,20149,12701,7141,0.6303538637153209,0.3544096481214948,0.2759442155938261,37864,41.4,92.85,1.56,0.59,2.93,19.36,3.1,4.8,7.4,17.9,3.2,9.3,5.8,70128.0,5.2,93.4,19.9,2.3,0.4332,4.5782264914599375
19101,Jefferson County,Iowa,8317,4353,3788,0.5233858362390285,0.4554526872670434,0.06793314897198505,15676,43.5,84.65,5.95,4.61,4.03,25.73,3.2,1.3,8.7,12.2,1.5,13.5,1.3,56824.0,7.5,95.4,41.6,11.8,0.4819,4.1952352548060645
19103,Johnson County,Iowa,86068,26087,58846,0.3030975507738067,0.683715201933355,-0.3806176511595483,154881,30.8,77.63,7.55,5.82,6.66,12.88,2.5,1.5,3.5,8.2,1.6,11.4,3.7,74721.0,6.1,96.2,54.6,10.2,0.5014,5.189998144026043
19105,Jones County,Iowa,10949,6820,3942,0.6228879349712303,0.3600328797150424,0.2628550552561879,20799,43.0,92.38,2.02,0.61,2.48,21.08,1.7,7.7,9.8,14.9,3.3,11.7,5.2,73071.0,8.2,94.4,20.7,1.0,0.3884,4.318042454918434
19107,Keokuk County,Iowa,5142,3869,1219,0.7524309607156748,0.2370672889926098,0.5153636717230651,9964,42.8,95.93,0.65,0.0,2.22,21.91,2.1,12.5,8.7,14.3,3.8,10.1,6.3,60856.0,10.8,94.3,15.9,0.8,0.436,3.9984337188644687
19109,Kossuth County,Iowa,8376,5983,2284,0.7143027698185291,0.272683858643744,0.44161891117478513,14610,45.0,93.14,0.6,0.43,4.19,24.96,1.3,12.4,6.1,17.9,4.1,10.2,6.1,65656.0,6.0,94.7,22.2,3.3,0.425,4.164650215934297
19111,Lee County,Iowa,16154,10152,5659,0.6284511576080227,0.3503157112789402,0.27813544632908255,33175,43.7,91.61,2.79,0.44,3.42,21.73,2.3,4.0,6.4,18.4,2.6,13.0,6.3,59803.0,8.4,94.2,21.0,1.1,0.4332,4.520810931536473
19113,Linn County,Iowa,122369,54237,66358,0.4432249997956999,0.5422778644918239,-0.09905286469612401,229463,38.5,84.61,5.82,2.27,3.97,16.87,2.5,1.3,6.5,17.1,2.0,11.2,5.6,76421.0,6.4,95.3,34.8,5.3,0.4459,5.360712667253307
19115,Louisa County,Iowa,5136,3584,1480,0.6978193146417445,0.2881619937694704,0.40965732087227413,10710,41.8,82.49,0.63,1.89,16.15,19.81,2.5,7.0,8.3,29.3,2.5,8.2,5.2,80223.0,6.3,87.6,16.5,8.1,0.4053,4.029789470831855
19117,Lucas County,Iowa,4639,3400,1169,0.7329165768484587,0.2519939642164259,0.4809226126320328,8685,43.3,96.02,0.2,0.81,2.75,21.62,2.3,5.0,9.2,9.8,5.9,25.7,5.6,67921.0,12.4,92.5,14.5,2.2,0.4278,3.9387698227831174
19119,Lyon County,Iowa,6984,5899,1023,0.8446449026345934,0.1464776632302405,0.6981672394043529,12087,38.1,94.56,0.3,0.45,3.48,18.9,1.6,10.3,6.1,14.5,3.2,11.2,5.3,72881.0,3.1,95.4,20.8,1.7,0.3938,4.08231852210804
19121,Madison County,Iowa,9995,6864,3008,0.6867433716858429,0.3009504752376188,0.38579289644822407,16760,41.0,95.65,1.26,0.35,2.19,18.06,1.9,5.2,15.9,7.0,4.6,10.8,4.1,89542.0,3.2,95.3,25.5,1.4,0.3929,4.224274014294258
19123,Mahaska County,Iowa,10910,8207,2577,0.7522456461961503,0.236205316223648,0.5160403299725023,22045,39.1,93.17,1.53,1.17,2.4,19.01,2.2,7.5,6.4,25.5,1.3,12.7,4.9,69019.0,6.9,94.0,23.0,2.1,0.4246,4.343310103162342
19125,Marion County,Iowa,19490,13289,5928,0.681836839404823,0.3041559774243201,0.3776808619805029,33551,39.7,94.82,0.51,1.29,2.23,18.92,1.2,2.2,5.7,25.1,1.4,8.0,3.4,78059.0,4.4,94.6,33.1,2.0,0.4266,4.525705469006045
19127,Marshall County,Iowa,17217,9815,7134,0.5700760875878492,0.4143579020735319,0.15571818551431732,39971,38.7,74.64,1.94,4.35,23.81,18.46,2.7,3.9,7.4,23.7,1.9,11.5,4.1,72785.0,7.7,87.0,21.4,14.0,0.3885,4.601745013635368
19129,Mills County,Iowa,8223,5671,2456,0.6896509789614496,0.2986744497142162,0.39097652924723336,14563,42.6,94.36,0.38,0.43,3.61,19.86,1.7,2.5,8.6,7.9,3.8,10.8,5.2,87810.0,2.4,95.6,32.0,1.3,0.4181,4.163250849512631
19131,Mitchell County,Iowa,5757,3736,1943,0.6489491054368595,0.3375021712697585,0.31144693416710095,10548,42.2,96.76,0.35,0.61,2.05,21.42,0.6,10.7,8.7,20.9,3.1,8.4,2.8,68704.0,5.0,92.9,22.7,1.7,0.4338,4.023170121121397
19133,Monona County,Iowa,4616,3331,1236,0.7216204506065858,0.2677642980935875,0.45385615251299827,8619,44.7,94.35,0.15,0.0,2.52,23.83,1.3,10.2,7.4,9.1,1.7,11.9,6.3,62944.0,5.8,93.6,18.7,0.4,0.4029,3.9354568807116097
19135,Monroe County,Iowa,4146,3104,1002,0.7486734201640135,0.2416787264833574,0.5069946936806561,7546,42.1,95.27,0.21,0.82,0.77,19.81,1.8,3.4,5.7,23.8,2.2,9.9,5.7,72518.0,4.2,94.6,20.0,1.6,0.3741,3.8777168008649765
19137,Montgomery County,Iowa,5061,3486,1508,0.6887966804979253,0.297964829085161,0.39083185141276433,10254,43.8,93.29,0.58,0.56,1.73,22.84,1.5,7.9,9.6,16.5,3.2,13.7,5.5,63190.0,9.2,92.6,18.7,1.4,0.4582,4.01089331310438
19139,Muscatine County,Iowa,19695,11152,8212,0.5662350850469662,0.4169586189388169,0.14927646610814926,42735,39.1,82.08,2.92,0.64,18.43,17.57,2.4,2.7,5.3,28.0,2.5,9.0,6.1,69512.0,9.7,90.5,22.7,7.6,0.4131,4.630783708295158
19141,O'Brien County,Iowa,7501,5998,1428,0.7996267164378082,0.1903746167177709,0.6092520997200374,14103,39.8,89.92,1.32,0.61,7.15,21.08,0.8,9.4,4.3,18.3,5.2,10.2,5.9,68216.0,9.1,90.3,22.5,4.2,0.3993,4.149311505907915
19143,Osceola County,Iowa,3219,2623,555,0.8148493320907114,0.1724137931034483,0.6424355389872631,6114,43.5,89.7,0.75,0.95,10.11,22.03,3.2,17.1,6.3,17.5,5.5,7.3,5.7,69138.0,12.6,85.6,15.4,5.4,0.4298,3.78632543439007
19145,Page County,Iowa,7297,5153,2060,0.706180622173496,0.2823077977250925,0.42387282444840346,15168,45.0,92.62,1.84,0.7,3.28,23.79,3.1,7.5,4.2,23.6,1.1,16.0,4.3,57752.0,8.3,93.2,18.8,1.7,0.4447,4.180928319993991
19147,Palo Alto County,Iowa,4976,3576,1338,0.7186495176848875,0.2688906752411575,0.44975884244373,8902,41.5,92.55,1.74,0.63,3.29,21.89,1.8,12.4,10.1,13.4,3.7,12.3,4.5,68963.0,9.6,93.9,20.5,2.2,0.4072,3.9494875899465036
19149,Plymouth County,Iowa,13931,10661,3104,0.7652716962170698,0.2228124327040413,0.5424592635130285,25699,41.1,90.55,2.36,0.53,6.14,19.28,1.3,6.9,5.6,20.6,2.1,9.1,8.5,81600.0,4.1,94.2,23.9,4.2,0.4207,4.4099162243845464
19151,Pocahontas County,Iowa,3573,2727,796,0.7632241813602015,0.2227819759305905,0.5404422054296111,7040,43.9,91.75,1.05,0.04,5.44,23.44,3.5,12.8,5.6,16.9,4.0,10.6,9.6,63423.0,4.9,91.4,18.7,2.9,0.4051,3.847572659142112
19153,Polk County,Iowa,255563,112240,140075,0.4391872062857299,0.5481035987212547,-0.10891639243552481,497441,36.2,77.81,7.52,4.96,10.01,13.68,3.1,1.1,7.0,9.3,2.8,11.2,4.9,81621.0,7.1,92.5,39.5,10.0,0.4374,5.696741577757265
19155,Pottawattamie County,Iowa,44411,26335,17468,0.5929837202494878,0.3933259777982932,0.19965774245119455,93407,40.1,88.97,1.83,0.93,8.7,18.36,2.4,1.7,7.7,10.5,3.2,13.1,7.9,71446.0,7.1,91.0,23.5,3.8,0.4331,4.970379423847418
19157,Poweshiek County,Iowa,9971,5758,4067,0.5774746765620299,0.4078828602948551,0.1695918162671748,18582,40.8,91.63,1.26,2.09,3.31,20.99,3.0,5.3,6.1,16.3,0.9,10.7,4.7,64837.0,5.8,94.6,28.2,3.4,0.4602,4.269092455740431
19159,Ringgold County,Iowa,2683,2015,638,0.7510249720462169,0.2377935147223257,0.5132314573238912,4664,44.6,95.88,0.19,0.0,1.99,23.09,1.4,14.5,11.8,8.6,2.7,9.4,4.6,69821.0,3.6,93.4,25.2,0.7,0.4341,3.668758541750958
19161,Sac County,Iowa,5448,4100,1289,0.7525697503671072,0.2366005873715125,0.5159691629955947,9759,45.3,94.96,0.55,0.86,4.08,23.88,2.2,8.5,7.7,17.0,2.6,12.3,7.1,70991.0,4.1,92.2,21.2,3.1,0.4365,3.989405318001516
19163,Scott County,Iowa,89743,45976,42479,0.5123073665912662,0.4733405390949712,0.03896682749629499,174302,39.0,80.69,7.14,2.93,7.18,17.13,2.4,1.2,7.2,17.4,2.5,10.8,5.4,76363.0,7.8,94.2,36.2,4.4,0.4558,5.241302370380105
19165,Shelby County,Iowa,6486,4600,1811,0.7092198581560284,0.2792167745914277,0.4300030835646007,11757,45.1,93.24,0.47,0.0,3.74,23.19,2.1,10.4,7.0,11.9,3.1,11.9,8.9,67690.0,8.8,95.3,23.3,1.2,0.444,4.070296518197765
19167,Sioux County,Iowa,18881,16053,2626,0.8502197976802076,0.1390816164398072,0.7111381812404004,35984,34.0,87.8,0.59,0.6,13.81,15.92,1.4,9.1,9.5,16.7,3.0,8.9,3.5,84736.0,3.9,90.6,30.4,7.6,0.4112,4.556109438091557
19169,Story County,Iowa,49200,21665,26765,0.4403455284552846,0.5440040650406504,-0.10365853658536578,98592,27.0,82.84,2.72,6.77,5.01,12.96,3.3,2.7,4.8,9.6,2.1,11.2,3.7,69006.0,5.1,97.1,53.3,8.3,0.478,4.993841676636847
19171,Tama County,Iowa,8594,5379,3070,0.6259017919478707,0.3572259716080986,0.26867582033977205,16982,41.8,81.53,1.15,0.63,11.3,20.43,2.5,6.2,9.5,14.7,3.8,11.2,6.2,67955.0,11.1,91.5,19.4,5.0,0.4289,4.229988836544811
19173,Taylor County,Iowa,3078,2381,666,0.7735542560103964,0.2163742690058479,0.5571799870045485,5901,43.6,92.09,0.12,0.05,7.81,22.62,2.1,11.4,7.6,19.5,1.5,7.4,4.8,67279.0,6.6,92.0,15.5,3.5,0.4228,3.7709256146389993
19175,Union County,Iowa,5996,4044,1874,0.6744496330887259,0.3125416944629753,0.36190793862575055,12038,40.6,94.19,0.46,0.0,3.49,20.53,2.7,5.5,7.1,18.0,3.5,11.7,5.4,56813.0,9.0,93.0,24.1,1.0,0.4274,4.0805543389887715
19177,Van Buren County,Iowa,3622,2785,778,0.7689122032026505,0.2147984538928768,0.5541137493097738,7236,44.8,95.8,0.21,0.17,1.71,23.24,2.4,7.4,10.4,16.6,3.2,11.9,5.2,60183.0,9.5,89.3,19.4,0.9,0.4366,3.8594985581877763
19179,Wapello County,Iowa,14571,9479,4896,0.6505387413355295,0.3360098826436071,0.3145288586919224,35265,39.9,82.65,3.38,1.49,12.64,18.04,2.3,3.7,6.0,25.2,1.4,14.1,6.0,60034.0,12.6,87.7,19.4,9.2,0.4567,4.54734388818062
19181,Warren County,Iowa,32662,19486,12712,0.5965954320004898,0.3891984569224175,0.2073969750780723,53484,38.7,93.77,0.72,0.7,3.47,16.48,2.1,1.8,9.2,7.5,2.5,12.3,5.2,92990.0,3.1,96.7,32.7,1.6,0.3953,4.728223880133801
19183,Washington County,Iowa,11551,7119,4297,0.6163102761665656,0.3720024240325513,0.24430785213401435,22539,40.3,91.34,0.63,0.5,7.4,19.84,1.7,6.0,10.6,9.4,2.3,11.6,5.7,71339.0,6.0,93.2,24.9,3.7,0.4248,4.35293464355942
19185,Wayne County,Iowa,3119,2426,643,0.7778134017313242,0.2061558191728118,0.5716575825585124,6518,42.0,94.65,0.37,0.43,1.29,22.4,1.2,12.9,10.9,16.1,4.0,12.4,6.1,59118.0,11.2,88.4,16.0,1.2,0.4759,3.8141143561291253
19187,Webster County,Iowa,16706,10850,5641,0.649467257272836,0.3376631150484855,0.31180414222435054,36848,39.8,86.94,3.16,1.18,6.02,19.7,2.3,5.6,8.0,15.4,1.2,11.9,5.5,68054.0,6.3,92.3,20.5,3.3,0.4383,4.566413920620156
19189,Winnebago County,Iowa,5627,3636,1909,0.6461702505775724,0.3392571530122623,0.3069130975653101,10648,41.7,90.79,0.92,3.19,5.79,21.56,1.8,4.7,7.4,19.5,5.0,11.7,4.6,63719.0,7.9,94.7,25.1,3.2,0.449,4.027268042466619
19191,Winneshiek County,Iowa,11927,6427,5321,0.5388614068919259,0.4461306279869204,0.09273077890500547,19972,42.2,94.35,0.68,0.58,3.0,22.62,1.5,6.9,9.6,14.1,2.8,9.7,3.6,75652.0,4.7,95.4,31.5,2.3,0.4434,4.300421557383072
19193,Woodbury County,Iowa,42674,25969,16145,0.608543844026808,0.3783334114449079,0.23021043258190005,105760,36.2,74.11,4.55,2.51,18.43,15.55,2.9,2.5,7.5,18.9,2.5,11.1,4.5,70147.0,10.4,87.1,23.4,9.9,0.4363,5.024321442141565
19195,Worth County,Iowa,4278,2715,1508,0.6346423562412342,0.3525011687704535,0.2821411874707807,7380,44.3,94.66,0.87,0.58,3.37,22.44,2.2,8.7,7.5,21.6,1.9,11.3,3.9,76875.0,4.5,94.2,20.1,0.6,0.3864,3.8680563618230415
19197,Wright County,Iowa,5706,3853,1770,0.6752541184717841,0.3101997896950578,0.3650543287767263,12817,39.8,83.61,0.18,0.62,18.74,22.11,1.0,10.5,9.4,17.4,2.9,8.6,4.6,64033.0,13.6,92.7,23.5,6.2,0.4525,4.107786384315953
20001,Allen County,Kansas,5600,4029,1445,0.7194642857142857,0.2580357142857143,0.46142857142857135,12491,41.3,91.06,1.89,0.74,4.1,20.77,4.1,4.6,8.1,18.4,2.4,10.5,5.3,57618.0,8.9,93.5,21.3,2.8,0.4012,4.096597208357894
20003,Anderson County,Kansas,3791,2998,732,0.7908203640200475,0.1930888947507254,0.5977314692693221,7819,40.4,92.08,0.88,0.0,1.62,20.73,2.5,8.8,12.2,16.3,3.7,8.7,5.8,64925.0,8.6,89.5,15.8,0.2,0.3977,3.893151213129866
20005,Atchison County,Kansas,7255,4911,2201,0.6769124741557546,0.3033769813921433,0.3735354927636113,16211,36.4,87.46,4.31,0.68,3.59,17.66,2.6,4.5,8.0,7.7,4.5,11.2,4.6,62164.0,8.4,94.3,22.9,2.4,0.4313,4.20980980578538
20007,Barber County,Kansas,2170,1854,288,0.8543778801843318,0.1327188940092166,0.7216589861751153,4153,42.6,92.75,0.17,0.51,6.12,23.19,1.5,22.7,5.9,5.7,2.7,7.6,4.6,57615.0,11.3,94.0,27.1,0.7,0.4462,3.6183619311098782
20009,Barton County,Kansas,10570,8205,2207,0.7762535477767266,0.2087984862819299,0.5674550614947967,25275,38.8,83.61,0.65,0.36,16.42,20.56,2.1,8.6,8.6,9.5,2.2,9.8,4.4,56733.0,10.9,90.3,21.7,3.9,0.4261,4.402691164263039
20011,Bourbon County,Kansas,6572,5003,1444,0.7612598904443092,0.219720024345709,0.5415398660986002,14384,38.8,90.47,2.22,0.63,3.0,19.42,2.4,5.1,5.2,23.1,2.6,10.7,4.5,67555.0,7.7,91.0,24.3,1.7,0.4016,4.157879674389154
20013,Brown County,Kansas,4258,3106,1065,0.7294504462188821,0.2501174260216064,0.4793330201972757,9415,42.0,83.26,1.39,0.34,4.42,21.54,3.4,7.3,5.2,16.8,2.2,11.3,6.4,58886.0,8.3,95.0,18.3,1.3,0.4261,3.9738203243526837
20015,Butler County,Kansas,32236,22426,9150,0.695681846382926,0.2838441493981883,0.41183769698473766,67916,38.3,88.3,2.23,1.6,5.61,15.9,1.9,2.9,5.8,16.0,2.4,9.7,5.0,80375.0,6.5,94.1,32.6,3.6,0.4232,4.83197209965811
20017,Chase County,Kansas,1462,1090,348,0.7455540355677155,0.2380300957592339,0.5075239398084817,2579,44.5,89.03,1.24,0.62,8.07,24.04,0.4,12.4,3.7,18.3,2.7,6.3,2.8,54518.0,5.5,92.6,29.3,6.0,0.4417,3.4114513421379375
20019,Chautauqua County,Kansas,1527,1299,211,0.8506876227897839,0.1381794368041912,0.7125081859855927,3370,45.3,83.26,0.95,0.45,4.78,23.92,3.4,12.8,6.7,13.1,3.2,5.7,8.0,54592.0,13.0,89.4,18.3,0.9,0.4408,3.5276299008713385
20021,Cherokee County,Kansas,8717,6584,1970,0.7553057244464839,0.2259951818286107,0.5293105426178732,19236,42.0,87.61,0.82,0.58,2.85,19.66,2.2,3.0,5.5,19.5,2.0,10.4,5.5,58274.0,7.4,90.9,20.1,1.5,0.4214,4.2841147684017695
20023,Cheyenne County,Kansas,1422,1185,206,0.8333333333333334,0.1448663853727144,0.6884669479606189,2628,39.8,88.58,0.04,0.0,9.09,25.49,1.1,24.3,3.6,4.1,4.8,5.8,5.6,55765.0,13.6,87.8,21.6,4.5,0.4311,3.419625360887743
20025,Clark County,Kansas,1014,867,129,0.8550295857988166,0.1272189349112426,0.727810650887574,1987,46.5,85.25,0.0,1.91,6.39,23.75,1.3,15.1,5.9,4.8,3.1,17.0,4.7,65515.0,6.5,92.4,31.0,3.3,0.4097,3.298197867109815
20027,Clay County,Kansas,4113,3150,867,0.7658643326039387,0.2107950401167031,0.5550692924872356,8071,43.1,94.34,2.34,0.59,3.27,24.59,0.6,11.2,10.0,9.7,2.6,9.4,3.0,63136.0,12.0,93.2,23.4,0.7,0.4216,3.906927347308956
20029,Cloud County,Kansas,4047,3218,767,0.795156906350383,0.1895231035334816,0.6056338028169015,8973,39.4,92.08,0.78,0.12,3.7,21.01,2.6,10.4,6.7,11.3,2.0,11.1,4.7,57333.0,5.6,95.8,22.4,2.6,0.4049,3.9529376677509807
20031,Coffey County,Kansas,4377,3371,934,0.7701622115604295,0.2133881654100982,0.5567740461503313,8304,44.0,93.68,0.51,0.98,3.36,21.99,3.6,5.0,6.5,7.6,1.9,14.8,17.7,67377.0,6.0,92.2,21.2,1.2,0.4025,3.9192873405043827
20033,Comanche County,Kansas,874,727,130,0.8318077803203662,0.148741418764302,0.6830663615560641,1685,50.8,96.5,0.3,0.0,1.84,28.9,1.5,22.1,6.7,6.7,1.7,10.8,4.3,49417.0,8.8,95.2,19.2,0.2,0.4042,3.2265999052073573
20035,Cowley County,Kansas,13505,9360,3919,0.6930766382821177,0.2901888189559422,0.40288781932617557,34487,38.1,82.63,2.29,1.86,11.88,18.76,2.9,4.3,5.2,17.1,1.4,9.8,6.3,58263.0,11.6,91.6,24.3,4.9,0.4521,4.537655417037366
20037,Crawford County,Kansas,16334,10084,5956,0.6173625566303416,0.3646381780335496,0.252724378596792,38963,33.8,88.48,2.21,1.74,7.11,15.6,2.2,2.4,5.2,13.1,1.9,11.6,3.5,50311.0,14.2,94.2,32.0,3.5,0.4673,4.590652388485991
20039,Decatur County,Kansas,1452,1217,215,0.8381542699724518,0.1480716253443526,0.6900826446280992,2746,52.1,92.68,1.71,0.33,4.08,29.28,2.3,28.0,3.9,7.3,6.0,8.0,3.9,52030.0,7.4,94.2,27.8,2.2,0.4096,3.4387005329007363
20041,Dickinson County,Kansas,9144,7014,1989,0.7670603674540682,0.21751968503937,0.5495406824146982,18423,42.1,91.82,0.28,0.33,5.42,20.68,1.5,5.0,5.9,16.0,2.7,10.0,6.4,67982.0,6.1,92.4,21.9,1.0,0.4025,4.265360352101831
20043,Doniphan County,Kansas,3577,2899,626,0.810455689124965,0.1750069890970086,0.6354487000279564,7492,41.3,90.74,3.06,0.09,3.16,19.45,0.9,5.3,3.8,19.2,1.8,8.9,6.0,72833.0,10.6,92.9,21.5,1.3,0.4049,3.8745977687032
20045,Douglas County,Kansas,58041,17523,39582,0.3019072724453404,0.6819661963095054,-0.380058923864165,119547,31.3,79.16,4.21,4.57,7.06,13.32,3.3,0.8,5.0,7.8,1.4,11.6,4.5,68756.0,5.6,95.9,52.0,6.1,0.4624,5.077538682084639
20047,Edwards County,Kansas,1269,1042,213,0.8211189913317573,0.1678486997635933,0.653270291568164,2817,44.3,83.03,0.14,0.46,22.04,22.26,2.8,24.8,5.5,15.1,2.6,5.5,4.4,53792.0,12.7,87.7,20.7,10.1,0.4399,3.4497868469857735
20049,Elk County,Kansas,1338,1123,191,0.8393124065769806,0.1427503736920777,0.6965620328849029,2464,49.6,90.83,0.12,0.45,4.46,28.17,1.8,14.2,8.6,7.4,0.5,7.0,6.4,56087.0,14.3,92.0,20.6,1.1,0.4181,3.3916407034923877
20051,Ellis County,Kansas,13511,9743,3511,0.7211161275997335,0.2598623343941973,0.4612537932055362,28870,32.5,90.15,1.8,1.45,7.06,15.51,2.3,6.6,5.2,4.5,1.8,11.3,3.7,59889.0,10.4,95.3,39.5,2.8,0.493,4.4604467838807205
20053,Ellsworth County,Kansas,2758,2078,636,0.7534445250181291,0.2306018854242204,0.5228426395939088,6366,43.7,86.84,3.14,0.58,6.05,23.74,1.5,12.2,5.9,11.5,1.3,5.3,5.9,66792.0,5.0,93.1,22.1,1.5,0.3918,3.8038666342849843
20055,Finney County,Kansas,10782,7166,3425,0.6646262289000185,0.3176590613986273,0.3469671675013912,38001,32.1,53.54,4.46,3.96,52.41,11.52,3.8,6.3,6.3,22.5,1.8,13.1,6.5,72437.0,9.1,71.1,19.7,23.1,0.3992,4.579795025268589
20057,Ford County,Kansas,8224,5616,2461,0.6828793774319066,0.2992461089494163,0.38363326848249035,34133,31.9,56.3,3.13,0.78,58.18,11.26,3.3,5.2,7.4,26.5,2.7,8.2,6.0,70495.0,12.5,77.0,20.7,22.0,0.3976,4.533174460742391
20059,Franklin County,Kansas,12708,8773,3676,0.690352533836953,0.2892666037141957,0.40108593012275734,25994,40.1,91.12,0.89,0.62,4.67,17.53,1.6,3.1,6.0,10.3,6.3,14.6,10.4,72142.0,7.6,92.2,25.3,2.1,0.3952,4.414873114601468
20061,Geary County,Kansas,9163,5288,3674,0.5771035687002074,0.4009603841536615,0.17614318454654593,35895,27.1,60.55,16.24,3.36,16.19,8.66,3.2,0.6,6.4,9.2,3.1,15.6,5.0,57344.0,15.6,93.4,24.4,7.6,0.3933,4.555033957669119
20063,Gove County,Kansas,1396,1227,150,0.8789398280802292,0.1074498567335243,0.7714899713467049,2796,41.7,95.57,0.21,0.29,1.32,23.46,2.3,19.7,7.4,3.9,3.0,9.1,4.2,63203.0,1.2,94.4,21.0,0.6,0.4227,3.446537167073644
20065,Graham County,Kansas,1287,1055,210,0.8197358197358198,0.1631701631701631,0.6565656565656567,2406,46.1,90.94,3.74,1.16,3.74,25.85,2.7,13.1,7.7,6.8,2.2,12.3,7.4,52909.0,13.3,95.4,27.4,1.1,0.3933,3.381295623003826
20067,Grant County,Kansas,2220,1793,395,0.8076576576576576,0.1779279279279279,0.6297297297297297,7284,32.9,66.24,0.18,0.23,52.86,13.21,1.7,31.5,7.1,7.8,1.1,7.0,10.9,72484.0,5.4,81.1,25.6,23.0,0.418,3.8623699371228826
20069,Gray County,Kansas,2193,1837,324,0.8376652986776105,0.1477428180574555,0.689922480620155,5696,36.6,92.21,0.0,0.39,16.06,16.03,1.5,22.4,10.7,5.4,4.1,7.1,7.6,77885.0,5.1,77.8,24.9,12.6,0.3986,3.7555699806288
20071,Greeley County,Kansas,593,510,75,0.8600337268128162,0.1264755480607082,0.7335581787521079,1296,39.9,87.96,0.15,0.0,17.36,18.6,0.1,24.6,5.9,3.1,2.2,17.4,5.1,78819.0,6.9,89.6,33.5,8.4,0.3853,3.1126050015345745
20073,Greenwood County,Kansas,2884,2299,541,0.7971567267683772,0.1875866851595007,0.6095700416088765,5956,48.4,92.93,0.59,0.08,3.95,26.02,1.6,12.2,7.1,13.0,3.8,6.9,11.0,58276.0,12.4,92.5,19.0,0.5,0.4789,3.7749546890801384
20075,Hamilton County,Kansas,815,671,131,0.8233128834355828,0.1607361963190184,0.6625766871165645,2485,36.4,67.0,0.04,0.0,41.61,13.28,0.6,33.3,10.1,2.5,0.8,5.6,2.9,61929.0,3.1,85.8,20.8,22.5,0.3857,3.395326393069351
20077,Harper County,Kansas,2555,2072,437,0.810958904109589,0.1710371819960861,0.639921722113503,5446,40.8,90.67,0.84,0.2,7.73,22.05,2.0,14.0,3.8,15.2,3.6,9.0,5.5,55417.0,11.0,89.7,21.7,2.0,0.4395,3.736077637003946
20079,Harvey County,Kansas,16086,9591,6202,0.5962327489742634,0.3855526544821584,0.21068009449210495,33823,40.2,85.32,1.1,0.77,12.13,20.86,2.7,2.2,4.9,17.1,1.9,9.0,5.8,73269.0,4.7,91.8,31.5,3.2,0.3947,4.5292121256053965
20081,Haskell County,Kansas,1278,1045,221,0.8176838810641628,0.1729264475743349,0.6447574334898278,3695,38.0,70.91,0.24,0.0,30.09,15.75,3.1,23.9,8.4,7.9,2.6,10.0,7.8,69138.0,6.5,74.8,22.2,23.7,0.3829,3.5676144427308447
20083,Hodgeman County,Kansas,966,817,136,0.8457556935817805,0.1407867494824016,0.7049689440993789,1676,45.9,95.23,0.12,0.0,5.73,20.94,1.8,26.6,3.8,9.1,1.1,10.0,3.2,63125.0,4.9,95.3,28.4,1.1,0.3936,3.2242740142942576
20085,Jackson County,Kansas,6474,4557,1799,0.7038924930491196,0.2778807537843682,0.4260117392647514,13277,41.0,84.54,0.93,0.36,5.31,19.58,1.1,3.2,10.1,14.4,1.6,7.2,6.1,72703.0,5.0,94.0,21.0,2.8,0.3769,4.123099955255574
20087,Jefferson County,Kansas,9927,6694,3030,0.6743225546489372,0.3052281656089453,0.3690943890399919,18391,43.8,93.2,0.72,0.22,3.35,19.38,1.5,2.3,13.3,9.5,1.3,9.6,6.6,77393.0,4.0,95.2,24.6,0.7,0.3905,4.264605344391663
20089,Jewell County,Kansas,1574,1370,176,0.8703939008894537,0.1118170266836086,0.7585768742058451,2909,50.3,93.09,0.79,0.52,2.61,30.59,0.3,12.0,4.4,7.9,2.3,9.6,9.8,52344.0,7.8,93.8,18.8,1.5,0.4448,3.463743721247059
20091,Johnson County,Kansas,343780,154247,183451,0.4486793879806853,0.5336290650997731,-0.08494967711908785,614764,38.3,80.19,4.88,5.16,9.06,15.5,2.3,0.5,5.3,8.3,2.7,10.1,4.8,107261.0,3.4,96.5,56.9,9.1,0.4437,5.788708427697074
20093,Kearny County,Kansas,1301,1082,192,0.8316679477325134,0.1475787855495772,0.6840891621829361,3910,37.5,75.29,1.2,0.84,35.27,16.5,0.8,24.1,8.7,4.2,1.0,11.4,11.6,74135.0,4.1,85.3,14.6,13.0,0.3486,3.5921767573958667
20095,Kingman County,Kansas,3947,3119,753,0.7902204205725868,0.1907778059285533,0.5994426146440335,7284,43.4,93.05,0.26,0.01,3.97,19.71,2.4,10.9,7.1,10.7,1.9,14.4,4.2,59819.0,5.5,90.6,23.8,0.3,0.4111,3.8623699371228826
20097,Kiowa County,Kansas,1107,941,151,0.8500451671183379,0.1364046973803071,0.7136404697380307,2422,41.2,90.3,0.83,2.19,4.29,22.34,2.2,17.1,5.5,3.2,6.0,9.8,6.2,73214.0,4.3,89.3,27.6,4.9,0.4669,3.384174138807033
20099,Labette County,Kansas,7921,5410,2385,0.682994571392501,0.3010983461684131,0.3818962252240879,19949,41.4,85.23,3.44,0.07,5.0,20.06,1.7,2.7,6.3,17.2,1.8,10.0,3.8,55439.0,9.1,89.8,21.1,0.9,0.428,4.299921130330193
20101,Lane County,Kansas,843,709,111,0.8410438908659549,0.1316725978647686,0.7093712930011863,1497,48.9,90.11,0.33,1.14,15.43,23.65,0.3,12.7,6.0,2.5,8.3,10.7,7.7,53042.0,6.1,95.0,24.6,7.9,0.454,3.1752218003430523
20103,Leavenworth County,Kansas,36547,22055,13732,0.603469505020932,0.3757353544750595,0.22773415054587248,82493,38.3,80.46,7.39,1.3,7.31,15.53,2.4,1.5,5.7,7.5,1.9,13.1,6.2,86906.0,6.3,93.4,36.6,3.2,0.4029,4.916417097757768
20105,Lincoln County,Kansas,1507,1233,250,0.8181818181818182,0.165892501658925,0.6522893165228932,2924,44.1,93.91,0.21,0.79,4.21,24.9,1.1,17.4,7.9,8.1,1.5,8.3,9.4,53546.0,7.5,96.2,21.5,0.4,0.4426,3.465977368285823
20107,Linn County,Kansas,5016,4093,854,0.8159888357256778,0.1702551834130781,0.6457336523125997,9723,45.5,93.64,0.76,0.34,2.92,22.27,2.2,7.7,14.4,8.5,2.3,10.3,7.9,59200.0,7.6,94.1,22.5,0.5,0.4444,3.9878002857518724
20109,Logan County,Kansas,1400,1186,183,0.8471428571428572,0.1307142857142857,0.7164285714285715,2720,41.1,90.77,0.0,0.51,6.8,21.07,0.8,19.5,7.1,3.3,2.2,10.6,9.5,71389.0,9.7,92.2,26.7,3.3,0.4462,3.4345689040341987
20111,Lyon County,Kansas,13256,7462,5515,0.5629149064574532,0.4160380205190102,0.14687688593844306,32145,33.1,75.01,1.58,1.78,23.41,15.79,1.7,2.3,3.7,21.8,1.7,12.7,5.9,59078.0,8.7,89.2,27.7,10.4,0.409,4.50711343009751
20113,McPherson County,Kansas,14104,9816,4021,0.6959727736812252,0.2850964265456608,0.4108763471355644,30130,39.1,92.99,1.72,0.72,5.43,19.73,1.4,5.3,6.8,19.9,0.9,6.3,4.6,77701.0,6.2,92.3,33.1,2.9,0.389,4.4789991316733575
20115,Marion County,Kansas,5870,4312,1429,0.7345826235093696,0.2434412265758092,0.49114139693356046,11795,43.7,93.29,1.15,0.53,4.07,23.44,1.8,8.6,7.8,16.3,2.0,9.2,5.1,63438.0,6.2,92.3,28.8,1.0,0.4439,4.071697945221614
20117,Marshall County,Kansas,4968,3644,1205,0.7334943639291466,0.2425523349436393,0.4909420289855073,10001,42.6,94.87,0.66,0.31,2.62,22.38,1.2,7.8,4.1,18.8,2.9,9.0,8.0,70828.0,5.3,91.0,18.9,0.8,0.4218,4.000043427276863
20119,Meade County,Kansas,1695,1427,247,0.8418879056047197,0.1457227138643068,0.6961651917404129,3949,37.5,80.63,1.29,0.0,23.17,16.71,0.7,16.5,13.1,5.3,2.7,7.1,7.5,74868.0,7.7,84.6,22.8,9.8,0.506,3.5964871337365443
20121,Miami County,Kansas,18685,12854,5472,0.687931495852288,0.2928552314690928,0.39507626438319515,34625,41.8,91.97,1.14,0.56,3.85,17.49,1.8,2.5,9.0,9.7,2.7,11.2,5.3,88000.0,4.8,94.8,32.1,1.4,0.4048,4.539389782072505
20123,Mitchell County,Kansas,3172,2608,528,0.8221941992433796,0.1664564943253468,0.6557377049180327,5767,43.3,93.95,0.19,0.26,2.05,22.75,0.5,7.2,10.1,8.8,2.1,12.5,5.5,58233.0,7.0,94.4,25.4,1.4,0.4545,3.7609499514108973
20125,Montgomery County,Kansas,12441,9287,2934,0.7464834016558155,0.2358331323848565,0.510650269270959,31143,40.3,79.39,4.29,0.25,7.8,19.93,2.2,4.6,5.4,20.4,1.1,11.4,5.3,53242.0,12.0,89.9,21.3,2.7,0.4223,4.493360445762301
20127,Morris County,Kansas,2792,2021,721,0.7238538681948424,0.2582378223495702,0.4656160458452722,5388,48.7,92.84,0.22,0.24,4.4,26.11,1.3,8.9,7.1,10.9,2.1,10.0,6.4,56716.0,11.3,92.9,27.3,1.6,0.4577,3.731427587050948
20129,Morton County,Kansas,1060,909,131,0.8575471698113207,0.1235849056603773,0.7339622641509435,2647,43.7,78.09,1.32,1.4,23.16,20.29,2.0,25.7,8.5,4.3,8.1,3.6,3.8,65625.0,6.9,86.7,16.6,9.0,0.4164,3.422753941301348
20131,Nemaha County,Kansas,5620,4655,888,0.8282918149466192,0.1580071174377224,0.6702846975088967,10213,40.0,94.96,0.64,0.39,2.52,19.58,0.6,10.0,4.3,20.3,1.8,10.5,8.2,77375.0,5.0,93.7,30.1,0.7,0.4294,4.009153331907709
20133,Neosho County,Kansas,6784,4961,1696,0.7312794811320755,0.25,0.4812794811320755,15715,40.3,91.84,1.41,0.5,5.92,20.4,2.8,5.5,5.6,16.5,1.2,15.6,5.7,55704.0,11.2,92.3,21.8,1.8,0.4375,4.196314385353599
20135,Ness County,Kansas,1363,1205,129,0.8840792369772561,0.0946441672780631,0.789435069699193,2659,46.1,80.63,0.04,0.26,15.16,24.63,0.7,28.6,4.1,4.9,5.6,5.6,4.3,66107.0,7.5,91.5,23.0,7.6,0.4663,3.424718337331567
20137,Norton County,Kansas,2270,1882,346,0.8290748898678414,0.1524229074889868,0.6766519823788546,5392,40.2,89.63,2.71,0.06,5.82,20.31,0.3,10.3,5.2,12.5,4.2,6.9,1.2,50305.0,9.0,92.3,19.4,1.2,0.4151,3.7317498835272636
20139,Osage County,Kansas,7892,5736,1946,0.7268119614799797,0.2465788139888494,0.48023314749113033,15780,42.8,93.65,0.5,0.13,3.24,20.6,1.6,3.0,9.2,9.8,1.6,10.4,10.9,70216.0,7.3,92.4,21.0,1.0,0.386,4.198106998873401
20141,Osborne County,Kansas,1774,1477,261,0.8325817361894025,0.1471251409244645,0.685456595264938,3473,46.8,92.95,0.4,0.26,2.68,26.32,1.0,17.0,4.0,10.3,3.4,13.6,4.3,59408.0,8.1,95.2,23.0,1.4,0.4275,3.5407047833107623
20143,Ottawa County,Kansas,3003,2475,476,0.8241758241758241,0.1585081585081585,0.6656676656676657,5782,42.5,93.65,0.69,0.05,3.16,20.58,2.1,9.4,5.7,10.6,3.1,11.0,5.5,76755.0,9.5,94.8,24.3,1.2,0.4146,3.762078087334639
20145,Pawnee County,Kansas,2675,2003,625,0.748785046728972,0.2336448598130841,0.5151401869158878,6220,44.9,87.49,6.85,0.0,8.68,22.12,0.6,13.9,5.5,7.4,2.9,8.1,9.2,63625.0,1.9,89.4,18.8,0.7,0.4746,3.7937903846908188
20147,Phillips County,Kansas,2747,2356,331,0.8576629049872588,0.1204950855478704,0.7371678194393885,4874,44.6,94.15,0.53,0.47,3.28,24.62,1.9,12.5,5.3,6.3,3.8,7.9,6.0,61235.0,11.3,92.4,22.3,1.3,0.435,3.6878855248487055
20149,Pottawatomie County,Kansas,13472,9811,3394,0.7282511876484561,0.2519299287410926,0.4763212589073635,25808,36.2,90.13,1.74,0.36,5.84,15.07,1.3,3.9,9.2,9.4,1.5,6.6,4.6,87694.0,4.9,96.3,36.5,2.1,0.3922,4.411754350044887
20151,Pratt County,Kansas,4082,3054,954,0.7481626653601176,0.2337089661930426,0.514453699167075,9120,38.2,88.84,2.07,0.22,8.28,21.58,2.3,11.5,4.7,6.5,2.7,12.4,7.1,64348.0,7.1,92.3,26.6,1.1,0.4359,3.959994838328416
20153,Rawlins County,Kansas,1403,1194,176,0.8510334996436208,0.1254454739843193,0.7255880256593016,2533,47.0,93.6,0.0,0.51,7.34,27.64,0.8,20.8,7.2,9.1,4.0,10.8,4.6,65000.0,10.3,95.4,17.3,2.1,0.3977,3.403635189790548
20155,Reno County,Kansas,26940,17847,8554,0.6624721603563475,0.3175204157386785,0.344951744617669,61693,40.7,87.0,2.3,0.64,10.12,20.32,2.4,3.1,6.1,15.4,2.0,12.8,4.9,60498.0,9.1,91.2,20.5,2.5,0.4272,4.79023588957883
20157,Republic County,Kansas,2443,2001,396,0.8190749079001228,0.1620957838722881,0.6569791240278348,4662,46.0,95.02,0.62,0.54,2.49,26.38,0.6,14.8,7.1,10.2,3.8,16.5,4.7,53611.0,6.4,94.8,25.4,0.6,0.4217,3.668572269184558
20159,Rice County,Kansas,3966,3073,825,0.7748361069087242,0.208018154311649,0.5668179525970751,9389,39.0,80.48,1.87,0.06,13.65,19.57,2.1,9.3,5.1,16.4,3.3,7.4,6.4,63947.0,5.1,92.9,24.3,4.0,0.4151,3.9726193390596234
20161,Riley County,Kansas,24313,11630,12063,0.4783449183564348,0.4961543207337638,-0.01780940237732903,71710,25.2,77.86,6.35,4.06,9.93,9.78,2.8,1.5,5.5,4.6,0.9,11.0,2.7,59560.0,11.8,96.1,48.0,6.8,0.4839,4.855579722501718
20163,Rooks County,Kansas,2534,2153,349,0.8496448303078137,0.1377269139700078,0.7119179163378059,4869,46.0,92.89,2.71,0.21,2.96,23.41,1.3,15.0,4.2,7.3,2.7,8.8,5.0,61596.0,2.7,92.2,24.0,0.5,0.3741,3.6874397745458944
20165,Rush County,Kansas,1606,1315,264,0.8188044831880449,0.1643835616438356,0.6544209215442093,2957,46.0,90.43,0.44,0.17,5.41,25.26,3.3,9.6,6.3,12.5,2.3,9.3,12.4,60288.0,8.4,91.4,21.5,1.5,0.535,3.4708513245261177
20167,Russell County,Kansas,3301,2632,608,0.7973341411693426,0.184186610118146,0.6131475310511967,6717,45.3,90.35,0.0,0.36,4.03,25.8,1.2,8.7,4.1,7.3,3.3,16.0,8.9,53902.0,9.2,92.5,18.1,2.0,0.438,3.8271753482986925
20169,Saline County,Kansas,23226,15069,7734,0.6487987600103332,0.3329888917592353,0.3158098682510979,53801,39.8,84.76,3.73,2.12,12.48,18.5,2.4,2.3,4.1,16.4,2.5,10.9,4.0,63316.0,8.8,92.9,29.1,4.2,0.4397,4.730790347979507
20171,Scott County,Kansas,2135,1843,248,0.863231850117096,0.1161592505854801,0.7470725995316159,5071,39.3,84.7,0.0,1.3,20.19,20.29,0.8,21.3,1.7,5.5,4.0,12.5,5.0,67788.0,11.1,89.1,33.4,10.8,0.3924,3.7050936105478733
20173,Sedgwick County,Kansas,214152,120118,90506,0.5609006686839254,0.4226250513653853,0.1382756173185401,524810,35.9,71.18,7.94,4.24,16.13,15.45,3.4,1.0,6.8,17.3,2.3,11.0,4.6,67675.0,9.6,89.5,31.6,8.5,0.4603,5.720002101717151
20175,Seward County,Kansas,4565,3133,1354,0.6863088718510405,0.296604600219058,0.3897042716319825,21640,31.0,40.5,2.71,2.38,66.63,10.37,3.0,9.3,2.8,27.4,2.4,9.5,4.7,62269.0,10.8,71.9,12.7,28.7,0.4113,4.335257256434532
20177,Shawnee County,Kansas,81819,39901,40308,0.4876740121487674,0.4926484068492648,-0.004974394700497431,178315,39.6,76.07,7.63,1.45,13.6,18.97,2.6,1.1,6.6,9.7,2.2,9.5,6.5,66043.0,8.8,93.5,32.3,4.2,0.4418,5.251187877910194
20179,Sheridan County,Kansas,1373,1229,126,0.8951201747997086,0.0917698470502549,0.8033503277494537,2442,43.4,93.08,0.12,0.0,5.94,23.18,0.4,35.9,3.3,3.3,1.2,13.4,2.8,70000.0,9.3,96.5,24.3,3.1,0.4945,3.3877456596088638
20181,Sherman County,Kansas,2593,2161,379,0.8333976089471654,0.1461627458542229,0.6872348630929426,5919,38.9,81.65,3.9,0.03,12.94,20.49,0.3,9.7,4.5,4.6,3.9,15.1,10.2,64444.0,5.5,91.7,25.1,3.5,0.5529,3.7722483399718536
20183,Smith County,Kansas,2006,1675,300,0.8349950149551346,0.1495513459621136,0.685443668993021,3579,50.0,94.16,0.75,0.7,1.12,28.78,1.0,16.6,8.2,8.4,2.8,15.8,1.9,57024.0,3.9,94.9,24.6,0.7,0.4377,3.553761698390004
20185,Stafford County,Kansas,1909,1548,326,0.8108957569408067,0.1707700366684127,0.640125720272394,4004,42.1,86.66,0.2,0.0,13.34,21.83,1.7,19.0,5.5,4.3,2.0,8.6,4.4,63786.0,6.4,92.6,26.3,5.4,0.4378,3.602494068807281
20187,Stanton County,Kansas,664,537,115,0.8087349397590361,0.1731927710843373,0.6355421686746988,2018,36.5,73.49,0.0,0.2,45.0,13.53,1.3,30.7,3.0,0.2,9.9,3.3,19.4,70361.0,7.6,76.4,23.7,24.8,0.4323,3.3049211619008916
20189,Stevens County,Kansas,1835,1595,210,0.8692098092643051,0.1144414168937329,0.7547683923705722,5212,38.0,68.07,0.12,0.29,38.68,17.1,2.8,21.5,9.3,11.3,2.6,8.5,10.7,61909.0,8.1,73.8,16.2,15.3,0.4544,3.7170044070405472
20191,Sumner County,Kansas,10549,7810,2527,0.7403545359749739,0.2395487723954877,0.5008057635794863,22386,41.2,89.9,1.14,0.43,5.9,19.11,3.6,3.6,6.8,19.8,1.1,11.2,5.5,60348.0,7.6,94.0,26.7,1.1,0.4088,4.349976499424473
20193,Thomas County,Kansas,3664,3007,597,0.8206877729257642,0.1629366812227074,0.6577510917030568,7913,35.3,92.52,1.31,0.24,8.08,17.88,0.1,9.7,3.5,4.4,5.9,12.0,3.7,73575.0,4.6,93.5,30.2,4.3,0.4547,3.8983411657275093
20195,Trego County,Kansas,1587,1343,216,0.8462507876496534,0.1361058601134215,0.7101449275362319,2778,47.7,96.11,0.07,0.76,0.18,26.46,0.7,15.1,8.6,9.4,2.8,8.7,6.3,73375.0,3.7,96.4,28.7,0.5,0.4169,3.4437322414015967
20197,Wabaunsee County,Kansas,3836,2816,944,0.7340980187695516,0.246089676746611,0.48800834202294063,6961,43.2,91.84,0.32,0.37,4.63,21.0,2.5,11.1,9.8,10.4,2.8,6.6,5.0,70536.0,4.7,96.3,26.6,1.1,0.3784,3.8426716337607885
20199,Wallace County,Kansas,748,686,52,0.9171122994652406,0.0695187165775401,0.8475935828877006,1459,47.2,90.82,0.69,1.1,6.24,25.7,0.8,23.5,8.6,7.5,3.2,5.1,4.9,60263.0,9.6,92.2,22.7,3.4,0.4318,3.1640552918934515
20201,Washington County,Kansas,2700,2263,396,0.8381481481481482,0.1466666666666666,0.6914814814814816,5519,43.9,92.9,0.2,0.58,4.67,23.46,0.9,16.3,6.2,11.6,3.9,8.7,6.9,62452.0,5.4,94.5,23.3,3.0,0.4243,3.7418603940652635
20203,Wichita County,Kansas,860,740,107,0.8604651162790697,0.1244186046511627,0.736046511627907,2115,38.7,75.08,0.19,0.0,29.69,22.84,0.3,35.0,4.4,10.1,1.2,6.8,2.9,71282.0,8.5,87.8,18.8,9.2,0.4624,3.325310371711061
20205,Wilson County,Kansas,3603,2894,647,0.8032195392728282,0.1795725784068831,0.6236469608659451,8559,42.3,93.7,0.18,0.02,3.62,22.54,2.1,6.1,7.3,19.0,1.9,7.1,6.4,57056.0,12.1,91.6,21.3,1.6,0.4461,3.932423026376739
20207,Woodson County,Kansas,1506,1205,282,0.800132802124834,0.1872509960159362,0.6128818061088978,3118,49.9,92.66,0.1,0.0,0.74,26.59,1.3,14.1,10.5,14.3,1.8,7.1,6.2,48152.0,8.7,91.1,22.6,0.5,0.4289,3.4938761108528227
20209,Wyandotte County,Kansas,50602,18867,30938,0.372850875459468,0.6113987589423343,-0.23854788348286632,167277,34.2,46.49,19.26,5.22,33.34,13.04,3.5,0.8,10.9,12.3,3.3,11.8,7.9,60582.0,13.5,81.9,20.5,17.7,0.4255,5.22343623110129
21001,Adair County,Kentucky,8971,7643,1257,0.8519674506743953,0.1401181585107568,0.7118492921636385,19016,40.1,91.32,1.8,0.28,3.29,19.64,4.1,1.3,8.2,16.4,1.5,16.4,7.7,50316.0,12.7,85.8,18.8,3.4,0.484,4.279119168720124
21003,Allen County,Kentucky,9418,7824,1505,0.830749628371204,0.1598003822467615,0.6709492461244425,21029,40.7,95.37,0.51,0.02,2.78,17.59,4.4,6.8,7.4,16.9,2.8,11.8,7.9,59029.0,11.2,85.0,17.4,1.9,0.4595,4.322818621007395
21005,Anderson County,Kentucky,13090,9650,3226,0.7372039724980901,0.2464476699770817,0.49075630252100844,24098,42.1,93.21,2.82,0.13,2.4,16.3,1.5,1.7,5.3,17.5,0.8,10.7,5.9,71747.0,8.8,91.7,25.7,1.3,0.4053,4.3819810000434645
21007,Ballard County,Kentucky,4088,3331,697,0.8148238747553816,0.1704990215264188,0.6443248532289628,7678,44.2,92.02,3.63,0.34,1.43,21.96,2.3,3.8,9.4,14.3,1.8,10.4,9.7,64740.0,11.4,93.7,18.7,1.4,0.4498,3.8852481077813863
21009,Barren County,Kentucky,19799,15019,4565,0.7585736653366332,0.2305672003636547,0.5280064649729785,44670,40.1,88.81,3.7,0.78,4.26,17.91,2.6,3.1,5.5,21.2,2.4,11.5,5.8,49171.0,16.5,86.5,17.8,2.5,0.4788,4.650015952471839
21011,Bath County,Kentucky,5389,4041,1278,0.7498608276118018,0.2371497494897012,0.5127110781221007,12812,39.0,95.48,1.76,0.05,1.77,16.72,2.1,2.5,7.8,21.1,1.1,13.0,6.0,54128.0,17.0,81.4,14.4,0.2,0.531,4.107616929991784
21013,Bell County,Kentucky,9337,7831,1419,0.8387062225554247,0.1519760094248688,0.6867302131305559,23878,41.2,93.4,2.23,0.14,0.74,18.82,4.3,6.7,3.4,9.1,1.6,11.9,6.3,32403.0,21.2,79.4,13.9,0.3,0.4938,4.3779979478619
21015,Boone County,Kentucky,67382,45650,20601,0.6774806328099492,0.3057344691460627,0.37174616366388646,137676,37.7,85.33,3.81,2.36,5.69,14.5,2.0,0.6,6.6,14.3,3.7,12.3,9.3,94752.0,4.2,93.6,35.4,6.4,0.4054,5.1388582396323805
21017,Bourbon County,Kentucky,9535,6284,3088,0.659045621394861,0.323859465128474,0.335186156266387,20174,42.0,86.14,4.78,0.17,7.55,19.52,2.6,10.4,6.5,13.0,3.2,13.8,4.5,56322.0,10.4,86.6,25.5,4.0,0.4713,4.304792016492227
21019,Boyd County,Kentucky,20951,14363,6291,0.6855520022910601,0.3002720633859959,0.3852799389050642,48043,42.4,92.99,2.14,0.33,1.7,20.22,3.5,1.5,5.4,8.1,1.4,13.8,7.6,60659.0,12.4,89.0,19.4,1.1,0.4487,4.681630118688533
21021,Boyle County,Kentucky,14371,9159,4990,0.6373251687426066,0.3472270544847262,0.2900981142578804,30708,39.5,84.12,7.56,0.86,4.68,18.66,3.3,1.7,5.5,16.2,1.7,15.2,5.5,61635.0,10.6,91.4,27.4,2.7,0.4638,4.4872515319348105
21023,Bracken County,Kentucky,4146,3399,702,0.8198263386396527,0.1693198263386396,0.6505065123010131,8427,42.0,95.4,1.21,0.0,0.93,17.63,3.3,2.7,11.8,18.3,1.4,11.8,7.1,59521.0,14.7,88.2,17.0,0.5,0.4436,3.9256729939212405
21025,Breathitt County,Kentucky,5113,4036,1002,0.789360453745355,0.1959710541756307,0.5933893995697244,13438,43.0,96.5,0.54,0.76,1.15,18.34,4.3,3.4,8.9,8.2,2.7,11.2,2.7,41101.0,22.1,80.6,16.5,0.7,0.4546,4.128334636753716
21027,Breckinridge County,Kentucky,10046,7882,2038,0.7845908819430619,0.2028668126617559,0.581724069281306,20722,42.2,94.41,1.65,0.0,1.58,19.94,2.7,4.7,7.9,22.9,2.0,12.9,5.2,53673.0,14.9,86.4,14.9,0.5,0.4699,4.3164316693669305
21029,Bullitt County,Kentucky,43187,32299,10280,0.7478870956537848,0.2380345937434876,0.5098525019102972,83209,41.3,92.26,1.22,0.69,2.89,16.88,2.7,0.7,7.4,14.0,3.1,11.8,12.6,77640.0,7.1,89.6,18.9,2.3,0.3925,4.920170302720376
21031,Butler County,Kentucky,5942,4905,965,0.8254796364860316,0.1624032312352743,0.6630764052507573,12373,41.1,93.99,0.22,0.23,4.98,18.95,2.2,2.7,13.4,26.1,4.2,6.5,6.6,52003.0,11.9,82.0,9.5,2.3,0.4229,4.09247501292598
21033,Caldwell County,Kentucky,6188,4860,1256,0.7853910795087266,0.2029734970911441,0.5824175824175825,12631,42.3,91.0,4.96,0.0,2.37,21.11,1.6,7.4,3.7,18.0,3.4,11.7,8.7,57618.0,12.5,89.8,18.1,2.1,0.4384,4.101437735138849
21035,Calloway County,Kentucky,16936,11539,5111,0.6813297118564006,0.3017831837505904,0.3795465281058102,37882,35.4,89.48,3.77,1.57,3.47,16.78,2.5,2.8,6.0,12.6,2.1,12.3,5.6,51854.0,11.4,91.4,32.3,3.7,0.4821,4.578432899740808
21037,Campbell County,Kentucky,48302,28450,18952,0.5890025257753302,0.3923647053952217,0.19663782038010846,93193,39.0,91.47,2.79,0.96,2.53,17.08,2.4,0.3,6.9,9.9,3.2,8.6,5.5,77271.0,6.7,93.1,39.5,2.5,0.4766,4.969383292444706
21039,Carlisle County,Kentucky,2610,2182,408,0.8360153256704981,0.1563218390804597,0.6796934865900384,4763,43.6,92.38,1.41,0.31,2.79,19.88,2.3,2.2,11.3,17.8,5.4,12.4,5.0,62019.0,11.3,90.9,14.6,1.0,0.4944,3.6778805815115905
21041,Carroll County,Kentucky,4025,3014,963,0.7488198757763975,0.2392546583850931,0.5095652173913044,10878,38.5,87.01,2.34,0.0,7.32,16.23,3.9,0.4,5.4,31.0,8.3,8.3,6.5,57753.0,17.0,83.9,8.9,2.1,0.4615,4.036549054479153
21043,Carter County,Kentucky,11420,8981,2305,0.7864273204903678,0.2018388791593695,0.5845884413309983,26515,41.8,95.63,0.45,0.16,1.09,19.93,2.0,1.6,11.3,8.4,1.3,11.3,6.4,50389.0,16.4,82.8,15.4,0.9,0.4859,4.423491631454581
21045,Casey County,Kentucky,7080,6216,804,0.8779661016949153,0.1135593220338983,0.764406779661017,15951,41.5,95.72,0.53,0.05,3.34,20.22,4.2,6.7,8.5,20.3,3.3,11.2,7.2,41689.0,18.9,77.9,11.8,1.5,0.4956,4.202787915033841
21047,Christian County,Kentucky,21671,14332,7055,0.6613446541460939,0.3255502745604725,0.3357943795856214,72599,28.6,67.74,19.31,1.26,8.43,12.57,3.7,2.5,6.1,18.7,1.8,14.3,4.4,54190.0,13.0,86.9,20.0,3.2,0.4426,4.860930638641237
21049,Clark County,Kentucky,17868,11950,5639,0.6687933736288336,0.3155921199910454,0.3532012536377882,37004,40.8,89.72,4.26,0.81,4.03,18.17,2.9,1.7,7.1,15.1,2.3,13.6,6.8,67824.0,7.5,89.9,22.2,1.8,0.4878,4.5682486722841
21051,Clay County,Kentucky,7517,6729,692,0.8951709458560596,0.0920580018624451,0.8031129439936145,20105,40.6,92.19,4.67,0.08,1.21,15.69,4.4,1.2,5.8,9.8,2.6,17.6,4.5,39607.0,27.3,74.1,16.6,1.0,0.476,4.30330407743893
21053,Clinton County,Kentucky,4880,4276,549,0.8762295081967213,0.1125,0.7637295081967213,9240,42.5,94.98,0.0,1.56,3.03,20.16,3.1,4.6,7.1,21.2,1.6,10.3,5.1,42168.0,14.2,79.2,16.5,1.0,0.4268,3.9656719712201065
21055,Crittenden County,Kentucky,4008,3349,608,0.8355788423153693,0.1516966067864271,0.6838822355289422,8972,42.8,96.21,0.51,0.26,2.41,20.82,1.7,8.2,11.0,17.5,0.5,11.5,3.3,47003.0,13.3,83.8,12.6,0.7,0.4581,3.95288926491093
21057,Cumberland County,Kentucky,3439,2922,483,0.8496656004652515,0.1404478045943588,0.7092177958708927,5948,45.1,93.11,1.65,0.64,1.8,22.23,1.4,4.2,6.6,21.0,0.0,12.1,4.8,39662.0,28.6,82.0,17.5,1.1,0.4616,3.7743709598499167
21059,Daviess County,Kentucky,47067,30705,15673,0.6523679010771878,0.3329933923980708,0.319374508679117,103195,38.7,86.74,4.38,2.17,4.05,17.36,2.7,2.0,5.3,19.1,2.1,11.7,6.0,65323.0,11.9,90.9,25.2,3.7,0.4694,5.013658655382136
21061,Edmonson County,Kentucky,6247,5048,1118,0.8080678725788378,0.1789659036337442,0.6291019689450936,12243,45.3,94.92,0.67,0.46,1.59,21.46,3.4,2.3,10.4,18.3,2.0,15.0,7.8,54512.0,12.2,84.0,10.3,0.8,0.4204,4.087887849492933
21063,Elliott County,Kentucky,2911,2335,532,0.8021298522844383,0.1827550669872896,0.6193747852971487,7336,44.4,93.66,3.01,0.0,2.02,21.56,2.2,2.4,13.6,20.2,0.6,4.4,3.7,40074.0,19.2,74.9,6.2,0.1,0.444,3.8654593226619647
21065,Estill County,Kentucky,6289,5091,1114,0.8095086659246303,0.1771346795993003,0.63237398632533,14079,44.3,96.38,0.11,0.97,0.93,19.42,3.4,0.3,7.7,25.6,1.3,13.9,6.9,43905.0,16.8,78.1,9.9,1.6,0.4494,4.148571808932157
21067,Fayette County,Kentucky,143762,57347,83387,0.3989023524992696,0.5800350579429892,-0.18113270544371957,321122,35.2,69.93,14.39,4.17,9.21,14.39,3.4,1.5,4.8,9.6,1.8,11.9,4.7,67631.0,9.4,92.4,47.3,11.0,0.4909,5.5066700600084415
21069,Fleming County,Kentucky,7000,5578,1334,0.7968571428571428,0.1905714285714285,0.6062857142857143,15221,41.0,95.07,1.09,0.58,1.56,18.5,3.7,4.9,7.7,20.3,1.2,14.5,5.8,49663.0,18.7,83.4,16.4,1.2,0.466,4.182443185957241
21071,Floyd County,Kentucky,15650,12326,3061,0.7876038338658147,0.195591054313099,0.5920127795527157,35342,43.1,96.59,0.63,0.36,0.93,19.45,3.1,4.8,5.3,6.8,3.8,11.5,4.9,41582.0,20.8,81.1,15.1,0.4,0.5066,4.548291122544448
21073,Franklin County,Kentucky,25749,13246,11996,0.5144277447667871,0.4658821701813662,0.048545574585420914,51563,40.6,81.71,9.23,1.87,4.09,18.39,3.5,1.8,6.7,11.7,1.3,10.6,4.1,66470.0,10.5,92.5,31.8,4.5,0.4633,4.712338177214012
21075,Fulton County,Kentucky,2145,1491,636,0.6951048951048951,0.2965034965034965,0.39860139860139865,6440,41.2,69.64,24.35,0.0,1.34,20.92,3.3,6.3,7.8,22.8,2.4,14.0,4.3,36834.0,18.9,81.2,17.3,0.5,0.4454,3.808885867359812
21077,Gallatin County,Kentucky,3917,3109,761,0.7937196834311974,0.1942813377584886,0.5994383456727088,8749,39.7,89.05,2.72,0.45,5.39,15.5,2.1,1.4,6.7,21.8,4.2,11.6,11.3,62247.0,12.3,84.4,13.2,2.1,0.4048,3.9419584165308135
21079,Garrard County,Kentucky,8917,7086,1719,0.7946618817988113,0.1927778400807446,0.6018840417180666,17346,42.9,92.49,2.21,0.0,2.7,18.38,3.4,2.1,11.4,14.0,3.6,10.5,5.2,62572.0,13.7,85.8,19.1,2.2,0.4363,4.2391993420543015
21081,Grant County,Kentucky,11466,9372,1944,0.8173731030873888,0.1695447409733124,0.6478283621140764,25238,36.4,92.84,0.82,0.23,3.17,14.03,3.0,1.8,7.1,17.5,2.0,10.6,11.2,67940.0,9.1,88.8,15.1,1.1,0.4217,4.402054936016676
21083,Graves County,Kentucky,16678,13378,3105,0.8021345485070153,0.1861734020865811,0.6159611464204342,36612,40.0,86.49,4.08,0.45,7.75,18.32,2.2,4.1,12.7,15.6,2.2,13.1,7.2,50576.0,15.6,88.7,17.4,2.9,0.496,4.563623453690032
21085,Grayson County,Kentucky,12095,9710,2235,0.8028110789582472,0.1847871021083092,0.618023976849938,26586,40.3,95.83,0.99,0.36,1.54,17.94,2.8,2.1,9.3,18.0,1.0,9.4,7.3,49893.0,12.5,85.0,14.6,0.7,0.4699,4.4246530004152556
21087,Green County,Kentucky,5857,5033,782,0.8593136417961413,0.1335154515963804,0.725798190199761,11278,45.2,95.89,1.21,0.0,2.31,22.26,4.4,1.8,6.7,15.0,1.5,14.6,4.0,41087.0,16.4,85.0,16.6,0.5,0.4658,4.0522320902523346
21089,Greenup County,Kentucky,17372,12961,4181,0.7460856550771356,0.2406746488602348,0.5054110062169008,35639,43.9,95.41,0.59,0.6,1.08,21.62,2.9,1.4,8.1,11.5,1.7,12.7,5.3,59613.0,11.2,90.3,18.3,1.0,0.4761,4.5519255096023565
21091,Hancock County,Kentucky,4633,3375,1173,0.7284696740772717,0.2531836822793006,0.4752859917979711,9032,41.5,94.5,1.11,0.1,0.7,18.0,2.3,2.2,4.0,33.8,0.1,12.9,4.2,66836.0,14.5,86.6,16.8,0.5,0.4142,3.9557839289169117
21093,Hardin County,Kentucky,48060,30672,16572,0.6382022471910113,0.3448189762796504,0.29338327091136085,111452,37.4,76.67,11.6,1.94,6.29,14.77,3.9,0.7,5.6,15.4,2.4,13.0,6.7,67608.0,8.1,92.4,24.4,3.9,0.4606,5.047087866276735
21095,Harlan County,Kentucky,10384,9109,1199,0.8772149460708782,0.1154661016949152,0.761748844375963,26185,41.2,94.31,1.48,0.24,0.15,19.18,4.4,5.9,6.3,5.7,1.8,14.0,4.9,37198.0,22.2,79.2,12.7,0.2,0.482,4.418052578237504
21097,Harrison County,Kentucky,9018,6639,2265,0.7361942781104458,0.2511643379906852,0.4850299401197606,18971,42.4,94.05,1.87,0.05,2.21,18.67,1.7,2.8,5.3,23.6,0.5,8.7,6.6,63205.0,12.6,89.1,20.1,1.0,0.4728,4.278090224037604
21099,Hart County,Kentucky,8409,6691,1642,0.7956950885955524,0.1952669758591984,0.600428112736354,19470,40.6,91.34,4.61,0.55,1.97,17.1,2.4,3.4,9.3,21.7,1.0,8.1,7.2,49653.0,15.0,78.9,10.7,0.9,0.4561,4.289365951520032
21101,Henderson County,Kentucky,19684,12592,6837,0.6397073765494818,0.3473379394432026,0.2923694371062792,44493,41.0,85.83,6.81,0.23,3.23,18.79,1.7,1.8,7.6,19.5,1.9,11.1,7.3,58239.0,13.0,89.1,19.0,1.3,0.4488,4.648291689621283
21103,Henry County,Kentucky,8074,6093,1857,0.7546445380232846,0.2299975229130542,0.5246470151102304,15774,41.6,91.04,2.69,0.53,3.84,18.04,2.2,4.3,6.8,14.8,1.5,13.3,6.8,60736.0,10.3,86.1,14.8,2.1,0.4514,4.197941836490006
21105,Hickman County,Kentucky,2069,1656,394,0.8003866602223296,0.1904301594973417,0.6099565007249879,4470,46.4,86.42,9.22,0.0,2.42,25.77,2.1,5.0,3.0,21.6,2.1,8.3,8.1,63750.0,14.7,87.2,14.4,0.8,0.4363,3.6503075231319366
21107,Hopkins County,Kentucky,20532,15361,4916,0.748149230469511,0.2394311318916812,0.5087180985778298,45143,41.3,87.96,6.11,0.5,2.53,18.88,3.5,4.0,6.6,16.5,2.8,9.9,6.7,57610.0,12.9,87.7,16.6,1.9,0.4324,4.654590416951598
21109,Jackson County,Kentucky,5934,5358,506,0.9029322548028312,0.0852713178294573,0.8176609369733739,13003,40.6,96.93,0.23,0.11,0.96,17.93,2.5,0.7,3.3,25.6,2.4,5.9,8.5,41410.0,16.7,73.3,10.3,0.3,0.4373,4.114043562548077
21111,Jefferson County,Kentucky,353609,144553,203070,0.4087933282241119,0.5742783696116331,-0.16548504138752124,777392,38.4,65.33,21.96,2.91,7.83,16.88,3.1,0.2,4.9,12.4,2.5,10.7,9.2,67849.0,10.6,91.5,36.6,9.5,0.4821,5.890640067072541
21113,Jessamine County,Kentucky,26644,17854,8303,0.6700945803933344,0.3116273832757844,0.35846719711755,53792,38.7,88.23,3.97,1.64,4.59,15.92,2.0,1.2,6.6,8.1,2.8,14.4,5.7,74886.0,8.4,90.5,32.4,4.5,0.5072,4.730717691759377
21115,Johnson County,Kentucky,9622,8150,1350,0.8470172521305341,0.1403034712118062,0.7067137809187279,22464,42.0,95.37,0.56,1.12,0.53,18.75,2.2,2.2,5.7,4.7,1.3,16.6,7.6,43014.0,16.9,82.3,16.6,1.7,0.4916,4.351487090449711
21117,Kenton County,Kentucky,80875,48444,30859,0.5989984544049459,0.381564142194745,0.21743431221020093,169817,37.8,87.15,4.19,1.25,4.57,15.36,2.6,0.4,6.1,12.5,3.0,11.3,7.2,79421.0,7.8,92.5,37.6,4.1,0.4485,5.229981164333328
21119,Knott County,Kentucky,6003,4732,1181,0.7882725304014659,0.1967349658504081,0.5915375645510579,14046,44.4,96.65,0.99,0.25,0.85,20.08,4.9,3.8,5.4,1.9,2.8,14.4,6.1,37736.0,21.6,72.8,17.8,0.5,0.4639,4.147552664080268
21121,Knox County,Kentucky,13156,11178,1821,0.8496503496503497,0.1384159318941927,0.7112344177561569,30034,39.8,95.74,0.84,0.1,1.22,17.31,3.2,4.0,6.5,9.0,3.4,12.0,5.9,33153.0,31.7,75.7,13.5,0.7,0.5414,4.477613176429474
21123,Larue County,Kentucky,7258,5773,1389,0.7953981813171672,0.1913750344447506,0.6040231468724166,15028,41.3,91.3,2.2,0.02,3.29,17.67,1.0,1.8,6.2,27.0,1.0,7.8,6.7,67770.0,15.8,86.0,15.6,1.3,0.4365,4.176901186391347
21125,Laurel County,Kentucky,27884,23516,4037,0.8433510256778081,0.1447783675225936,0.6985726581552145,62731,39.9,95.82,0.47,0.3,1.66,16.76,2.0,1.3,5.4,17.2,1.3,16.8,6.2,56999.0,17.4,83.1,16.5,1.2,0.4578,4.79748221071636
21127,Lawrence County,Kentucky,6572,5464,1044,0.8314059646987219,0.1588557516737675,0.6725502130249543,16171,42.0,97.35,0.05,1.17,0.65,19.76,2.7,3.6,5.6,10.2,2.0,13.3,9.0,45584.0,18.2,79.8,14.2,1.6,0.4622,4.208736877114406
21129,Lee County,Kentucky,2690,2227,406,0.8278810408921933,0.1509293680297397,0.6769516728624536,7375,43.4,94.51,2.14,0.0,0.98,19.08,2.9,2.2,10.4,8.3,0.8,15.3,12.0,34182.0,21.2,74.2,7.5,0.4,0.4904,3.8677620246502005
21131,Leslie County,Kentucky,4357,3908,382,0.8969474408997016,0.087675005737893,0.8092724351618086,10261,42.2,96.93,0.53,0.34,0.5,18.86,3.3,11.4,2.5,13.4,0.5,13.8,9.8,40176.0,18.0,81.4,10.4,0.4,0.4401,4.011189687609991
21133,Letcher County,Kentucky,8430,6848,1457,0.8123368920521945,0.1728351126927639,0.6395017793594306,21146,43.3,97.29,0.74,0.21,0.75,20.55,2.5,3.8,4.3,2.0,2.8,14.9,7.1,40501.0,21.5,79.8,13.7,0.4,0.4781,4.325228227870849
21135,Lewis County,Kentucky,5721,4997,666,0.8734486977801084,0.1164132144729942,0.7570354833071141,13028,42.1,97.03,0.03,0.15,0.08,19.13,3.4,3.1,14.3,12.0,1.3,12.1,5.9,41632.0,16.6,80.6,11.3,0.5,0.4654,4.114877749892836
21137,Lincoln County,Kentucky,11034,8833,2080,0.8005256479970999,0.1885082472358165,0.6120174007612834,24415,41.9,93.05,1.68,0.3,2.04,18.85,4.1,3.5,6.8,16.1,2.3,9.3,6.3,50862.0,13.6,83.2,15.2,1.3,0.4569,4.387656728620143
21139,Livingston County,Kentucky,4972,4021,886,0.8087288817377313,0.1781979082864038,0.6305309734513275,8941,45.7,95.64,0.34,0.02,2.44,21.94,2.6,4.1,13.1,10.4,1.2,13.2,4.2,59713.0,13.4,89.5,13.9,0.3,0.412,3.951386094880293
21141,Logan County,Kentucky,12506,9620,2734,0.7692307692307693,0.2186150647689109,0.5506157044618584,27731,40.6,89.43,4.6,0.41,3.38,18.79,2.8,5.1,8.8,25.0,2.0,10.7,5.6,61535.0,8.9,87.0,16.6,0.5,0.4161,4.442965530834671
21143,Lyon County,Kentucky,4187,3187,950,0.7611655122999761,0.2268927633150227,0.5342727489849534,8831,47.8,88.54,6.9,0.97,1.06,25.34,1.4,1.9,6.2,11.7,1.1,9.0,13.1,64464.0,9.4,90.1,16.3,1.1,0.431,3.9460098847657648
21145,McCracken County,Kentucky,31937,21349,10191,0.6684723048501737,0.3190969721639478,0.34937533268622595,67584,42.4,82.54,9.96,0.94,3.27,20.14,1.8,0.5,5.5,9.2,2.0,15.2,6.6,62385.0,10.9,92.8,27.9,1.9,0.5092,4.829843892181681
21147,McCreary County,Kentucky,6211,5531,641,0.8905168249879246,0.1032039929157945,0.7873128320721301,16905,38.7,90.11,6.86,0.05,1.75,16.07,0.9,3.3,4.6,20.2,0.9,10.7,7.8,37355.0,30.7,77.5,9.1,0.5,0.4828,4.228015175101787
21149,McLean County,Kentucky,4633,3578,989,0.7722857759551047,0.2134685948629398,0.5588171810921649,9127,43.2,95.77,0.76,0.19,2.04,19.78,3.7,7.1,9.3,11.7,4.2,10.3,7.6,70549.0,6.9,92.1,18.4,0.9,0.4375,3.9603280505301433
21151,Madison County,Kentucky,45164,29130,15180,0.6449827296076521,0.3361084049242759,0.3088743246833762,94064,34.7,89.38,3.54,0.87,3.38,14.58,3.3,1.3,5.8,11.8,1.3,11.5,5.0,62407.0,12.2,91.3,34.2,2.7,0.4419,4.973423442845006
21153,Magoffin County,Kentucky,5274,4288,909,0.8130451270383011,0.1723549488054607,0.6406901782328405,11495,41.9,98.1,0.05,0.11,1.3,18.53,4.7,4.6,9.5,13.0,0.9,12.2,6.6,33632.0,28.2,74.9,13.2,0.4,0.4908,4.060508975605297
21155,Marion County,Kentucky,9100,6473,2513,0.7113186813186814,0.2761538461538461,0.4351648351648353,19680,39.6,88.19,7.19,0.62,3.54,16.94,3.0,2.2,6.1,33.4,2.6,10.2,5.0,55404.0,14.1,86.3,12.7,2.3,0.4415,4.294025094095323
21157,Marshall County,Kentucky,17599,13677,3700,0.7771464287743621,0.2102392181373941,0.566907210636968,31728,44.9,96.18,0.72,0.38,1.89,22.08,2.1,0.2,9.7,16.5,1.6,13.7,6.7,63611.0,8.5,92.3,21.0,0.8,0.4322,4.501442696861227
21159,Martin County,Kentucky,3655,3343,287,0.9146374829001368,0.0785225718194254,0.8361149110807113,11181,40.3,87.97,7.46,0.07,1.91,17.44,1.9,8.2,5.4,4.4,2.7,18.8,5.3,46185.0,23.5,73.7,10.7,0.9,0.5585,4.048480647473502
21161,Mason County,Kentucky,7898,5621,2170,0.7116991643454039,0.2747531020511521,0.4369460622942518,16995,42.3,87.4,6.19,0.58,2.26,19.32,2.7,2.4,5.8,17.2,2.1,15.1,7.0,51473.0,13.8,85.2,21.1,1.7,0.5252,4.230321168919079
21163,Meade County,Kentucky,14119,10630,3279,0.7528861817409165,0.2322402436433175,0.520645938097599,30032,39.3,89.98,3.5,0.68,4.04,15.14,2.2,1.6,10.9,9.8,1.0,10.7,10.0,70163.0,11.6,90.6,18.4,1.5,0.4262,4.477584255277271
21165,Menifee County,Kentucky,3292,2563,664,0.778554070473876,0.2017010935601458,0.5768529769137303,6203,45.1,97.13,0.24,0.0,2.48,21.97,2.3,3.0,14.4,16.5,3.0,11.6,7.1,44672.0,21.7,78.4,10.9,0.4,0.4659,3.7926017811649664
21167,Mercer County,Kentucky,11841,8826,2838,0.7453762351152774,0.2396757030656194,0.505700532049658,22824,42.8,91.15,3.56,0.26,3.2,19.22,1.6,4.2,5.0,20.3,1.2,10.6,8.7,63115.0,7.2,91.1,22.5,2.8,0.4262,4.35839175864902
21169,Metcalfe County,Kentucky,5124,4197,884,0.8190866510538641,0.1725214676034348,0.6465651834504293,10372,41.9,94.11,2.21,0.0,2.25,18.86,2.9,1.7,11.2,20.7,1.8,8.7,3.6,48572.0,16.5,84.3,13.1,1.3,0.4202,4.015862508097314
21171,Monroe County,Kentucky,5308,4679,576,0.8814996232102487,0.108515448379804,0.7729841748304447,11318,41.3,93.56,2.58,0.19,4.42,18.45,2.4,5.1,6.9,19.1,4.9,16.0,3.6,49430.0,19.9,82.4,14.9,2.2,0.4655,4.053769689599309
21173,Montgomery County,Kentucky,12819,9302,3329,0.725641625711834,0.2596926437319604,0.4659489819798736,28271,40.6,92.46,2.65,0.46,3.33,16.96,2.3,1.5,7.4,22.7,2.3,14.6,6.1,57468.0,11.7,85.0,20.8,1.3,0.4206,4.451341170597793
21175,Morgan County,Kentucky,5373,4353,939,0.8101619207146845,0.1747627024008933,0.6353992183137912,13938,41.8,90.35,4.09,0.73,3.16,17.4,1.6,1.1,10.9,13.9,0.4,14.5,5.4,47493.0,14.0,81.1,17.6,1.8,0.4991,4.144200460183879
21177,Muhlenberg County,Kentucky,13691,10491,3048,0.766269812285443,0.2226280037981155,0.5436418084873275,30712,42.8,92.46,2.11,0.97,1.94,20.0,2.1,4.0,6.9,15.1,1.0,10.4,6.7,52672.0,12.9,84.6,13.0,2.0,0.4853,4.487308099109349
21179,Nelson County,Kentucky,22838,16052,6515,0.7028636483054558,0.2852701637621508,0.41759348454330497,47102,39.7,90.79,5.26,0.5,2.71,16.81,1.9,1.2,7.4,22.9,2.8,11.6,6.0,67888.0,7.5,91.9,22.8,2.2,0.4194,4.673039348116644
21181,Nicholas County,Kentucky,3319,2451,824,0.7384754444109671,0.2482675504670081,0.490207893943959,7655,38.9,96.58,0.99,0.0,1.02,16.69,3.9,5.2,4.9,19.1,2.9,15.8,7.5,53616.0,16.1,83.7,9.5,0.4,0.4115,3.88394519503428
21183,Ohio County,Kentucky,10935,8679,2094,0.7936899862825789,0.1914951989026063,0.6021947873799727,23704,40.9,92.69,1.08,0.17,4.25,18.12,2.8,3.0,10.5,20.2,1.1,7.7,4.5,54369.0,9.4,83.8,14.2,2.8,0.4266,4.374821638471994
21185,Oldham County,Kentucky,38187,23025,14402,0.602953884829916,0.3771440542593029,0.22580983057061305,68600,39.7,87.57,3.71,1.58,4.81,14.06,2.2,1.1,6.1,12.1,2.2,9.3,5.7,121491.0,2.7,94.1,45.6,4.2,0.4436,4.836324115706752
21187,Owen County,Kentucky,5494,4434,988,0.8070622497269749,0.1798325445941026,0.6272297051328724,11270,42.5,94.3,0.36,0.03,2.47,19.81,3.1,4.2,13.0,21.0,2.7,9.0,7.6,59706.0,12.9,84.1,17.3,1.0,0.4228,4.051923916046107
21189,Owsley County,Kentucky,1839,1625,203,0.8836324089178902,0.1103860793909733,0.7732463295269169,4021,47.9,93.29,0.0,0.0,0.0,21.09,4.7,1.8,1.5,9.9,1.7,9.6,8.2,31064.0,24.0,73.0,11.4,0.0,0.5071,3.604334073102911
21191,Pendleton County,Kentucky,6900,5593,1210,0.8105797101449276,0.1753623188405797,0.6352173913043478,14683,41.7,93.1,0.74,0.38,1.57,17.0,3.0,2.5,11.9,12.7,2.4,12.1,8.8,66601.0,9.2,84.7,16.6,1.2,0.44,4.166814798790912
21193,Perry County,Kentucky,9992,7913,1966,0.79193354683747,0.1967574059247397,0.5951761409127303,27847,41.4,94.35,0.99,0.8,0.32,17.66,2.8,3.9,7.8,3.5,0.6,14.4,3.9,45261.0,22.8,79.5,14.2,0.9,0.5508,4.444778414819479
21195,Pike County,Kentucky,23946,19684,4025,0.8220162031236949,0.1680865280213814,0.6539296751023136,57466,42.9,95.13,0.61,0.51,1.22,19.64,2.7,5.4,5.9,5.8,2.6,15.1,4.5,42179.0,19.3,80.8,16.0,0.7,0.4985,4.7594109685207595
21197,Powell County,Kentucky,5360,4092,1174,0.7634328358208955,0.2190298507462686,0.5444029850746269,13057,39.3,93.82,1.72,0.0,1.37,15.69,3.7,2.9,9.5,13.4,1.4,15.8,10.2,39811.0,16.3,82.6,17.3,1.1,0.4744,4.115843404112816
21199,Pulaski County,Kentucky,31725,26051,5351,0.821150512214342,0.1686682427107959,0.6524822695035462,65503,42.2,94.55,0.88,0.85,2.97,19.32,2.8,2.1,5.7,15.9,2.0,13.3,6.2,50943.0,16.5,84.9,17.9,1.9,0.5135,4.8162611908865856
21201,Robertson County,Kentucky,1144,915,215,0.7998251748251748,0.1879370629370629,0.6118881118881119,2239,39.7,95.0,2.05,0.0,0.67,18.76,3.9,1.7,19.6,13.2,1.0,11.2,8.9,52337.0,19.2,85.2,13.5,0.4,0.4806,3.3500540935790304
21203,Rockcastle County,Kentucky,7724,6635,986,0.8590108751941999,0.1276540652511652,0.7313568099430348,16144,42.8,96.56,0.63,0.31,1.18,19.24,2.9,1.9,7.4,19.5,0.3,13.5,5.2,48367.0,19.6,81.4,13.7,0.4,0.4998,4.208011148892835
21205,Rowan County,Kentucky,9872,6224,3484,0.6304700162074555,0.3529173419773095,0.27755267423014596,24525,31.2,95.27,1.84,0.98,2.21,14.24,2.5,1.3,6.3,9.3,0.7,11.4,6.2,53657.0,16.1,87.3,27.0,2.2,0.5209,4.3896090160519865
21207,Russell County,Kentucky,8893,7622,1200,0.8570786011469695,0.1349375913639941,0.7221410097829755,18117,42.2,92.84,0.97,0.01,4.37,20.58,3.2,2.9,6.6,21.2,1.9,10.3,2.7,50520.0,17.8,81.8,15.8,1.5,0.4794,4.258086284327979
21209,Scott County,Kentucky,29761,18747,10501,0.6299183495178253,0.3528443264675246,0.2770740230503007,58269,36.4,85.77,4.84,0.93,5.48,12.97,2.7,1.4,5.3,25.7,2.2,9.8,4.5,83660.0,8.3,94.3,33.2,2.8,0.4009,4.7654375648859535
21211,Shelby County,Kentucky,24607,16356,7822,0.6646889096598528,0.317877026862275,0.34681188279757785,48599,40.9,81.29,4.75,1.12,10.78,16.84,1.8,2.6,8.7,16.8,1.5,12.5,5.6,82671.0,5.6,88.2,31.0,6.2,0.425,4.686627333069906
21213,Simpson County,Kentucky,8776,6253,2403,0.7125113947128532,0.2738149498632634,0.4386964448495898,19786,39.0,84.49,7.0,0.18,3.43,16.01,2.4,0.8,7.2,22.7,3.4,15.4,7.3,57392.0,10.6,89.2,16.8,1.2,0.4317,4.296358004741391
21215,Spencer County,Kentucky,11479,8927,2415,0.7776809826639951,0.2103841798066033,0.5672968028573918,19875,43.3,94.35,0.96,0.44,2.57,15.0,3.8,1.4,8.0,18.3,1.0,10.1,7.3,98333.0,3.1,93.3,22.1,0.9,0.3914,4.298307137328508
21217,Taylor County,Kentucky,12256,9523,2576,0.7770071801566579,0.2101827676240208,0.5668244125326372,26205,37.7,90.01,4.6,0.93,2.87,17.78,3.1,2.2,5.1,21.7,1.6,15.7,4.9,61871.0,9.7,88.7,22.0,1.5,0.4259,4.418384164038613
21219,Todd County,Kentucky,5112,4009,1051,0.7842331768388107,0.2055946791862284,0.5786384976525822,12330,36.3,85.69,7.2,0.02,5.06,16.89,1.9,12.1,4.2,22.4,1.5,9.4,8.4,57759.0,13.2,79.8,15.9,1.8,0.4916,4.090963076595732
21221,Trigg County,Kentucky,7196,5436,1667,0.7554196775986659,0.2316564758198999,0.523763201778766,14211,46.6,87.26,6.42,0.29,2.58,22.55,2.1,4.5,5.5,17.2,0.4,10.7,6.5,54630.0,16.1,87.5,20.3,1.7,0.4696,4.152624639447619
21223,Trimble County,Kentucky,4249,3283,923,0.7726523887973641,0.2172275829606966,0.5554248058366675,8531,40.9,93.54,0.82,0.14,2.74,18.31,4.5,3.3,7.6,24.0,0.4,9.6,10.3,67813.0,7.3,85.6,14.7,0.8,0.4331,3.930999941956152
21225,Union County,Kentucky,6058,4758,1225,0.7854077253218884,0.2022119511389897,0.5831957741828987,13379,41.3,88.92,8.1,0.32,1.64,19.61,1.6,12.1,7.2,17.5,1.1,11.8,6.1,60989.0,10.6,92.0,11.8,0.8,0.4418,4.126423653737339
21227,Warren County,Kentucky,56860,34862,21065,0.613119943721421,0.3704713330988392,0.2426486106225818,137549,33.4,77.67,8.64,4.59,6.94,13.22,3.0,1.1,5.4,15.6,2.0,12.9,5.3,64801.0,10.7,88.9,33.4,9.9,0.4782,5.138457437357032
21229,Washington County,Kentucky,6338,4720,1533,0.744714420952982,0.2418744083307037,0.5028400126222783,12091,42.2,88.07,5.2,0.39,0.45,19.34,2.5,4.4,7.0,19.2,1.4,9.2,4.6,59762.0,8.1,89.2,18.9,0.9,0.4479,4.08246222116863
21231,Wayne County,Kentucky,8733,7203,1444,0.8248024733768464,0.1653498225123096,0.6594526508645369,19592,43.4,92.39,1.36,0.03,4.39,21.15,2.3,3.7,5.5,18.8,1.2,11.6,6.5,41933.0,17.0,79.4,13.7,2.4,0.5201,4.292078772116658
21233,Webster County,Kentucky,5556,4339,1153,0.7809575233981282,0.2075233981281497,0.5734341252699785,12873,39.6,88.6,4.26,0.04,6.53,17.83,3.0,7.0,9.8,27.0,0.9,8.0,7.7,58786.0,11.2,86.6,12.6,3.6,0.404,4.109679769252335
21235,Whitley County,Kentucky,15075,12687,2237,0.8415920398009951,0.1483913764510779,0.6932006633499171,36755,35.4,95.78,1.06,0.18,1.94,15.72,2.6,1.0,6.9,11.2,2.1,13.2,4.2,41719.0,19.2,83.1,19.8,0.7,0.4851,4.56531642708562
21237,Wolfe County,Kentucky,2915,2163,689,0.7420240137221269,0.2363636363636363,0.5056603773584906,6484,41.5,96.1,0.22,0.0,1.57,19.46,5.4,0.3,6.7,15.4,2.3,13.0,2.1,29052.0,32.6,66.0,7.4,1.6,0.4047,3.811843006176477
21239,Woodford County,Kentucky,14984,8419,6282,0.561865990389749,0.4192471970101442,0.14261879337960487,27017,42.3,87.8,4.02,0.38,7.34,20.07,2.3,7.6,4.5,9.9,4.6,10.2,4.6,80006.0,5.9,91.4,41.7,5.6,0.4408,4.431637122784461
22001,Acadia Parish,Louisiana,26720,21783,4695,0.8152320359281438,0.1757110778443113,0.6395209580838325,57218,37.0,77.42,15.7,0.19,3.15,16.13,4.3,7.9,9.3,7.8,1.6,10.6,5.0,45266.0,19.7,80.7,13.4,0.6,0.48,4.757532673389831
22003,Allen Parish,Louisiana,8751,7003,1661,0.8002513998400183,0.1898068792138041,0.6104445206262141,22552,38.9,70.13,19.55,0.74,7.99,14.41,6.5,3.8,8.8,12.3,2.4,6.6,9.6,51138.0,17.7,79.3,11.6,7.0,0.464,4.353185062863546
22005,Ascension Parish,Louisiana,62473,41319,20113,0.6613897203591952,0.321947081139052,0.33944263922014317,128593,36.4,65.32,22.94,1.12,8.15,12.73,3.1,1.1,9.5,14.2,3.2,10.2,5.2,92266.0,7.9,88.7,28.5,4.7,0.4218,5.109217328276266
22007,Assumption Parish,Louisiana,10367,6963,3273,0.671650429246648,0.3157133211150766,0.35593710813157137,20720,42.0,65.51,28.61,0.82,4.15,20.14,2.7,3.7,14.3,14.6,1.0,13.0,7.1,52546.0,7.7,78.2,13.7,2.4,0.4745,4.316389751073196
22009,Avoyelles Parish,Louisiana,16037,11379,4460,0.7095466733179522,0.2781068778449835,0.4314397954729687,39176,38.2,64.31,26.54,0.64,3.81,17.28,3.3,5.0,12.3,4.2,3.1,12.9,3.7,39439.0,22.5,77.0,10.9,1.5,0.498,4.593020091010161
22011,Beauregard Parish,Louisiana,15874,13504,2192,0.8506992566460879,0.1380874385788081,0.7126118180672798,36646,36.9,80.14,10.96,0.7,3.81,16.01,4.1,4.3,11.0,13.5,0.7,11.8,6.5,64995.0,11.5,87.2,17.8,1.3,0.4321,4.564026577265476
22013,Bienville Parish,Louisiana,6256,3660,2531,0.5850383631713555,0.4045716112531969,0.18046675191815859,12769,42.5,54.3,41.39,0.04,2.0,21.02,2.9,10.0,8.1,14.9,1.2,10.2,4.8,34992.0,24.3,86.0,13.5,0.8,0.5283,4.10615688696684
22015,Bossier Parish,Louisiana,52232,37105,14467,0.7103882677285955,0.2769758002756931,0.43341246745290246,129134,36.2,65.12,23.85,1.9,8.0,14.99,3.2,3.3,7.1,7.3,2.2,11.3,5.6,66336.0,11.2,90.7,27.3,4.0,0.4701,5.111040603756154
22017,Caddo Parish,Louisiana,94699,44471,48864,0.46960369169685,0.5159927771148587,-0.04638908541800868,232973,39.2,43.77,49.08,1.2,3.66,18.42,4.7,2.4,5.3,5.5,2.7,11.8,6.4,50067.0,17.4,87.5,25.3,2.3,0.5255,5.367305592139905
22019,Calcasieu Parish,Louisiana,81201,56064,23918,0.6904348468614918,0.2945530227460253,0.3958818241154665,208668,37.2,66.96,23.69,1.5,5.18,15.61,3.3,1.8,10.3,11.3,1.5,10.4,5.7,67849.0,12.9,89.4,24.7,3.3,0.4819,5.319455853526514
22021,Caldwell Parish,Louisiana,4334,3724,580,0.8592524227041993,0.1338255652976465,0.7254268574065528,9563,40.7,77.82,18.16,0.1,2.65,18.06,4.9,10.1,14.4,12.0,0.7,8.3,5.7,44957.0,16.2,82.8,10.7,1.4,0.5082,3.9805941557762203
22023,Cameron Parish,Louisiana,3362,3120,219,0.9280190362879238,0.0651397977394408,0.862879238548483,5222,43.0,85.66,1.21,1.55,0.19,17.69,0.5,6.4,14.8,8.0,0.0,10.5,9.7,72500.0,4.5,88.1,15.0,0.3,0.3703,3.7178368674869255
22025,Catahoula Parish,Louisiana,4348,3258,1060,0.7493100275988961,0.2437902483900643,0.5055197792088317,8738,38.8,63.48,34.7,0.14,1.08,18.18,2.7,15.1,7.4,6.5,1.3,12.1,3.3,47753.0,21.8,74.2,16.6,0.4,0.4496,3.9414120403735495
22027,Claiborne Parish,Louisiana,5816,3522,2239,0.6055708390646493,0.3849724896836313,0.22059834938101797,14019,41.9,44.89,48.76,0.14,3.36,21.34,1.8,8.7,6.7,10.7,1.1,7.8,7.3,31784.0,24.0,79.4,11.0,0.8,0.5325,4.1467170357439755
22029,Concordia Parish,Louisiana,7755,4974,2698,0.6413926499032881,0.3479045776918117,0.29348807221147644,18325,37.7,56.99,38.94,0.35,2.54,18.92,5.0,9.0,9.4,5.9,3.3,8.8,5.4,37349.0,27.1,83.6,17.4,2.4,0.4995,4.263043983313166
22031,De Soto Parish,Louisiana,13913,9359,4426,0.6726802271257097,0.3181197441242004,0.35456048300150933,26897,40.1,60.3,35.03,0.23,3.08,18.53,3.1,8.3,9.3,9.0,2.0,11.2,7.7,46077.0,17.0,85.0,14.9,0.7,0.5165,4.429703842972572
22033,East Baton Rouge Parish,Louisiana,190643,82720,103820,0.4339000120644345,0.544578085741412,-0.11067807367697746,452821,34.2,43.21,44.26,3.15,6.59,14.87,4.8,0.9,7.3,7.6,2.3,11.3,4.4,63075.0,13.3,90.8,38.2,6.7,0.5119,5.655926559462543
22035,East Carroll Parish,Louisiana,2306,931,1338,0.4037294015611448,0.5802254986990459,-0.17649609713790115,7195,35.7,29.4,64.92,0.0,2.0,17.96,4.6,9.2,3.0,6.8,2.3,8.2,1.1,28321.0,29.9,69.1,11.0,0.5,0.5509,3.857030798272624
22037,East Feliciana Parish,Louisiana,9947,6020,3809,0.6052076002814919,0.3829295264903991,0.22227807379109282,19378,44.6,54.75,39.91,0.23,1.96,19.6,2.7,2.1,12.9,8.3,1.4,9.6,5.7,72899.0,7.8,84.7,17.0,0.5,0.4821,4.2873089515699725
22039,Evangeline Parish,Louisiana,14176,10483,3526,0.7394892776523702,0.2487302483069977,0.49075902934537247,32162,37.7,65.68,25.67,0.38,4.44,15.7,5.8,7.3,8.9,8.7,1.7,13.1,7.5,42273.0,19.3,79.1,12.6,3.2,0.4756,4.507343047599939
22041,Franklin Parish,Louisiana,8798,6524,2196,0.7415321664014549,0.2496021823141623,0.4919299840872926,19590,39.1,66.61,28.69,0.37,1.63,19.43,4.9,11.4,6.4,4.6,1.7,9.5,6.7,44103.0,19.0,78.5,16.2,0.4,0.5086,4.292034435994736
22043,Grant Parish,Louisiana,9018,7925,996,0.878797959636283,0.1104457751164338,0.7683521845198492,22123,38.5,78.21,14.81,0.65,6.04,15.42,2.1,6.2,9.3,10.7,0.4,8.9,7.7,61112.0,12.2,81.5,12.8,3.3,0.4272,4.3448440193371205
22045,Iberia Parish,Louisiana,29331,19511,9504,0.6652006409600764,0.3240257747775391,0.3411748661825373,69194,37.8,57.26,30.73,2.64,5.51,16.13,3.5,10.7,7.5,10.4,2.3,12.2,5.2,57811.0,17.1,83.2,14.7,2.8,0.4857,4.840068437233279
22047,Iberville Parish,Louisiana,15354,7616,7503,0.4960270939168946,0.4886674482219617,0.007359645694932915,29950,40.3,48.23,45.26,0.04,4.81,17.31,3.2,3.6,9.1,11.5,1.4,9.3,4.7,57459.0,11.6,81.0,16.6,2.4,0.4555,4.47639682672533
22049,Jackson Parish,Louisiana,7226,5291,1852,0.7322169941876557,0.2562967063382231,0.47592028784943263,14939,41.5,66.93,25.52,0.11,3.25,20.56,2.5,5.3,7.0,12.0,1.4,12.0,6.4,43345.0,19.6,85.7,13.4,2.4,0.456,4.17432152726404
22051,Jefferson Parish,Louisiana,178205,98810,75731,0.5544737801969641,0.4249656294716759,0.12950815072528826,432484,39.9,52.65,26.04,4.19,18.17,18.12,3.7,1.0,10.0,5.6,3.0,10.8,6.6,65246.0,12.8,86.6,29.9,14.1,0.483,5.635970045118186
22053,Jefferson Davis Parish,Louisiana,14358,11478,2699,0.7994149603008776,0.1879788271346984,0.6114361331661792,32083,37.4,77.31,14.68,0.21,2.44,16.52,2.6,9.8,9.6,7.9,1.0,11.6,6.6,56500.0,15.8,82.7,15.0,0.8,0.459,4.506274971286975
22055,Lafayette Parish,Louisiana,111086,72007,37170,0.6482094953459482,0.3346056208703167,0.3136038744756315,245075,36.4,64.03,25.36,1.87,6.47,14.33,3.3,5.8,7.2,4.9,3.1,12.1,4.0,67660.0,12.6,89.9,34.9,5.1,0.4935,5.389299011309988
22057,Lafourche Parish,Louisiana,42845,34461,7864,0.8043178900688528,0.1835453378457229,0.6207725522231299,96670,39.0,76.36,13.17,0.69,5.75,16.2,3.1,6.2,9.2,6.8,2.0,11.8,6.8,63439.0,13.5,82.9,20.4,2.6,0.4666,4.985291718592888
22059,LaSalle Parish,Louisiana,6620,6023,546,0.9098187311178249,0.082477341389728,0.8273413897280969,14804,38.6,80.82,11.35,1.19,8.88,15.54,4.2,15.7,6.2,8.0,1.7,17.1,5.4,67077.0,11.3,80.4,17.4,2.3,0.4387,4.170379076423075
22061,Lincoln Parish,Louisiana,18157,11248,6627,0.6194855978410531,0.3649832020708267,0.2545023957702264,48160,28.6,53.64,36.99,1.3,3.64,14.02,2.2,3.5,6.7,6.2,1.2,14.0,3.2,38035.0,20.0,89.4,36.0,2.8,0.527,4.682686478249768
22063,Livingston Parish,Louisiana,65906,55101,9965,0.8360543804812915,0.1512001942160046,0.6848541862652869,145583,36.4,83.27,8.25,0.75,6.25,13.56,2.5,1.8,14.1,9.4,2.3,11.5,4.2,78617.0,10.4,87.6,20.3,3.9,0.4005,5.163110664556418
22065,Madison Parish,Louisiana,3992,1846,2094,0.4624248496993988,0.5245490981963928,-0.06212424849699405,9757,34.6,33.83,62.93,0.0,2.45,16.85,2.1,11.1,5.6,9.6,2.1,8.1,4.4,37267.0,27.9,76.1,12.8,0.7,0.5109,3.9893163049899516
22067,Morehouse Parish,Louisiana,10097,5961,4008,0.5903733782311578,0.3969495889868277,0.19342378924433007,24967,40.3,47.85,48.13,0.53,1.62,19.36,5.1,3.1,7.9,13.5,2.0,10.1,5.4,36981.0,23.5,83.1,12.7,0.9,0.5206,4.397366361265288
22069,Natchitoches Parish,Louisiana,15040,9100,5740,0.6050531914893617,0.3816489361702128,0.22340425531914887,37047,33.3,50.98,39.98,0.63,3.87,16.77,3.3,4.3,5.3,9.6,0.7,13.2,4.8,46798.0,15.0,87.3,25.6,1.5,0.4985,4.568753045346471
22071,Orleans Parish,Louisiana,159130,24119,130749,0.1515679004587444,0.8216489662540062,-0.6700810657952618,376035,38.4,31.64,55.22,2.78,7.94,16.46,4.8,0.7,4.9,3.8,1.7,8.6,6.1,55339.0,16.3,89.1,42.0,6.6,0.5591,5.575228269394282
22073,Ouachita Parish,Louisiana,64436,40808,22845,0.6333105717300888,0.3545378359923024,0.2787727357377864,158916,36.6,56.7,37.08,1.07,3.57,15.46,3.9,1.4,6.3,6.7,2.6,11.9,5.0,51241.0,18.8,88.0,27.5,2.2,0.5215,5.2011676250984635
22075,Plaquemines Parish,Louisiana,9945,6803,3023,0.6840623428858723,0.3039718451483157,0.3800904977375566,23070,36.8,61.79,22.35,4.02,9.51,13.93,2.7,6.9,7.7,7.1,1.6,5.0,9.2,82874.0,10.2,85.6,19.8,6.2,0.4373,4.363047594521094
22077,Pointe Coupee Parish,Louisiana,11570,7319,4132,0.6325842696629214,0.3571305099394987,0.2754537597234227,20438,43.2,61.22,32.31,0.24,3.31,21.72,4.6,2.7,10.5,12.7,4.2,9.8,6.8,59351.0,12.8,81.5,15.5,1.3,0.4662,4.310438394815848
22079,Rapides Parish,Louisiana,53395,36171,16537,0.6774229796797453,0.3097106470643319,0.3677123326154134,128470,37.8,61.24,31.08,1.3,4.03,16.68,2.8,2.3,7.4,5.6,3.0,12.3,5.5,55946.0,15.0,87.4,22.4,3.2,0.4817,5.108801724122026
22081,Red River Parish,Louisiana,3725,2337,1321,0.6273825503355704,0.3546308724832215,0.27275167785234894,7529,40.4,57.36,40.2,0.0,1.77,19.43,1.5,11.9,6.0,14.0,1.6,7.8,4.6,44539.0,14.9,81.2,11.2,0.5,0.487,3.8767372971406644
22083,Richland Parish,Louisiana,9193,6354,2732,0.6911780702708583,0.2971826389644295,0.39399543130642883,19908,39.8,60.59,36.11,0.0,2.18,17.95,4.4,8.9,11.3,7.1,4.3,13.2,4.3,52960.0,18.6,79.5,18.1,0.9,0.4698,4.299027632071986
22085,Sabine Parish,Louisiana,10170,8613,1488,0.8469026548672567,0.1463126843657817,0.700589970501475,22085,41.3,67.22,14.36,0.4,3.45,21.01,3.0,15.5,8.3,9.0,0.3,12.7,6.2,52047.0,16.5,85.7,14.5,0.9,0.4845,4.34409740359441
22087,St. Bernard Parish,Louisiana,17292,11033,5967,0.6380407124681934,0.3450728660652324,0.292967846402961,44172,35.8,61.59,23.85,2.13,13.56,12.73,4.4,2.1,8.7,7.5,2.8,13.2,7.4,57638.0,18.5,81.3,17.2,4.8,0.4807,4.645147063494291
22089,St. Charles Parish,Louisiana,26685,17443,8812,0.6536631066142027,0.3302229717069515,0.3234401349072512,51863,39.1,64.99,22.91,0.83,7.97,14.88,4.0,1.6,9.7,10.4,3.2,8.5,8.9,82172.0,7.5,89.1,27.2,4.2,0.4342,4.714857634796667
22091,St. Helena Parish,Louisiana,5745,2804,2848,0.4880765883376849,0.4957354221061792,-0.0076588337684943,10849,42.4,46.52,50.16,0.4,2.26,20.6,11.7,8.0,7.8,10.6,2.5,7.7,4.5,50193.0,23.5,81.1,11.7,2.4,0.4799,4.035389709198677
22093,St. James Parish,Louisiana,11789,5902,5792,0.5006361862753415,0.4913054542370006,0.009330732038340839,19797,40.8,49.67,48.35,0.03,1.88,18.99,3.2,1.6,7.2,22.3,1.7,13.1,9.0,64536.0,7.0,88.6,20.2,1.6,0.4485,4.2965993830817855
22095,St. John the Baptist Parish,Louisiana,18827,6557,12043,0.3482764115366229,0.6396664365007702,-0.29139002496414723,41342,38.5,32.31,56.2,1.14,8.34,14.92,5.6,0.8,11.4,10.7,2.2,12.8,6.6,67418.0,8.2,86.7,18.7,4.9,0.4228,4.616391482643317
22097,St. Landry Parish,Louisiana,37043,21812,14833,0.5888291984990417,0.4004265313284561,0.18840266717058557,82128,37.5,53.43,40.32,0.56,2.85,16.62,2.9,5.4,9.6,8.7,1.7,14.1,5.6,45637.0,20.1,80.6,14.3,1.5,0.4865,4.914491246916688
22099,St. Martin Parish,Louisiana,25006,17466,7284,0.6984723666320083,0.2912900903783092,0.40718227625369907,51559,39.7,64.83,28.57,0.92,3.39,16.57,3.0,7.9,10.1,9.7,2.9,12.4,5.5,53394.0,11.4,82.9,15.3,2.0,0.4757,4.712304485510429
22101,St. Mary Parish,Louisiana,20897,13671,7011,0.6542087380963775,0.3355027037373785,0.31870603435899897,48455,39.7,56.11,29.07,1.31,9.36,17.96,3.0,9.4,11.1,9.5,2.6,15.2,5.0,51768.0,18.6,80.6,13.1,4.9,0.4749,4.685338597906291
22103,St. Tammany Parish,Louisiana,138384,98377,37777,0.7108986588044861,0.2729867614753151,0.437911897329171,269331,40.4,74.96,12.22,1.3,7.93,18.01,3.0,2.1,8.0,5.9,3.8,10.9,6.3,79277.0,9.5,91.4,36.6,4.4,0.4572,5.430286343586431
22105,Tangipahoa Parish,Louisiana,55104,37500,16886,0.6805313588850174,0.3064387340301974,0.37409262485482,135218,35.7,62.0,29.9,0.76,5.55,14.98,3.1,1.6,8.5,7.2,1.5,12.5,8.2,57256.0,13.7,83.9,22.2,2.5,0.4781,5.131034508028235
22107,Tensas Parish,Louisiana,2128,1093,1002,0.5136278195488722,0.4708646616541353,0.042763157894736836,3992,47.4,41.58,53.31,0.65,2.76,27.08,5.7,13.8,3.8,3.0,4.8,14.9,5.2,36074.0,24.7,80.9,13.1,1.3,0.4848,3.6011905326153335
22109,Terrebonne Parish,Louisiana,41327,31115,9702,0.7528976214097322,0.2347617780143731,0.5181358433953591,107362,37.3,65.39,19.26,1.18,6.86,15.41,2.8,9.2,9.0,7.6,1.5,16.1,6.4,64819.0,13.2,83.3,17.7,3.2,0.4691,5.030850593183276
22111,Union Parish,Louisiana,10475,8176,2206,0.7805250596658712,0.2105966587112172,0.5699284009546539,20914,43.5,69.67,24.84,0.03,5.6,22.12,2.8,9.2,10.2,12.3,1.0,13.5,5.0,45743.0,23.5,86.4,16.0,2.6,0.4922,4.320437103682864
22113,Vermilion Parish,Louisiana,26429,21510,4637,0.8138786938590185,0.1754512088993151,0.6384274849597034,57031,39.4,78.43,12.99,2.0,4.17,16.06,2.9,13.2,8.1,5.4,2.0,13.2,5.6,57537.0,15.9,84.1,16.8,3.0,0.4597,4.756110986711782
22115,Vernon Parish,Louisiana,16149,13474,2513,0.8343550684252895,0.1556133506718682,0.6787417177534213,47764,32.1,74.45,13.12,1.8,9.17,13.55,2.8,3.8,9.2,5.0,1.1,11.9,6.4,58281.0,14.4,87.6,19.1,3.4,0.4501,4.679100689670423
22117,Washington Parish,Louisiana,18455,12846,5411,0.6960715253318884,0.293199674884855,0.40287185044703344,45238,41.0,65.22,29.66,0.08,3.15,18.54,5.5,2.9,9.8,8.3,0.6,14.2,4.9,42776.0,20.1,84.1,12.7,0.8,0.4872,4.655503396249793
22119,Webster Parish,Louisiana,16205,10965,5053,0.6766430114162295,0.3118173403270595,0.36482567108917,36189,41.2,62.87,33.45,0.31,2.16,20.23,2.6,6.4,8.6,7.6,2.3,14.8,5.9,37396.0,21.2,86.2,12.8,1.1,0.5033,4.558576582542236
22121,West Baton Rouge Parish,Louisiana,13836,7627,6008,0.5512431338537149,0.4342295461115929,0.117013587742122,27666,36.6,54.27,40.54,0.45,4.46,14.38,4.2,2.0,8.2,15.5,1.8,10.2,6.1,87320.0,9.9,89.4,23.1,1.9,0.4199,4.441946372603051
22123,West Carroll Parish,Louisiana,4603,3986,578,0.865956984575277,0.1255702802520095,0.7403867043232675,9622,41.4,80.57,15.4,0.01,3.63,20.79,1.9,10.0,13.2,3.4,2.6,10.7,5.5,48514.0,10.3,83.7,14.1,1.2,0.4531,3.983265352566545
22125,West Feliciana Parish,Louisiana,6008,3923,2004,0.6529627163781625,0.3335552596537949,0.3194074567243676,15381,42.2,50.46,45.65,0.43,1.44,15.68,2.7,2.1,13.0,5.7,0.5,8.5,7.7,74277.0,8.3,84.6,22.6,1.5,0.4455,4.186984572160061
22127,Winn Parish,Louisiana,5781,4437,1292,0.7675142708873898,0.2234907455457533,0.5440235253416364,13506,41.6,63.73,28.76,1.16,7.25,19.02,2.0,8.3,9.5,13.6,2.3,7.2,12.7,46368.0,13.9,84.4,16.1,5.0,0.505,4.130526745384164
23001,Androscoggin County,Maine,58847,30605,27019,0.5200774890818564,0.4591398032185158,0.060937685863340585,112323,40.8,88.72,4.67,1.17,2.11,18.49,2.7,1.5,7.7,10.9,1.7,13.9,5.1,67298.0,8.0,92.5,23.4,4.9,0.428,5.050468694376599
23003,Aroostook County,Maine,35653,22246,12900,0.6239587131517684,0.3618208846380388,0.26213782851372963,67227,48.4,93.36,0.76,0.42,1.58,25.36,2.9,6.2,6.9,8.7,1.2,11.7,7.4,54254.0,8.4,91.2,22.4,4.1,0.4635,4.827543731327372
23005,Cumberland County,Maine,199225,60950,133281,0.3059355000627431,0.6689973647885556,-0.36306186472581253,305940,42.1,87.55,3.34,2.12,2.71,19.82,2.2,1.2,5.8,8.1,2.1,11.4,3.7,92983.0,3.4,96.5,52.2,6.5,0.4631,5.485636262351117
23007,Franklin County,Maine,17836,9459,7990,0.5303319129849742,0.4479703969499888,0.08236151603498537,30145,46.1,94.39,0.61,0.58,1.56,23.1,3.1,3.1,7.7,11.6,1.0,11.7,3.6,58522.0,5.2,93.8,29.9,3.0,0.4554,4.479215288201371
23009,Hancock County,Maine,36251,15549,19817,0.4289260985903837,0.5466607817715373,-0.1177346831811536,56084,49.1,93.92,0.86,0.9,1.79,25.97,2.2,6.0,8.3,5.5,1.9,12.0,3.8,69630.0,6.0,95.0,39.2,3.0,0.4519,4.748838980635796
23011,Kennebec County,Maine,72886,36589,34585,0.5020031281727629,0.4745081359931948,0.027494992179568134,125614,44.0,93.44,0.81,0.79,2.16,20.79,2.5,2.0,8.2,6.9,1.9,13.1,4.0,65062.0,7.3,94.8,30.9,2.4,0.4379,5.09903804532404
23013,Knox County,Maine,25893,10262,15076,0.3963233306299,0.5822423048700421,-0.18591897424014214,40860,49.2,94.66,0.37,0.35,1.8,27.1,2.3,6.9,8.4,9.2,1.5,11.9,4.1,71903.0,4.1,94.3,39.1,3.0,0.4539,4.611298362296429
23015,Lincoln County,Maine,24003,10409,13110,0.4336541265675124,0.5461817272840895,-0.11252760071657714,35840,51.1,94.04,0.49,0.66,1.3,28.87,2.0,3.4,11.4,11.1,1.4,11.5,2.4,72026.0,5.0,94.9,40.0,1.9,0.4543,4.554368000990087
23017,Oxford County,Maine,34590,19228,14765,0.5558832032379301,0.4268574732581671,0.12902572997976297,58728,48.3,93.69,0.3,0.53,1.61,23.39,2.7,3.3,10.6,12.0,1.2,13.0,4.8,57933.0,9.5,92.6,22.5,1.5,0.4498,4.768845211063395
23019,Penobscot County,Maine,87073,47438,37945,0.544807230714458,0.4357837676432419,0.10902346307121613,153571,42.5,92.11,1.02,1.13,1.93,19.76,2.4,1.8,8.4,4.8,1.7,14.2,4.5,63248.0,8.0,94.5,30.5,3.2,0.4541,5.186309212251076
23021,Piscataquis County,Maine,10205,6487,3510,0.6356687898089172,0.3439490445859872,0.29171974522293,17125,51.4,93.44,0.76,0.87,1.78,26.91,2.1,4.0,11.7,12.0,2.0,15.7,5.9,55234.0,11.9,92.0,21.8,2.3,0.4575,4.233630580164463
23023,Sagadahoc County,Maine,24456,9917,13982,0.4055037618580308,0.5717206411514557,-0.16621687929342494,37093,47.3,93.47,0.54,0.69,1.98,24.01,2.9,1.4,7.9,11.3,1.8,11.7,3.5,82080.0,9.2,94.8,41.1,3.0,0.4396,4.569291959528586
23025,Somerset County,Maine,28441,17826,10134,0.6267712105762807,0.3563165852114904,0.2704546253647903,50852,46.9,95.07,0.47,0.35,1.45,22.6,2.2,3.3,9.1,13.6,1.1,13.9,6.1,56199.0,10.7,92.9,20.3,1.5,0.444,4.706308038318407
23027,Waldo County,Maine,25130,11815,12661,0.4701551929964186,0.5038201352964584,-0.0336649423000398,40006,46.9,93.87,0.58,0.42,1.52,24.49,2.6,3.8,7.8,8.6,2.4,13.5,3.3,68441.0,7.3,93.7,34.8,2.2,0.4322,4.602125130614923
23029,Washington County,Maine,18048,11003,6763,0.6096520390070922,0.3747229609929078,0.2349290780141844,31261,48.6,88.47,0.99,0.35,2.35,25.82,3.5,9.8,6.7,8.1,1.7,11.5,4.7,52237.0,12.5,91.2,24.9,3.3,0.4707,4.495002866438624
23031,York County,Maine,132838,58194,72114,0.4380824763998253,0.5428717686204249,-0.10478929222059957,214731,45.3,91.4,1.07,1.07,2.08,21.74,2.3,1.5,7.8,11.5,1.9,13.2,3.7,82904.0,5.2,95.1,34.6,3.8,0.4204,5.331894746611743
24001,Allegany County,Maryland,32001,22141,9231,0.691884628605356,0.2884597356332614,0.40342489297209466,67762,41.7,87.29,7.14,0.94,1.86,20.96,2.8,1.2,4.6,8.4,2.1,13.0,6.0,57393.0,11.2,89.7,21.1,2.1,0.4428,4.830986215742743
24003,Anne Arundel County,Maryland,308782,128892,171945,0.4174207045747485,0.5568491686691581,-0.13942846409440962,590936,39.0,65.14,17.7,4.07,10.02,15.56,2.6,0.2,7.9,4.7,2.4,9.0,4.9,120324.0,3.7,93.8,45.2,9.8,0.4217,5.7715404481368955
24005,Baltimore County,Maryland,409811,149560,249958,0.3649487202637313,0.6099348236138122,-0.24498610335008092,849586,39.5,54.07,30.32,6.01,7.42,17.76,3.3,0.4,5.9,5.7,2.1,10.3,6.1,90904.0,6.9,91.7,41.4,12.8,0.4574,5.929207347225103
24009,Calvert County,Maryland,53882,29361,23438,0.5449129579451394,0.4349875654207342,0.1099253925244052,93791,40.5,76.45,12.22,1.83,4.93,15.9,1.9,0.3,11.8,4.1,1.7,7.5,6.3,132059.0,2.4,94.9,35.3,3.7,0.382,4.972161166333603
24011,Caroline County,Maryland,16276,11053,4860,0.6790980584910298,0.2985991644138609,0.38049889407716886,33406,39.8,74.12,13.84,0.77,8.77,17.12,3.4,5.3,12.7,7.8,2.3,11.4,5.9,66368.0,9.4,84.0,17.6,6.8,0.439,4.523824476777688
24013,Carroll County,Maryland,101796,62273,36867,0.6117430940311996,0.3621655074855593,0.24957758654564033,174318,41.3,87.2,3.98,2.32,4.78,17.59,2.1,1.1,10.1,5.9,2.2,9.5,3.7,115876.0,3.7,94.9,39.7,5.0,0.4021,5.241342234482654
24015,Cecil County,Maryland,52612,33871,17628,0.6437884893180263,0.3350566410704782,0.3087318482475481,104366,40.8,83.13,7.07,1.29,5.38,16.68,2.8,1.2,7.8,10.6,2.1,11.4,6.6,91146.0,7.8,91.5,26.9,3.7,0.4261,5.018559038730092
24017,Charles County,Maryland,91650,26145,63454,0.2852700490998363,0.6923513366066557,-0.40708128750681943,168710,38.8,35.39,49.22,3.22,7.5,13.1,3.5,0.2,7.0,2.9,1.5,8.7,6.6,120592.0,4.5,94.3,31.6,8.4,0.3849,5.227140825423186
24019,Dorchester County,Maryland,16730,9390,6954,0.5612671846981471,0.4156604901374776,0.1456066945606695,32612,43.9,61.85,25.34,1.35,5.85,22.55,2.8,4.2,7.2,9.4,1.8,11.5,6.5,60495.0,9.5,86.8,18.8,4.0,0.4656,4.513377433651993
24021,Frederick County,Maryland,155004,68753,82409,0.443556295321411,0.5316572475549018,-0.08810095223349085,280341,38.9,70.3,10.32,5.43,12.33,15.0,2.4,1.1,9.1,5.7,1.7,9.5,3.4,120458.0,4.5,93.4,44.9,13.0,0.3942,5.447686618172778
24023,Garrett County,Maryland,15785,11983,3456,0.7591384225530567,0.2189420335761799,0.5401963889768768,28713,48.1,95.47,0.76,0.5,1.31,23.65,2.7,3.0,12.3,9.2,1.9,10.6,4.1,69031.0,7.6,89.9,24.6,1.4,0.4825,4.458078570949283
24025,Harford County,Maryland,149020,83050,62453,0.5573077439269897,0.4190913971279023,0.1382163467990874,262509,40.5,74.13,14.54,2.95,5.56,16.97,2.5,0.4,6.9,6.7,1.9,10.9,5.6,111317.0,4.6,94.6,39.5,5.8,0.4073,5.419144197583245
24027,Howard County,Maryland,180488,49425,124764,0.2738409201719782,0.6912592526926998,-0.41741833252072164,333916,39.4,48.91,19.96,18.82,8.42,14.78,2.5,0.3,4.1,5.3,1.3,7.1,3.5,146982.0,3.3,95.3,64.5,22.2,0.414,5.523637229312621
24029,Kent County,Maryland,11068,5561,5251,0.5024394651246837,0.4744307914709071,0.028008673653776628,19265,48.4,77.75,14.22,0.99,5.57,26.88,1.6,5.4,7.8,10.0,1.7,11.8,3.6,74402.0,6.2,91.8,37.9,4.4,0.4442,4.2847690133490195
24031,Montgomery County,Maryland,513919,112637,386581,0.2191726711796995,0.7522216536068913,-0.5330489824271918,1057586,40.1,44.38,18.61,15.19,20.63,16.55,3.3,0.3,6.5,3.3,1.1,7.2,3.2,128733.0,4.9,91.2,60.3,33.4,0.4676,6.024315693122096
24033,Prince George's County,Maryland,401881,45008,347038,0.1119933512656731,0.8635342302820984,-0.7515408790164253,955584,38.5,13.16,59.76,3.96,21.73,14.45,4.4,0.2,9.8,2.1,1.2,8.3,6.6,100708.0,6.6,86.7,36.1,24.9,0.4107,5.980268869447572
24035,Queen Anne's County,Maryland,32136,20200,11273,0.6285785411999004,0.3507903908389345,0.27778815036096594,50951,44.8,84.32,5.97,1.03,5.26,20.24,2.5,1.6,10.3,6.7,2.2,10.7,4.1,113347.0,3.4,93.6,37.2,5.1,0.4252,4.707152712193672
24037,St. Mary's County,Maryland,58543,33582,23531,0.5736296397519772,0.4019438703175443,0.17168576943443292,114372,37.0,72.31,14.75,2.57,5.95,13.74,2.5,1.0,9.5,5.0,1.0,9.5,5.1,114580.0,5.6,92.4,35.1,4.5,0.4069,5.058319715594434
24039,Somerset County,Maryland,10090,5805,4054,0.5753221010901883,0.4017839444995044,0.17353815659068395,24685,38.1,52.25,39.5,0.58,4.45,17.33,2.7,3.8,8.3,4.8,2.6,13.7,4.8,52462.0,15.7,85.0,17.1,3.8,0.4712,4.39243313155555
24041,Talbot County,Maryland,22667,11125,11119,0.4908016058587374,0.4905369038690607,0.00026470198967670777,37707,51.1,75.68,11.99,1.26,9.1,29.33,2.1,2.3,8.9,6.5,1.2,11.2,2.9,84378.0,7.3,92.0,41.3,8.5,0.4967,4.576421980953126
24043,Washington County,Maryland,73001,44054,27260,0.6034711853262285,0.373419542198052,0.23005164312817644,155033,41.0,76.79,11.49,1.65,7.3,17.8,2.9,1.3,8.6,7.1,2.4,12.3,8.4,74157.0,8.6,88.7,23.5,6.3,0.442,5.190424151025033
24045,Wicomico County,Maryland,46698,24065,21513,0.5153325624223736,0.4606835410510086,0.05464902137136496,104117,36.2,60.55,26.47,2.62,6.92,16.2,4.2,1.7,7.1,10.7,1.5,11.3,4.6,72861.0,8.1,89.4,29.1,9.3,0.4476,5.017521645969891
24047,Worcester County,Maryland,32728,19632,12431,0.5998533365925202,0.3798276704962112,0.22002566609630897,53279,50.7,79.5,12.2,1.36,3.92,28.19,3.8,2.4,8.9,5.0,1.4,9.0,2.9,81455.0,5.2,93.7,32.7,5.1,0.4817,4.726556064913042
24510,Baltimore city,Maryland,229082,27984,195109,0.1221571315074951,0.851699391484272,-0.7295422599767769,577193,36.1,27.4,60.04,2.53,7.87,14.93,4.1,0.2,4.9,4.7,1.7,8.7,6.3,59623.0,15.3,87.2,35.4,8.8,0.5139,5.761321055477923
25001,Barnstable County,Massachusetts,147848,57451,88129,0.3885815161517233,0.5960784048482225,-0.20749688869649918,230073,55.1,86.97,2.74,1.54,3.55,32.27,2.7,0.7,9.7,5.2,2.1,11.7,3.8,94452.0,4.1,96.4,47.4,9.6,0.4749,5.361865655439489
25003,Berkshire County,Massachusetts,68341,19805,47094,0.2897967545104695,0.6891031737902577,-0.39930641927978816,128047,47.8,87.29,2.51,1.8,5.6,24.62,3.4,0.9,6.2,7.9,1.6,11.0,3.8,72565.0,7.0,93.7,38.3,6.0,0.4949,5.10736940788287
25005,Bristol County,Massachusetts,276910,134201,137813,0.4846376078870391,0.4976815571846448,-0.013043949297605717,578436,40.9,78.57,4.41,2.37,9.82,17.42,3.7,0.6,8.5,10.5,3.0,12.2,4.9,84198.0,9.0,86.2,30.6,13.5,0.4577,5.762255314222185
25007,Dukes County,Massachusetts,12149,2745,9137,0.2259445221828957,0.7520783603588773,-0.5261338381759816,20751,50.4,81.72,3.33,1.39,3.09,25.96,4.5,1.5,16.2,3.6,1.2,8.4,4.0,102348.0,1.9,95.2,49.0,13.7,0.5558,4.317039030398344
25009,Essex County,Massachusetts,399719,155336,236624,0.3886130006329446,0.5919758630437882,-0.20336286241084361,807258,41.1,70.28,4.15,3.48,23.23,18.01,3.4,0.4,6.3,10.7,2.0,10.4,5.1,99431.0,6.7,90.1,42.3,18.8,0.4785,5.907012357608233
25011,Franklin County,Massachusetts,42054,12428,28305,0.2955248014457602,0.6730632044514196,-0.37753840300565944,70922,47.3,89.44,1.41,1.92,5.2,23.93,3.9,2.6,7.8,11.0,1.9,10.2,3.9,72584.0,7.5,93.9,40.3,5.0,0.4352,4.8507809742035075
25013,Hampden County,Massachusetts,207747,92474,110937,0.4451279681535714,0.5340004909818192,-0.08887252282824781,462853,39.8,67.45,8.7,2.57,26.57,17.83,3.7,0.6,4.9,11.0,2.4,10.8,6.5,70535.0,11.0,87.2,28.9,9.4,0.4707,5.6654430829712625
25015,Hampshire County,Massachusetts,84345,23256,58617,0.275724702116308,0.6949670994131246,-0.4192423972968166,156595,38.7,83.28,2.33,5.04,7.19,19.33,3.1,0.7,4.4,7.8,1.6,9.9,3.6,86391.0,4.8,95.5,51.1,8.4,0.4621,5.194777891137786
25017,Middlesex County,Massachusetts,809513,235118,554471,0.2904437606313919,0.6849439107216314,-0.39450015009023953,1622896,38.9,68.96,5.03,13.18,8.99,16.0,3.0,0.3,5.3,10.4,1.5,8.2,3.0,126779.0,4.7,93.4,59.0,22.6,0.4727,6.210290689836526
25019,Nantucket County,Massachusetts,7082,2171,4784,0.3065518215193448,0.6755153911324484,-0.3689635696131036,14299,40.8,70.81,9.32,1.78,16.41,15.5,3.9,0.8,17.3,3.5,0.9,8.5,4.1,119750.0,1.7,96.0,58.4,15.1,0.4713,4.1553056661596255
25021,Norfolk County,Massachusetts,383258,132497,242712,0.3457122878061254,0.6332861936345752,-0.28757390582844977,724540,40.9,71.42,7.24,12.08,5.54,17.41,3.4,0.2,5.3,6.6,1.8,8.7,3.4,126497.0,4.2,94.4,57.6,19.1,0.4843,5.860062366756457
25023,Plymouth County,Massachusetts,298682,133544,159962,0.4471109742133774,0.5355595583262467,-0.08844858411286927,531889,42.9,77.99,8.76,1.66,4.7,19.21,3.4,0.6,8.3,6.5,2.2,11.7,4.6,109698.0,4.6,93.2,41.2,10.8,0.4676,5.725821008766341
25025,Suffolk County,Massachusetts,297041,66480,222280,0.2238074878552119,0.7483142057830401,-0.5245067179278282,782172,33.8,48.14,19.09,9.01,22.79,12.97,4.4,0.1,3.9,5.0,1.4,8.2,4.6,92859.0,11.6,87.6,49.9,29.4,0.5266,5.893302265127815
25027,Worcester County,Massachusetts,418748,183802,225680,0.4389322456465463,0.5389398874740894,-0.10000764182754307,861664,40.3,75.55,5.08,5.19,13.32,16.56,3.6,0.5,7.0,11.6,2.1,11.2,4.6,93561.0,7.0,91.3,39.0,13.8,0.4559,5.935337948663401
26001,Alcona County,Michigan,7481,5257,2140,0.7027135409704585,0.2860580136345408,0.41665552733591765,10310,59.7,94.35,0.27,0.4,1.52,36.22,2.1,4.4,6.4,16.2,0.7,8.9,10.2,53568.0,9.0,92.9,20.6,1.8,0.4341,4.013258665283517
26003,Alger County,Michigan,5258,3116,2075,0.5926207683529859,0.3946367440091289,0.19798402434385703,8813,48.8,82.08,7.87,0.28,1.67,26.57,2.6,5.1,7.6,12.1,0.5,11.1,2.3,59406.0,5.6,93.6,20.3,1.1,0.3943,3.9451237701221196
26005,Allegan County,Michigan,71890,45206,25637,0.6288218111002921,0.3566142718041452,0.27220753929614694,120913,40.8,89.28,1.22,0.72,8.0,17.83,1.9,2.3,7.9,24.8,2.3,10.8,4.7,80255.0,6.3,92.1,26.1,3.3,0.4144,5.082472996681676
26007,Alpena County,Michigan,17210,10967,6038,0.637245787332946,0.3508425334108077,0.28640325392213833,28908,47.6,93.32,0.86,0.49,1.58,24.47,3.8,2.4,7.8,12.7,1.9,11.1,6.0,51909.0,11.5,93.1,17.7,1.3,0.4702,4.461018046045968
26009,Antrim County,Michigan,16882,10341,6330,0.6125459068830708,0.3749555739841251,0.23759033289894566,23876,51.8,93.86,0.36,0.4,2.12,28.26,2.3,2.6,10.8,17.2,2.1,12.0,4.0,71421.0,5.3,94.4,34.3,1.6,0.431,4.377961570219637
26011,Arenac County,Michigan,9158,6379,2662,0.6965494649486788,0.2906748198296571,0.40587464511902166,15054,50.1,93.9,0.6,0.19,2.13,26.33,3.3,4.2,7.5,19.0,1.9,13.8,6.7,56989.0,8.8,88.6,15.8,0.8,0.4069,4.177651911698254
26013,Baraga County,Michigan,4332,2779,1488,0.6415050784856879,0.3434903047091412,0.2980147737765467,8249,46.2,72.63,6.75,0.61,1.7,23.0,2.8,3.3,8.6,10.7,0.6,10.8,5.4,55117.0,8.1,92.1,16.1,0.5,0.4454,3.916401303603876
26015,Barry County,Michigan,38621,25650,12391,0.6641464488231791,0.3208358147122032,0.3433106341109759,62982,42.0,93.63,0.48,0.56,3.59,19.04,3.1,2.7,7.8,24.7,4.2,9.2,4.3,77873.0,5.3,93.1,24.3,2.1,0.44,4.799216447586213
26017,Bay County,Michigan,61331,34792,25767,0.5672824509628084,0.4201301136456278,0.14715233731718058,103235,43.8,91.86,1.36,0.39,5.83,21.32,2.7,1.0,5.4,17.4,2.1,13.7,4.7,60523.0,9.5,91.8,21.4,1.2,0.4352,5.01382696211559
26019,Benzie County,Michigan,12845,6895,5780,0.5367847411444142,0.4499805371739976,0.0868042039704166,18177,50.6,92.07,0.48,0.9,2.42,27.78,2.3,1.5,7.5,9.4,3.6,13.2,3.8,72603.0,6.1,93.9,34.3,1.3,0.4524,4.259522207216192
26021,Berrien County,Michigan,84478,44975,38323,0.5323871303771396,0.4536447359075736,0.07874239446956599,153411,42.6,75.01,13.51,1.71,6.12,20.83,3.9,1.5,5.3,19.5,1.8,10.4,6.7,63152.0,10.9,92.3,30.2,5.4,0.4762,5.185856500864762
26023,Branch County,Michigan,21088,14848,5911,0.7040971168437026,0.2803015933232169,0.42379552352048566,44914,40.8,89.33,1.93,0.49,6.26,18.99,3.0,2.9,6.0,25.4,2.2,12.1,8.2,61958.0,9.1,88.6,16.9,5.0,0.4225,4.652381734656783
26025,Calhoun County,Michigan,68490,38606,28988,0.5636735289823331,0.4232442692363848,0.14042925974594833,133846,40.2,77.43,10.06,2.6,5.74,18.22,4.0,2.1,5.0,21.7,1.3,11.5,4.7,60385.0,9.6,90.9,22.2,4.2,0.4469,5.126605396786417
26027,Cass County,Michigan,27869,18505,9050,0.6639994258853924,0.3247335749398973,0.3392658509454951,51606,45.5,86.08,4.33,0.9,4.34,21.98,2.7,2.1,9.0,24.1,2.8,9.8,4.5,68011.0,10.5,90.2,21.6,2.3,0.4678,4.712700198049791
26029,Charlevoix County,Michigan,17659,10183,7197,0.5766464692224927,0.4075542216433546,0.16909224757913816,26143,50.0,93.65,0.52,0.65,1.92,26.2,2.2,1.1,8.8,18.8,1.0,9.9,4.2,76495.0,5.1,95.3,33.9,1.8,0.4516,4.4173554229035785
26031,Cheboygan County,Michigan,16423,10653,5543,0.648663459782013,0.3375144614260488,0.3111489983559642,25778,51.9,90.27,0.88,0.56,1.62,28.42,3.6,1.7,10.9,9.4,1.9,15.6,5.6,61619.0,8.9,89.7,22.9,2.2,0.4451,4.411249219353385
26033,Chippewa County,Michigan,18363,11249,6796,0.6125905353155803,0.3700920328922289,0.24249850242335136,36448,41.3,68.0,5.78,0.92,2.2,19.13,3.3,1.5,7.3,7.2,1.9,12.2,5.7,60631.0,9.8,92.8,21.9,3.2,0.4484,4.561673702399006
26035,Clare County,Michigan,17288,11772,5273,0.6809347524294308,0.3050092549745488,0.375925497454882,31109,48.3,94.36,0.61,0.36,2.2,24.73,4.0,2.1,9.6,14.0,1.5,12.4,4.9,49805.0,15.8,88.2,13.0,0.6,0.4501,4.492886050920274
26037,Clinton County,Michigan,49961,26751,22450,0.535437641360261,0.4493504933848402,0.08608714797542077,79419,41.8,89.65,1.66,1.39,5.09,18.17,2.4,2.1,5.8,11.5,2.3,10.1,4.3,85928.0,4.9,95.5,34.2,2.6,0.4256,4.899924414367047
26039,Crawford County,Michigan,8476,5613,2752,0.6622227465785748,0.3246814535158093,0.33754129306276554,13271,51.5,93.25,0.3,0.83,2.34,26.57,3.5,2.5,8.5,12.2,2.0,12.5,3.7,58614.0,11.0,91.4,20.2,1.5,0.4032,4.122903649173324
26041,Delta County,Michigan,21874,14109,7462,0.6450123434214136,0.3411355947700466,0.30387674865136693,36829,47.8,90.72,0.26,0.28,1.5,25.58,2.6,2.5,6.7,16.8,2.0,13.3,5.7,54829.0,9.5,92.4,20.0,0.7,0.474,4.566189926827274
26043,Dickinson County,Michigan,15311,10324,4763,0.6742864607145189,0.3110835347136046,0.3632029260009143,25940,47.4,93.33,0.83,0.48,1.83,23.66,2.3,1.8,5.9,16.5,2.8,11.6,9.4,61882.0,7.2,95.8,24.3,1.5,0.4247,4.413969971748061
26045,Eaton County,Michigan,65171,33102,31056,0.5079253041997207,0.4765309723650089,0.0313943318347118,109000,41.2,82.54,7.0,2.21,6.16,19.59,2.8,1.0,5.1,16.6,2.2,9.7,5.6,78025.0,5.0,94.5,30.4,4.4,0.4037,5.037426497940624
26047,Emmet County,Michigan,22848,12465,10005,0.545561974789916,0.4378939075630252,0.10766806722689076,34159,46.4,90.37,0.67,0.38,2.0,24.23,2.1,0.7,10.0,11.0,1.5,14.2,3.2,73724.0,6.0,96.0,40.2,1.2,0.4705,4.533505148292178
26049,Genesee County,Michigan,223203,105303,114670,0.4717812932621873,0.5137475750773959,-0.04196628181520856,404087,40.6,72.63,19.38,0.95,4.13,18.35,4.8,0.8,6.4,17.5,2.1,13.2,4.4,60673.0,10.9,90.9,22.8,2.7,0.4638,5.606474878853733
26051,Gladwin County,Michigan,15488,10809,4501,0.6978951446280992,0.2906120867768595,0.4072830578512397,25543,50.8,94.37,0.25,0.43,2.13,26.89,3.0,2.1,10.7,17.3,2.0,10.8,6.5,55576.0,8.5,88.9,15.4,1.3,0.4414,4.407271903378905
26053,Gogebic County,Michigan,8292,4803,3385,0.579232995658466,0.4082247949831162,0.17100820067534978,14348,51.3,91.97,0.87,0.56,1.88,28.84,3.6,2.7,8.8,12.5,1.1,11.9,4.6,49672.0,8.6,95.8,21.9,0.8,0.47,4.156791368003929
26055,Grand Traverse County,Michigan,62760,31423,30339,0.500685149776928,0.4834130019120459,0.017272147864882126,95757,43.1,92.48,0.88,0.67,3.28,21.28,2.3,1.1,7.7,10.2,2.0,12.8,3.3,79486.0,5.4,95.1,40.3,2.1,0.4416,4.981170531468376
26057,Gratiot County,Michigan,19848,12894,6682,0.6496372430471584,0.336658605401048,0.31297863764611045,41478,39.7,87.42,5.47,0.41,7.56,17.48,2.5,3.4,7.3,14.6,2.0,11.6,4.1,61128.0,8.8,91.9,19.0,1.3,0.4466,4.617817807266077
26059,Hillsdale County,Michigan,24813,18631,5875,0.7508564059162536,0.2367710474348124,0.5140853584814412,45658,42.8,94.43,0.73,0.25,2.74,20.77,2.6,3.2,5.6,21.3,1.6,12.6,5.4,60869.0,10.1,90.5,20.6,1.2,0.4338,4.659516883764218
26061,Houghton County,Michigan,19364,11181,7881,0.577411691799215,0.4069923569510432,0.17041933484817184,37428,32.3,91.76,1.13,2.79,1.81,17.73,3.3,1.4,7.0,9.9,1.8,11.9,3.2,56573.0,9.1,94.5,36.6,5.3,0.4684,4.573196620804769
26063,Huron County,Michigan,18969,13224,5522,0.6971374347619801,0.2911065422531498,0.4060308925088303,31258,49.4,94.29,0.4,0.59,2.74,26.6,2.5,8.6,6.3,20.7,1.9,10.8,4.2,56963.0,7.8,91.9,17.6,1.6,0.4409,4.494961186838928
26065,Ingham County,Michigan,148012,50564,94542,0.3416209496527309,0.6387455071210443,-0.2971245574683134,282015,33.3,70.38,11.8,6.27,8.65,14.57,4.1,0.6,4.2,9.7,1.6,9.9,4.5,64354.0,9.0,93.5,41.3,9.3,0.4748,5.450272208475314
26067,Ionia County,Michigan,34013,22179,11338,0.6520742069208831,0.3333431335077764,0.31873107341310675,66706,38.8,87.61,3.8,0.53,5.2,15.44,2.9,4.7,8.2,20.9,2.3,12.4,4.4,73436.0,7.5,91.4,18.0,1.3,0.3987,4.824164899129405
26069,Iosco County,Michigan,15731,10155,5344,0.6455406522153709,0.3397113978768037,0.3058292543385672,25333,53.5,92.43,0.88,0.69,2.72,30.44,3.4,2.4,9.2,14.6,1.0,14.5,8.9,47777.0,11.1,89.1,17.6,2.2,0.4579,4.403686623122456
26071,Iron County,Michigan,7027,4501,2441,0.6405293866514872,0.3473744129785114,0.29315497367297577,11650,53.2,93.34,0.84,0.57,2.1,30.93,2.2,3.4,8.6,14.5,2.0,11.1,4.0,53614.0,10.6,93.4,20.6,0.8,0.442,4.066325925362038
26073,Isabella County,Michigan,30817,16320,14011,0.5295778304182757,0.454651653308239,0.07492617711003668,64475,29.8,85.34,2.81,1.56,4.88,13.68,4.2,1.9,5.9,10.7,2.5,12.0,4.0,53759.0,14.1,92.0,30.8,3.0,0.476,4.8093913508099755
26075,Jackson County,Michigan,83803,50199,32348,0.5990119685452788,0.3860005011753756,0.21301146736990323,160187,41.2,83.88,7.66,0.77,3.97,18.56,3.3,1.1,6.4,19.4,2.0,8.9,5.7,65004.0,8.3,92.8,23.0,2.3,0.4498,5.20462726794452
26077,Kalamazoo County,Michigan,145646,58671,84501,0.4028328962003762,0.5801807121376488,-0.17734781593727256,261437,34.9,76.79,11.03,2.7,5.78,15.8,3.7,1.2,5.0,17.4,2.0,10.7,3.3,70525.0,7.7,94.3,40.8,5.8,0.4679,5.417367051334416
26079,Kalkaska County,Michigan,11529,8149,3206,0.7068262642033134,0.2780813600485731,0.4287449041547403,18116,44.0,93.77,0.88,0.49,2.22,21.23,2.3,3.4,10.6,15.3,1.9,10.6,3.7,60365.0,9.2,89.9,18.2,1.2,0.4223,4.25806231201092
26081,Kent County,Michigan,371722,172720,192668,0.4646483124485502,0.518312071924718,-0.05366375947616775,658844,35.7,73.88,9.5,3.09,11.51,14.49,2.9,0.7,5.5,18.7,3.4,11.1,4.2,80390.0,6.9,92.3,39.6,8.6,0.4486,5.8187825952322445
26083,Keweenaw County,Michigan,1611,896,690,0.5561762880198634,0.4283054003724394,0.127870887647424,2106,56.7,95.96,0.0,0.0,1.52,35.99,2.2,0.8,13.3,9.3,0.1,5.4,3.4,53893.0,4.2,97.5,43.6,1.9,0.4879,3.3234583668494677
26085,Lake County,Michigan,6915,4523,2298,0.6540853217642806,0.3323210412147505,0.3217642805495301,12393,50.3,80.13,8.69,0.44,9.25,26.56,3.2,2.3,7.8,19.1,2.3,12.0,6.0,49680.0,13.7,82.6,12.5,1.2,0.4439,4.093176449696249
26087,Lapeer County,Michigan,55435,38398,16338,0.6926670875800487,0.2947235501037251,0.3979435374763236,88703,44.6,91.65,1.18,0.25,4.95,19.55,3.0,1.5,10.1,24.5,2.5,10.5,4.6,76228.0,7.0,92.3,19.8,2.2,0.421,4.947938308235483
26089,Leelanau County,Michigan,17680,8035,9406,0.4544683257918552,0.5320135746606335,-0.07754524886877828,22607,55.3,90.45,0.38,0.61,4.26,33.01,2.0,3.5,8.0,7.5,1.7,11.3,3.7,91943.0,4.2,96.6,49.9,2.1,0.4679,4.354242934309549
26091,Lenawee County,Michigan,55012,33463,20787,0.6082854649894568,0.3778630117065367,0.2304224532829201,98823,42.2,89.05,2.26,0.34,8.75,19.89,3.1,3.0,6.5,20.3,1.8,11.6,4.3,67013.0,8.2,91.4,22.3,2.2,0.4173,4.994858033763776
26093,Livingston County,Michigan,132402,81217,49503,0.6134121841059803,0.3738840803009018,0.2395281038050785,195143,43.8,94.08,0.52,0.92,2.88,18.96,2.3,0.7,8.6,18.1,3.0,11.0,4.0,101315.0,2.9,96.2,39.2,2.9,0.4134,5.290352977262679
26095,Luce County,Michigan,2985,2170,769,0.7269681742043551,0.2576214405360134,0.46934673366834173,6325,44.6,77.61,8.21,0.27,1.82,23.13,4.1,5.1,5.6,12.4,0.5,11.4,2.7,54338.0,8.4,92.7,19.3,1.2,0.4283,3.8010605298478555
26097,Mackinac County,Michigan,7238,4476,2675,0.6184028737220226,0.3695772312793589,0.24882564244266375,10865,53.3,72.04,4.18,0.97,2.06,29.05,4.8,3.1,8.1,5.9,0.6,13.9,4.5,58598.0,10.1,92.2,23.5,5.4,0.4464,4.036029730656543
26099,Macomb County,Michigan,509056,284660,214977,0.5591919160170983,0.4223052080714106,0.1368867079456877,877624,41.1,76.19,12.46,4.75,3.08,17.84,3.7,0.4,6.1,20.8,2.0,11.5,4.6,76399.0,7.3,90.8,27.2,11.5,0.4264,5.943308491190455
26101,Manistee County,Michigan,15296,8748,6309,0.5719142259414226,0.4124607740585774,0.1594534518828452,25247,50.3,89.28,3.44,0.38,3.49,27.37,3.0,2.3,8.1,13.5,1.5,11.6,3.9,60879.0,7.4,90.3,23.4,1.9,0.4501,4.402209780044745
26103,Marquette County,Michigan,38992,17459,20866,0.4477585145670907,0.5351354123922856,-0.08737689782519487,66430,39.2,91.49,1.47,0.55,2.02,20.02,2.9,3.8,6.5,7.1,1.3,12.8,4.2,64675.0,7.1,95.5,35.8,2.2,0.4219,4.82236425244155
26105,Mason County,Michigan,18056,10830,6973,0.5998006202924235,0.3861874169251218,0.21361320336730172,29177,47.2,92.31,1.09,0.43,4.76,25.59,2.5,3.4,7.7,15.4,1.4,13.8,5.4,62296.0,9.5,93.4,25.0,1.5,0.4324,4.4650406353838505
26107,Mecosta County,Michigan,22489,14445,7688,0.6423140201876473,0.3418560184979323,0.300458001689715,40321,40.6,90.94,2.29,0.85,2.79,20.17,2.7,2.9,7.5,14.0,1.1,11.0,5.7,57774.0,10.8,91.7,22.7,1.7,0.4121,4.605531294496407
26109,Menominee County,Michigan,13060,8647,4256,0.6620980091883614,0.3258805513016845,0.3362174578866769,23295,49.9,92.38,0.56,0.38,2.29,26.34,3.1,2.9,5.8,30.3,2.8,10.5,4.8,55688.0,7.4,92.4,18.0,1.6,0.4286,4.36726271478424
26111,Midland County,Michigan,50287,28571,20926,0.5681587686678465,0.4161314057311034,0.15202736293674313,83641,41.8,90.83,1.41,2.17,3.33,19.77,2.8,1.0,6.5,18.9,1.7,10.1,4.0,77538.0,8.2,95.0,36.3,3.1,0.4581,4.92241921654025
26113,Missaukee County,Michigan,9151,7066,1945,0.7721560485192875,0.2125450770407605,0.559610971478527,15156,42.7,92.48,0.48,0.37,3.31,21.36,4.1,6.9,10.6,18.2,2.2,9.8,5.0,61868.0,6.1,91.1,18.0,1.5,0.427,4.180584596602955
26115,Monroe County,Michigan,91338,57405,32622,0.6284897851934572,0.3571569335873349,0.2713328516061223,155001,42.6,90.94,2.23,0.42,4.23,19.33,3.0,1.2,7.4,20.4,1.7,9.9,7.2,75272.0,7.7,91.8,23.4,2.4,0.4273,5.1903345000611365
26117,Montcalm County,Michigan,34835,23946,10368,0.6874120855461461,0.297631692263528,0.3897803932826181,67174,40.1,89.03,3.23,0.24,4.21,17.59,2.3,3.0,10.4,22.8,2.5,12.4,4.8,64892.0,8.0,88.3,14.9,2.2,0.3872,4.8272012099364
26119,Montmorency County,Michigan,6391,4599,1702,0.71960569550931,0.2663120012517603,0.4532936942575497,9372,56.7,93.92,0.16,0.58,1.63,32.94,2.6,5.5,9.7,16.5,1.6,9.7,5.8,47803.0,12.4,89.4,16.0,1.2,0.4337,3.971832279924925
26121,Muskegon County,Michigan,95160,47733,46028,0.5016078184110971,0.4836906263135771,0.01791719209752002,175378,39.9,77.24,12.61,0.65,6.08,18.02,4.1,1.0,5.5,25.9,1.8,11.0,3.8,63495.0,9.3,92.5,21.4,2.0,0.4385,5.243975113101575
26123,Newaygo County,Michigan,29197,20630,8131,0.7065794430934685,0.2784875158406685,0.42809192725280004,50414,42.8,89.89,0.74,0.36,6.11,20.24,2.5,4.0,8.6,22.2,2.4,10.9,4.2,61931.0,9.9,89.7,18.4,2.0,0.4175,4.702551157049523
26125,Oakland County,Michigan,771939,337791,419519,0.4375876850372892,0.5434613356754873,-0.10587365063819809,1272294,41.2,70.56,13.02,8.2,4.89,17.91,3.2,0.3,4.7,19.6,2.0,9.7,3.3,95296.0,4.9,94.9,50.2,13.2,0.4651,6.1045874790987025
26127,Oceana County,Michigan,14870,9547,5085,0.6420309347679892,0.3419636852723605,0.30006724949562874,26788,43.9,88.41,0.93,0.1,15.44,21.76,3.2,10.5,7.3,21.6,2.2,9.4,4.9,63624.0,8.6,90.6,21.0,4.6,0.4221,4.427940290264142
26129,Ogemaw County,Michigan,12620,8879,3578,0.7035657686212361,0.2835182250396196,0.4200475435816165,20853,50.8,94.04,0.65,0.76,2.21,27.14,3.5,3.3,7.4,10.3,2.1,16.2,6.1,51983.0,12.0,89.7,15.9,1.6,0.4482,4.3191685432293
26131,Ontonagon County,Michigan,3841,2479,1313,0.6454048424889351,0.3418380630044259,0.3035667794845093,5870,59.4,93.48,0.83,0.49,1.7,37.75,3.2,8.5,6.8,7.7,0.7,11.3,7.2,51844.0,8.4,94.1,16.7,1.2,0.4176,3.7686381012476144
26133,Osceola County,Michigan,13184,9639,3326,0.7311134708737864,0.2522754854368932,0.4788379854368932,23122,43.8,93.15,1.09,0.35,2.0,21.79,3.4,4.7,7.4,22.0,2.2,11.0,5.9,57050.0,10.7,89.7,16.4,0.9,0.4216,4.364025396850448
26135,Oscoda County,Michigan,5192,3716,1414,0.7157164869029276,0.2723420647149461,0.44337442218798145,8338,52.1,94.22,0.38,0.38,2.04,28.51,3.9,2.7,7.3,21.4,1.0,9.7,7.1,50581.0,11.0,86.1,14.8,0.8,0.4183,3.921061890790279
26137,Otsego County,Michigan,15971,10693,5052,0.6695260159038257,0.3163233360465844,0.35320267985724124,25352,44.5,93.72,0.94,0.63,1.93,21.71,2.8,3.4,8.3,10.9,2.9,14.1,6.2,67285.0,6.5,93.9,25.8,1.5,0.4258,4.404012226182244
26139,Ottawa County,Michigan,178402,106133,69653,0.5949092498963016,0.3904272373628098,0.20448201253349174,298614,36.3,85.46,1.56,2.75,10.11,16.23,2.4,1.2,6.0,23.2,3.3,10.0,3.6,87144.0,4.0,94.1,37.5,5.0,0.4187,5.475110165010629
26141,Presque Isle County,Michigan,8739,5568,3036,0.6371438379677309,0.3474081702711981,0.2897356676965328,13142,56.2,95.69,0.31,0.3,1.51,33.08,2.8,6.9,8.9,10.1,1.5,12.7,8.0,56713.0,7.9,91.8,20.2,1.2,0.4448,4.118661462854496
26143,Roscommon County,Michigan,16065,10582,5290,0.6586990351696234,0.329287270463741,0.32941176470588235,23639,57.4,93.68,0.61,0.45,1.99,33.76,2.1,1.6,6.7,10.0,2.5,13.3,5.4,54106.0,10.0,90.8,20.3,1.4,0.4644,4.373629100649668
26145,Saginaw County,Michigan,103838,52912,49515,0.509562973092702,0.4768485525530153,0.03271442053968676,189210,41.1,71.73,18.93,1.2,9.08,19.92,3.8,1.3,5.9,16.3,1.6,11.9,4.3,58347.0,13.2,91.1,23.4,2.3,0.4763,5.276944085712982
26147,St. Clair County,Michigan,96519,64277,30844,0.6659517815145205,0.3195640236637346,0.3463877578507859,160089,44.3,91.56,2.32,0.53,3.59,19.77,3.9,1.3,8.3,19.9,1.5,11.2,5.9,69349.0,7.9,92.1,20.3,2.0,0.4307,5.204361491797979
26149,St. Joseph County,Michigan,29307,19403,9452,0.6620602586412803,0.3225168048589074,0.3395434537823729,60870,39.8,87.22,2.21,0.57,9.12,18.52,3.2,3.3,5.9,37.5,1.5,10.4,3.7,64707.0,8.3,86.3,17.1,4.1,0.4056,4.7844033017530085
26151,Sanilac County,Michigan,23339,17080,5957,0.7318222717340075,0.2552380136252624,0.4765842581087451,40574,45.3,93.77,0.41,0.18,4.18,22.63,3.4,7.3,9.1,21.6,2.0,9.9,4.1,59074.0,9.4,90.7,16.0,1.4,0.4207,4.6082478248671235
26153,Schoolcraft County,Michigan,4897,3196,1631,0.6526444762099245,0.3330610577904839,0.3195834184194406,8093,52.1,84.27,0.64,0.25,1.52,28.17,3.4,5.7,8.2,14.4,1.3,11.0,5.4,57708.0,10.7,89.7,20.7,1.1,0.458,3.908109540392552
26155,Shiawassee County,Michigan,40682,24718,15335,0.6075905806007571,0.3769480359864313,0.23064254461432582,68061,43.1,94.79,0.6,0.41,3.04,19.47,2.6,1.6,7.7,18.6,2.1,12.0,5.2,64464.0,7.8,92.7,19.5,1.1,0.4163,4.832898325766129
26157,Tuscola County,Michigan,30716,21764,8562,0.7085558015366584,0.2787472327125928,0.42980856882406565,53071,44.6,93.56,1.15,0.37,3.62,21.46,3.4,3.7,7.9,20.0,1.6,13.6,5.6,62847.0,8.3,92.2,15.5,0.9,0.3977,4.724857270979494
26159,Van Buren County,Michigan,41162,23407,17175,0.5686555560954278,0.4172537777561829,0.15140177833924495,75681,41.2,81.93,3.47,0.55,12.22,19.37,2.6,2.7,7.4,22.3,2.1,11.0,4.4,66902.0,9.7,88.8,22.9,4.9,0.4249,4.878986861919273
26161,Washtenaw County,Michigan,221304,58844,157152,0.265896685102845,0.7101182084372628,-0.44422152333441783,368394,34.8,69.95,11.61,8.86,5.64,15.27,2.8,0.5,3.5,12.4,1.4,7.8,3.1,87156.0,6.7,95.8,58.1,12.8,0.4869,5.56631254826718
26163,Wayne County,Michigan,856511,288860,537032,0.3372519442248844,0.6269995364916504,-0.289747592266766,1773767,37.8,49.96,37.22,3.49,6.71,16.15,5.1,0.3,4.6,17.8,2.1,10.4,6.9,59521.0,15.3,87.9,26.9,9.7,0.4895,6.24889657081694
26165,Wexford County,Michigan,19476,12968,6224,0.6658451427397823,0.3195728075580201,0.34627233518176226,33868,42.2,92.44,1.05,0.59,2.49,20.18,3.2,2.5,6.2,21.8,1.7,12.7,6.9,63123.0,7.8,90.0,21.2,1.7,0.4386,4.529789551099617
27001,Aitkin County,Minnesota,10419,6741,3524,0.6469910739994241,0.33822823687494,0.3087628371244841,15930,56.5,93.45,0.71,0.14,1.46,33.92,2.8,3.9,12.2,9.7,1.6,11.3,5.0,59498.0,7.6,93.6,19.0,0.7,0.4355,4.202215775801132
27003,Anoka County,Minnesota,209656,106974,97667,0.5102358148586256,0.4658440492998054,0.044391765558820184,367095,38.8,77.22,8.34,5.41,5.59,14.98,2.7,0.6,7.1,16.0,2.9,11.5,5.9,98764.0,4.5,94.2,31.7,9.9,0.388,5.564778469256922
27005,Becker County,Minnesota,19696,12961,6435,0.6580523964256701,0.3267160844841592,0.331336311941511,35260,43.2,86.16,0.83,0.71,1.89,22.16,2.4,4.8,9.4,12.5,1.9,11.1,6.1,71117.0,6.2,93.3,27.5,1.3,0.4721,4.547282307963303
27007,Beltrami County,Minnesota,24807,12898,11493,0.5199338896279276,0.4632966501390737,0.05663723948885396,46421,35.1,70.93,1.37,0.57,2.52,16.98,3.3,2.0,7.9,5.6,1.5,11.6,4.2,67257.0,9.7,92.8,32.3,1.6,0.4409,4.66671449178134
27009,Benton County,Minnesota,22763,15260,7084,0.670386152967535,0.3112067829372227,0.3591793700303123,41458,36.7,87.29,3.91,1.07,3.25,13.88,2.9,2.5,8.2,15.1,2.6,10.7,5.3,71480.0,6.6,92.3,24.5,2.6,0.4093,4.617608347205152
27011,Big Stone County,Minnesota,2816,1796,964,0.6377840909090909,0.3423295454545454,0.2954545454545455,5152,47.4,94.9,0.17,0.95,2.52,26.51,1.7,12.9,7.6,7.9,2.7,10.8,6.3,65475.0,8.0,93.3,21.3,1.8,0.4491,3.711975854351756
27013,Blue Earth County,Minnesota,36326,18001,17558,0.4955403842977481,0.4833452623465286,0.012195121951219523,69386,31.5,86.76,4.58,2.36,4.69,14.72,2.9,2.6,5.7,14.6,1.7,13.5,3.9,72623.0,8.0,95.0,34.5,5.8,0.435,4.841271851779092
27015,Brown County,Minnesota,14526,9692,4576,0.6672174032768828,0.3150213410436459,0.35219606223323696,25826,42.4,94.16,0.85,0.61,4.85,21.79,1.7,6.6,5.6,16.8,2.9,9.0,5.6,68690.0,4.7,92.9,24.2,3.1,0.4025,4.412057146690156
27017,Carlton County,Minnesota,20746,10435,9905,0.5029885279089945,0.4774414344933963,0.025547093415598188,36457,41.7,87.99,2.09,0.47,1.85,18.2,2.4,1.0,6.9,11.2,1.9,11.1,6.7,80042.0,6.0,93.5,25.5,1.2,0.3994,4.5617809282506485
27019,Carver County,Minnesota,68804,35586,31869,0.5172083018429161,0.4631852799255857,0.05402302191733038,108622,38.9,87.85,1.53,3.33,4.96,13.8,2.3,1.9,5.8,15.9,2.9,10.9,3.9,123144.0,3.1,96.3,50.5,5.4,0.4153,5.035917794967079
27021,Cass County,Minnesota,19316,12759,6300,0.6605404845723752,0.3261544833298819,0.33438600124249335,30688,49.7,81.75,0.4,0.5,1.73,26.84,3.3,3.2,10.6,10.4,2.3,12.3,3.5,64937.0,8.7,94.4,25.4,1.5,0.4354,4.48696858549057
27023,Chippewa County,Minnesota,6300,4175,2026,0.6626984126984127,0.3215873015873016,0.3411111111111111,12388,41.8,85.19,0.91,1.32,9.91,21.4,2.7,8.2,8.5,13.9,1.8,12.0,4.6,69192.0,8.9,90.1,19.6,6.4,0.4385,4.0930011966847495
27025,Chisago County,Minnesota,35502,23047,11894,0.649174694383415,0.3350233789645653,0.3141513154188497,57434,40.8,91.7,1.2,1.42,2.72,16.57,2.6,0.8,12.0,15.1,2.3,10.7,4.6,98260.0,3.7,95.6,24.0,2.4,0.3862,4.759169063842253
27027,Clay County,Minnesota,32734,15965,16121,0.487719191055172,0.4924848781083888,-0.004765687053216838,65628,33.5,86.32,4.84,1.71,4.85,13.86,2.7,2.4,7.0,8.1,2.5,10.2,4.4,77664.0,7.0,95.0,39.0,4.3,0.4447,4.817089169422264
27029,Clearwater County,Minnesota,4805,3575,1169,0.7440166493236212,0.2432882414151925,0.5007284079084287,8579,41.8,84.54,0.16,0.73,0.87,20.91,4.3,5.1,13.4,9.7,1.6,11.0,5.9,64934.0,7.5,88.5,18.3,1.2,0.4325,3.9334366678262804
27031,Cook County,Minnesota,3641,1142,2416,0.3136500961274375,0.6635539686899203,-0.34990387256248284,5633,52.3,85.07,0.46,0.67,2.77,30.2,1.5,2.2,7.8,2.5,1.1,15.4,2.7,71643.0,5.5,97.3,45.6,2.9,0.4122,3.7507397512353506
27033,Cottonwood County,Minnesota,5965,4157,1705,0.6968985750209555,0.2858340318524727,0.41106454316848284,11458,41.3,82.76,1.75,3.43,10.5,22.56,2.5,10.6,5.8,16.9,1.8,9.4,7.6,68239.0,8.9,92.4,22.9,5.9,0.4183,4.059108817913594
27035,Crow Wing County,Minnesota,42212,27423,14173,0.6496493887993935,0.3357576044726618,0.3138917843267317,67113,45.4,94.16,0.59,0.44,1.53,23.85,3.1,1.4,9.7,9.5,1.8,12.0,4.7,71343.0,6.5,94.6,28.6,1.4,0.4304,4.826806652529976
27037,Dakota County,Minnesota,258590,109995,143267,0.4253644765845547,0.5540314784021038,-0.1286670018175491,442204,38.4,75.98,7.33,5.21,8.44,15.36,2.6,0.6,5.5,10.8,2.9,11.1,6.3,105212.0,3.3,95.5,44.6,9.7,0.4122,5.645622666714135
27039,Dodge County,Minnesota,12448,8095,4108,0.6503052699228792,0.330012853470437,0.32029241645244216,20962,38.5,91.27,0.98,0.56,5.17,15.33,2.2,4.6,9.5,13.1,2.1,8.0,3.5,92943.0,3.8,95.0,29.7,3.7,0.392,4.321432716647859
27041,Douglas County,Minnesota,25019,16726,7938,0.6685319157440346,0.3172788680602741,0.3512530476837605,39354,44.3,95.19,0.47,0.43,2.15,23.89,1.7,3.1,6.4,19.4,3.6,12.0,4.1,77264.0,4.2,96.0,29.0,1.4,0.4342,4.594988881285679
27043,Faribault County,Minnesota,7739,5247,2352,0.6779945729422406,0.3039152345264246,0.37407933841581603,13909,44.6,89.77,0.6,0.63,7.81,23.19,2.4,11.2,10.1,14.8,2.8,7.7,6.2,64391.0,8.4,92.0,21.6,2.0,0.4371,4.143295907124072
27045,Fillmore County,Minnesota,12335,7638,4491,0.6192136197811107,0.3640859343331982,0.2551276854479125,21346,42.3,95.3,0.63,0.61,1.85,21.76,1.9,7.8,8.0,12.4,2.6,9.6,5.0,75225.0,5.0,92.8,23.7,1.4,0.4054,4.329316505090259
27047,Freeborn County,Minnesota,16670,10003,6448,0.6000599880023996,0.3868026394721056,0.213257348530294,30752,43.9,84.92,1.26,3.07,10.57,22.78,2.3,4.8,6.8,19.5,2.5,10.7,5.4,69012.0,5.7,89.9,18.1,3.8,0.4539,4.4878733659884515
27049,Goodhue County,Minnesota,28746,16461,11731,0.5726361928616155,0.4080915605649481,0.16454463229666738,47844,42.3,90.3,1.64,0.79,3.93,20.09,2.3,4.5,7.8,15.5,2.0,9.4,5.9,82749.0,6.7,93.7,27.9,2.6,0.4287,4.679827481710019
27051,Grant County,Minnesota,3531,2266,1187,0.6417445482866043,0.3361653922401586,0.3055791560464457,6108,43.7,94.12,0.51,0.07,2.59,23.18,1.9,10.2,9.1,11.3,2.3,11.3,6.0,72957.0,7.3,94.3,19.1,1.0,0.4534,3.7858990283843834
27053,Hennepin County,Minnesota,716591,197244,502710,0.2752532476684747,0.7015298824573571,-0.42627663478888245,1268903,37.4,67.58,13.31,7.13,7.71,15.12,3.1,0.5,3.8,12.7,2.7,10.5,4.1,96339.0,5.6,94.0,53.3,13.7,0.478,6.103428424163369
27055,Houston County,Minnesota,11394,6547,4667,0.5746006670177286,0.4096015446726347,0.1649991223450939,18768,45.0,94.04,0.35,1.02,1.49,23.18,1.2,3.9,8.6,12.6,4.6,13.6,4.4,77087.0,3.1,94.4,28.0,1.8,0.417,4.273417994771454
27057,Hubbard County,Minnesota,13570,8809,4536,0.6491525423728813,0.3342667649226234,0.3148857774502579,21700,48.3,91.05,0.49,0.43,2.55,26.14,2.6,2.9,10.2,11.7,2.6,11.5,4.1,70622.0,5.4,94.6,30.5,1.5,0.4539,4.336459733848529
27059,Isanti County,Minnesota,25829,18027,7384,0.6979364280459948,0.2858802121646212,0.4120562158813736,41934,40.1,92.52,1.04,2.05,2.41,16.83,2.8,1.4,13.7,18.9,1.5,8.2,5.8,86573.0,5.2,92.3,19.6,2.2,0.393,4.622566290857468
27061,Itasca County,Minnesota,26760,15863,10467,0.5927877428998505,0.3911434977578475,0.20164424514200296,45141,46.9,89.36,0.68,0.34,1.45,25.2,3.2,3.9,8.9,9.2,1.5,14.0,6.2,66380.0,8.8,94.7,25.1,0.9,0.437,4.654571175691487
27063,Jackson County,Minnesota,5625,3949,1581,0.7020444444444445,0.2810666666666667,0.4209777777777778,9964,44.5,92.0,0.62,0.99,4.52,22.98,1.6,9.6,7.8,18.8,2.1,10.1,3.7,69955.0,5.0,93.9,24.9,2.8,0.4286,3.9984337188644687
27065,Kanabec County,Minnesota,9682,6818,2718,0.7041933484817187,0.2807271224953522,0.42346622598636646,16261,44.5,94.48,0.51,0.54,1.73,21.41,2.9,2.0,14.8,13.0,1.4,12.4,3.7,71915.0,5.6,91.2,15.8,1.0,0.4036,4.211147249814492
27067,Kandiyohi County,Minnesota,23213,15014,7814,0.646792745444363,0.3366217205876017,0.31017102485676135,43757,39.8,81.06,5.63,1.3,13.96,19.97,2.4,4.5,7.4,13.8,1.9,12.2,5.3,75097.0,6.3,90.8,27.1,9.3,0.4165,4.64104753891706
27069,Kittson County,Minnesota,2495,1535,911,0.6152304609218436,0.3651302605210421,0.25010020040080155,4163,48.4,93.8,0.62,0.38,2.5,26.38,2.7,13.5,6.4,13.7,4.3,8.4,5.8,69615.0,4.1,95.9,28.0,2.5,0.4139,3.619406410886777
27071,Koochiching County,Minnesota,6776,4204,2465,0.6204250295159386,0.3637839433293979,0.2566410861865407,11950,50.5,90.23,0.56,0.9,1.46,27.61,2.5,3.5,5.8,15.9,1.4,14.4,5.0,69115.0,6.9,93.5,20.3,3.5,0.4084,4.077367905284157
27073,Lac qui Parle County,Minnesota,3989,2600,1314,0.6517924291802457,0.3294058661318626,0.3223865630483831,6694,47.7,93.93,0.63,0.43,3.14,27.19,1.1,17.0,6.0,10.3,3.7,8.5,3.5,71639.0,3.9,95.2,22.1,1.9,0.4383,3.8256857080217586
27075,Lake County,Minnesota,6929,3265,3534,0.471207966517535,0.5100303074036657,-0.038822340886130735,10911,49.6,95.52,0.39,0.23,1.41,27.39,1.3,5.5,11.7,8.4,1.8,11.7,4.7,75621.0,4.7,93.2,25.8,0.9,0.3965,4.037864555774374
27077,Lake of the Woods County,Minnesota,2346,1710,604,0.7289002557544757,0.257459505541347,0.4714407502131287,3800,50.8,90.71,0.26,0.21,0.68,25.55,1.2,2.9,1.6,30.9,0.0,8.6,6.1,70091.0,4.2,96.1,21.4,1.4,0.4169,3.57978359661681
27079,Le Sueur County,Minnesota,17422,11503,5636,0.6602571461370681,0.3234990242222477,0.3367581219148204,28936,41.4,91.63,0.88,0.53,6.64,18.36,2.8,3.7,9.0,20.6,2.3,9.9,4.0,90218.0,4.0,95.0,25.4,3.0,0.4054,4.461438495753563
27081,Lincoln County,Minnesota,3226,2190,972,0.6788592684438933,0.3013019218846869,0.3775573465592064,5594,45.0,95.5,0.16,0.7,2.34,24.22,1.7,13.6,5.5,10.2,2.4,10.9,6.8,67715.0,4.0,94.3,24.4,0.9,0.4538,3.7477224620355085
27083,Lyon County,Minnesota,12946,8400,4284,0.6488490653483702,0.3309130233276687,0.31793604202070147,25498,37.3,83.45,2.49,4.71,7.38,17.13,2.3,7.1,7.3,12.9,2.5,11.1,4.9,72761.0,8.7,91.9,28.6,6.0,0.457,4.406506116785803
27085,McLeod County,Minnesota,21131,14394,6374,0.6811793100184563,0.3016421371444797,0.37953717287397665,36771,41.5,91.33,0.53,0.67,7.24,19.67,2.2,2.9,8.5,24.4,1.6,10.4,5.6,78468.0,5.7,93.5,19.6,3.8,0.4175,4.565505440817366
27087,Mahnomen County,Minnesota,2176,1165,975,0.5353860294117647,0.4480698529411764,0.08731617647058831,5371,35.2,45.32,0.2,0.35,3.69,17.5,5.9,9.1,9.2,5.0,2.4,7.2,4.5,53925.0,16.6,86.7,14.3,0.9,0.4442,3.7300551523755
27089,Marshall County,Minnesota,5024,3774,1177,0.7511942675159236,0.2342754777070063,0.5169187898089173,8961,43.2,93.2,0.35,0.25,4.63,22.56,1.9,13.8,9.3,15.4,9.1,11.5,3.8,71701.0,3.6,92.8,18.9,1.8,0.3753,3.9523564773237907
27091,Martin County,Minnesota,10765,7442,3171,0.6913144449605202,0.294565722248026,0.3967487227124942,19864,44.5,93.08,0.81,0.56,6.81,23.95,2.8,11.9,5.2,16.2,1.5,12.5,4.1,62969.0,6.5,94.7,23.8,2.8,0.4341,4.298066706546508
27093,Meeker County,Minnesota,13647,9645,3802,0.706748735985931,0.278596028431157,0.428152707554774,23422,42.3,94.38,0.16,0.29,4.29,20.77,1.7,5.4,8.7,21.3,2.2,10.6,5.9,75037.0,5.7,93.7,20.4,1.4,0.4056,4.369623976640632
27095,Mille Lacs County,Minnesota,15163,10570,4374,0.6970916045637406,0.2884653432698015,0.40862626129393914,26912,41.2,89.29,0.31,0.61,2.16,18.36,2.8,2.3,12.4,16.2,2.1,11.2,5.7,71455.0,6.9,91.3,17.6,1.1,0.4131,4.429945974117818
27097,Morrison County,Minnesota,20272,15666,4306,0.7727900552486188,0.2124112075769534,0.5603788476716653,34131,42.2,95.3,0.32,0.35,1.85,20.56,2.2,5.6,8.7,14.5,2.3,10.9,5.7,68640.0,6.2,92.8,19.0,0.8,0.4315,4.533149012806025
27099,Mower County,Minnesota,18926,10297,8312,0.5440663637324316,0.4391841910599176,0.10488217267251398,40069,38.9,78.88,3.54,5.7,13.04,18.44,2.4,3.7,8.0,24.5,1.3,8.8,4.8,71495.0,7.9,89.7,23.5,12.0,0.426,4.602808503902597
27101,Murray County,Minnesota,4755,3346,1329,0.7036803364879075,0.2794952681388012,0.4241850683491063,8119,46.6,91.24,0.62,1.21,4.89,25.96,1.7,12.1,8.8,11.3,5.4,8.3,5.6,74475.0,4.1,90.9,23.9,3.2,0.4153,3.9095025414054154
27103,Nicollet County,Minnesota,19354,9540,9441,0.4929213599255967,0.4878061382659915,0.005115221659605207,34350,37.8,87.5,3.47,1.49,5.31,17.19,1.1,3.5,5.9,15.9,2.2,10.7,4.7,80362.0,4.7,95.0,35.7,4.5,0.468,4.535926741395569
27105,Nobles County,Minnesota,8258,5541,2599,0.6709857108258658,0.3147251150399612,0.3562605957859046,22067,36.3,61.02,5.21,5.06,33.14,17.27,1.7,7.5,7.3,22.4,3.8,10.5,4.4,65509.0,8.9,77.8,17.7,22.1,0.4174,4.3437432950100945
27107,Norman County,Minnesota,3285,1963,1233,0.5975646879756469,0.3753424657534246,0.22222222222222227,6411,43.9,89.78,1.08,0.9,5.21,21.53,3.2,14.7,8.6,7.2,4.4,11.4,6.5,69833.0,7.1,93.4,20.9,2.1,0.4255,3.8069257768837317
27109,Olmsted County,Minnesota,90524,39467,49121,0.4359838274932615,0.5426295788962043,-0.10664575140294286,163425,37.8,78.68,7.23,6.32,5.78,16.33,2.5,0.9,5.3,8.0,1.5,8.4,2.9,93494.0,4.9,95.0,48.5,11.4,0.4598,5.2133184936379555
27111,Otter Tail County,Minnesota,36608,24276,11752,0.6631337412587412,0.3210227272727273,0.34211101398601396,60281,46.3,91.77,1.01,0.65,3.75,24.83,3.1,4.8,8.2,13.0,2.8,11.8,5.7,70912.0,5.0,94.0,27.4,2.6,0.4371,4.780180448202641
27113,Pennington County,Minnesota,7361,4756,2439,0.6461078657791061,0.331340850427931,0.3147670153511751,13877,40.2,91.04,1.16,1.24,4.78,18.82,1.9,3.8,4.0,17.5,19.1,12.8,4.5,72561.0,6.5,94.6,19.3,3.3,0.4132,4.142295588289763
27115,Pine County,Minnesota,16876,11274,5339,0.6680493007821758,0.3163664375444418,0.351682863237734,29411,45.8,89.59,2.35,1.08,2.67,21.85,3.4,2.5,11.6,9.7,2.1,11.7,6.0,69666.0,6.2,91.4,16.3,1.5,0.4058,4.468509791154421
27117,Pipestone County,Minnesota,4828,3537,1215,0.7326014913007457,0.2516570008285004,0.4809444904722453,9352,39.8,87.06,1.94,0.96,8.44,20.62,2.0,9.6,9.5,11.7,4.0,9.5,5.2,66073.0,9.5,92.6,21.6,5.0,0.4417,3.9709044981537835
27119,Polk County,Minnesota,15387,10162,4967,0.6604276337167739,0.3228049652303892,0.3376226684863847,30905,39.5,86.97,2.19,0.78,6.71,18.86,2.4,6.7,7.7,10.0,2.7,12.6,4.2,69136.0,7.1,93.2,28.1,2.5,0.4298,4.490028747927844
27121,Pope County,Minnesota,7191,4677,2398,0.6503963287442637,0.3334723960506188,0.3169239326936449,11363,45.6,94.61,0.62,0.84,1.96,25.07,0.6,7.8,6.6,17.3,3.2,9.0,3.7,72205.0,4.9,94.9,23.8,1.1,0.4295,4.055493006677846
27123,Ramsey County,Minnesota,276736,75284,195168,0.2720426688251618,0.705249768732655,-0.4332070999074932,544438,35.9,60.73,12.16,14.98,8.24,15.38,3.2,0.5,4.5,13.0,2.2,9.5,4.7,81004.0,8.3,91.5,45.5,15.7,0.4621,5.735948429930203
27125,Red Lake County,Minnesota,2110,1425,642,0.6753554502369669,0.3042654028436019,0.371090047393365,3922,42.8,92.53,0.61,0.33,3.39,22.08,1.0,6.7,7.5,14.5,10.5,15.1,3.8,77500.0,4.0,95.4,17.6,0.9,0.3869,3.5935075893317654
27127,Redwood County,Minnesota,8299,5895,2300,0.7103265453669116,0.2771418243161826,0.433184721050729,15383,41.1,86.36,0.57,2.57,3.98,22.06,1.2,10.7,7.5,11.7,3.6,10.6,4.5,67024.0,8.3,92.6,20.8,2.4,0.4299,4.187041040042328
27129,Renville County,Minnesota,8042,5610,2280,0.69758766476001,0.2835115642874907,0.4140761004725193,14587,42.1,87.52,0.85,0.73,9.69,21.48,1.6,12.4,7.0,16.5,2.9,7.9,6.0,69086.0,6.7,91.5,18.4,3.4,0.4181,4.163965982954884
27131,Rice County,Minnesota,36284,18264,17353,0.503362363576232,0.4782548781832212,0.025107485393010776,67389,37.1,80.32,6.46,2.12,10.22,16.42,3.0,3.0,8.2,15.4,3.2,9.2,4.5,82792.0,5.9,93.0,29.7,8.7,0.4304,4.828589011829424
27133,Rock County,Minnesota,5361,3690,1585,0.6883044208170117,0.2956537959335945,0.39265062488341723,9628,41.1,94.15,0.18,0.61,3.76,20.02,1.8,10.0,6.3,8.1,3.1,8.0,5.0,70698.0,5.5,93.3,26.3,2.0,0.4232,3.9835360816029923
27135,Roseau County,Minnesota,8486,6279,2093,0.7399245816639171,0.2466415272213056,0.49328305444261145,15301,42.3,89.54,1.04,2.78,1.75,18.49,2.8,6.4,3.9,39.2,1.8,7.3,4.4,73611.0,8.9,93.0,20.5,3.7,0.4164,4.184719815150271
27137,St. Louis County,Minnesota,118587,50065,66335,0.422179496909442,0.559378346699048,-0.13719884978960595,200056,41.3,90.53,1.6,1.05,1.88,20.83,2.7,3.3,6.8,7.7,1.9,11.7,5.6,69455.0,6.5,95.0,32.5,2.1,0.4544,5.301151581097748
27139,Scott County,Minnesota,89806,47837,40214,0.5326704229116095,0.4477874529541456,0.08488296995746386,152957,37.3,78.57,5.24,6.1,6.17,12.3,2.2,1.2,6.6,14.9,3.3,11.9,5.3,120247.0,2.4,95.0,43.1,9.7,0.4088,5.18456935704354
27141,Sherburne County,Minnesota,57777,38491,18329,0.6661993526835939,0.3172369628052685,0.3489623898783254,99178,36.9,87.81,3.66,1.44,3.19,12.01,2.4,1.0,11.2,15.9,2.3,11.7,6.8,102965.0,3.0,94.4,28.1,4.0,0.3924,4.996415346163988
27143,Sibley County,Minnesota,8512,6014,2351,0.7065319548872181,0.2761983082706767,0.4303336466165414,14933,42.2,89.45,0.98,0.36,9.05,19.02,2.6,9.3,9.5,20.2,2.9,8.5,4.4,76082.0,4.9,92.5,18.6,3.7,0.4161,4.1741470650970305
27145,Stearns County,Minnesota,86361,53932,30829,0.6244948530007758,0.3569782656523199,0.2675165873484559,159358,35.0,82.89,8.42,1.94,4.51,15.77,3.0,3.1,7.5,12.7,2.6,11.6,6.5,76447.0,7.0,92.8,28.6,7.5,0.4368,5.202373870562465
27147,Steele County,Minnesota,20809,12742,7650,0.6123312028449228,0.3676293911288384,0.2447018117160844,37413,40.2,86.94,3.5,0.67,8.64,18.69,2.0,3.7,6.7,21.2,1.6,11.9,4.2,83448.0,4.3,93.7,29.7,4.8,0.4161,4.573022533945539
27149,Stevens County,Minnesota,5122,3213,1827,0.6272940257711831,0.3566966028894963,0.2705974228816868,9686,33.6,83.12,1.76,1.37,10.73,16.73,1.0,18.1,6.7,13.1,1.5,6.8,3.8,71060.0,3.4,93.2,30.8,7.1,0.4867,3.9861444647105206
27151,Swift County,Minnesota,5041,3340,1618,0.6625669510017853,0.3209680618924816,0.3415988891093037,9787,43.4,90.04,0.69,0.0,6.86,23.48,2.4,14.8,5.8,14.8,2.0,7.0,7.2,62601.0,6.5,94.5,23.0,2.7,0.4443,3.9906495883188544
27153,Todd County,Minnesota,13672,10392,3072,0.7600936220011703,0.22469280280866,0.5354008191925103,25402,42.8,87.92,0.69,0.44,9.19,22.23,2.7,9.2,7.7,22.7,2.2,9.4,6.0,63039.0,8.4,88.9,15.2,4.5,0.412,4.404867911689591
27155,Traverse County,Minnesota,1801,1165,597,0.6468628539700166,0.3314825097168239,0.3153803442531927,3279,45.5,86.98,0.49,0.15,5.61,25.25,3.0,19.0,4.2,8.5,5.2,10.4,3.4,65931.0,6.7,94.7,17.5,1.9,0.4376,3.515741416669365
27157,Wabasha County,Minnesota,13481,8523,4721,0.6322231288480084,0.3501965729545286,0.28202655589347975,21519,44.8,95.37,0.37,0.61,3.31,22.76,1.5,6.2,8.8,14.4,1.9,10.3,4.7,80133.0,5.4,94.9,26.6,1.7,0.4194,4.3328220855551
27159,Wadena County,Minnesota,8024,6028,1898,0.751246261216351,0.2365403788634097,0.5147058823529412,14135,40.1,91.29,0.72,0.47,2.29,20.06,3.7,7.2,8.4,17.2,4.9,11.2,5.3,56882.0,8.9,91.4,17.5,1.8,0.412,4.150295812825538
27161,Waseca County,Minnesota,10361,6770,3402,0.6534118328346684,0.3283466846829456,0.3250651481517228,18958,40.4,89.48,1.09,0.89,6.97,18.51,2.6,5.8,7.5,17.3,3.7,12.2,4.3,75052.0,5.2,92.9,20.9,2.8,0.4292,4.277792518931442
27163,Washington County,Minnesota,168743,75271,90324,0.4460688739681053,0.5352755373556236,-0.08920666338751831,272298,39.9,79.7,4.89,7.3,5.07,16.15,2.3,1.0,6.1,13.7,2.8,9.5,4.9,114457.0,3.3,96.3,48.9,8.0,0.429,5.435044451504659
27165,Watonwan County,Minnesota,4910,3087,1723,0.6287169042769858,0.3509164969450102,0.2778004073319756,11169,40.6,78.86,0.01,0.34,29.13,20.19,3.6,8.5,9.9,19.3,1.9,11.1,7.4,70593.0,10.2,88.4,18.2,11.5,0.4316,4.048014290938054
27167,Wilkin County,Minnesota,3343,2290,986,0.6850134609632067,0.2949446604845946,0.3900688004786121,6413,42.0,92.59,0.22,0.06,3.71,19.15,3.0,13.0,9.1,11.9,4.7,8.9,4.1,69635.0,7.5,93.4,21.5,1.8,0.4046,3.807061239917239
27169,Winona County,Minnesota,27721,14288,12929,0.5154215215901302,0.4663973161141373,0.0490242054759929,49705,36.1,90.85,1.7,2.39,3.77,18.21,2.1,3.4,4.9,20.7,4.0,11.2,3.9,70198.0,4.8,93.9,32.1,3.0,0.4377,4.69640007813349
27171,Wright County,Minnesota,89700,57211,30883,0.637803790412486,0.3442920847268673,0.29351170568561874,145270,37.4,89.42,1.86,1.56,3.49,13.31,1.6,1.8,11.6,15.5,3.6,10.8,4.0,106666.0,3.4,94.9,34.0,3.9,0.3775,5.162175936530162
27173,Yellow Medicine County,Minnesota,5391,3738,1548,0.6933778519755147,0.2871452420701169,0.40623260990539783,9509,42.0,88.8,0.75,0.23,5.18,21.0,2.2,11.3,8.0,10.8,3.5,11.7,5.7,71573.0,4.9,92.5,19.0,2.4,0.4231,3.9781348473982896
28001,Adams County,Mississippi,11928,5081,6743,0.425972501676727,0.5653085177733065,-0.13933601609657947,29098,42.1,38.38,55.47,0.27,4.09,21.55,3.7,2.5,5.8,6.1,3.2,13.0,8.8,40250.0,21.7,83.6,19.3,4.6,0.5134,4.463863139542141
28003,Alcorn County,Mississippi,15112,12657,2328,0.8375463208046585,0.1540497617787189,0.6834965590259396,34500,40.6,80.94,10.91,0.05,3.69,18.77,3.2,1.6,7.6,21.2,1.7,10.5,6.7,49404.0,10.5,83.4,18.4,1.2,0.4933,4.537819095073274
28005,Amite County,Mississippi,6815,4484,2246,0.6579603815113719,0.329567131327953,0.3283932501834189,12611,48.8,58.3,40.07,0.03,0.06,25.45,2.7,8.1,6.7,13.3,1.4,5.6,10.0,35385.0,24.4,87.0,8.0,0.4,0.5015,4.10074952568986
28007,Attala County,Mississippi,7703,4723,2930,0.6131377385434247,0.3803712839153576,0.23276645462806705,17685,39.6,52.26,45.39,0.26,0.49,19.37,3.4,2.2,7.6,21.2,1.3,9.4,5.1,48098.0,16.3,85.2,15.8,0.2,0.5023,4.24760506415077
28009,Benton County,Mississippi,3880,2535,1318,0.6533505154639175,0.3396907216494845,0.31365979381443304,7592,43.9,60.77,34.25,0.41,2.23,21.26,1.4,4.3,14.9,15.9,0.8,8.5,12.1,42139.0,10.3,80.9,12.1,6.4,0.4401,3.880356199419236
28011,Bolivar County,Mississippi,10435,3943,6419,0.3778629611883086,0.6151413512218495,-0.23727839003354095,30163,36.6,30.67,63.24,0.95,2.54,16.66,3.7,5.6,4.9,11.9,2.1,11.6,6.3,37315.0,27.4,83.2,26.6,2.5,0.5554,4.479474534102625
28013,Calhoun County,Mississippi,6034,4443,1547,0.7363274776267815,0.2563805104408352,0.4799469671859463,13029,43.1,64.29,28.74,0.0,5.93,20.17,2.0,7.9,3.1,27.7,2.3,10.8,5.9,43942.0,13.6,79.0,13.1,3.4,0.4394,4.114911084081892
28015,Carroll County,Mississippi,5194,3730,1431,0.7181363111282248,0.2755102040816326,0.4426261070465922,9828,47.7,63.17,34.53,0.4,0.24,24.49,1.2,2.4,16.0,10.4,5.2,7.8,8.4,55275.0,15.3,80.0,18.5,1.1,0.4479,3.9924651478080433
28017,Chickasaw County,Mississippi,7234,4079,3090,0.5638650815593033,0.4271495714680675,0.13671551009123578,16994,39.0,50.25,44.53,0.52,4.05,18.41,2.1,3.8,3.8,25.3,0.7,12.9,11.2,43041.0,21.9,80.7,12.4,2.1,0.4429,4.230295613917047
28019,Choctaw County,Mississippi,3890,2881,965,0.7406169665809769,0.2480719794344473,0.49254498714652956,8172,43.0,67.6,29.31,0.54,1.76,22.86,4.2,7.1,6.1,10.4,2.8,13.5,4.0,48321.0,12.1,85.8,18.6,0.3,0.4719,3.91232835796041
28021,Claiborne County,Mississippi,3541,558,2950,0.1575826037842417,0.8330979949166902,-0.6755153911324485,8908,33.8,10.87,86.23,0.15,0.22,18.95,3.3,3.1,6.0,17.7,0.0,6.1,2.6,34371.0,24.9,83.7,20.6,0.8,0.5314,3.9497802083620006
28023,Clarke County,Mississippi,7571,5093,2430,0.6726984546295073,0.3209615638621054,0.3517368907674019,15424,42.6,63.27,34.36,0.13,1.0,21.73,3.7,5.0,4.1,18.5,3.2,7.3,7.3,46054.0,16.8,86.4,15.1,1.3,0.4865,4.188197016558756
28025,Clay County,Mississippi,9057,4017,4960,0.4435243458098708,0.5476427072982224,-0.10411836148835157,18462,40.1,37.9,60.1,0.32,0.17,19.4,3.4,2.8,6.9,19.5,1.1,11.7,7.4,39904.0,20.6,82.8,18.2,0.7,0.4792,4.266278746631102
28027,Coahoma County,Mississippi,6790,2008,4711,0.2957290132547864,0.6938144329896907,-0.3980854197349043,20808,35.7,19.45,75.86,0.25,2.13,16.15,5.4,3.8,6.4,10.7,0.7,11.2,6.7,36259.0,30.9,82.0,19.0,1.3,0.5223,4.318230339187816
28029,Copiah County,Mississippi,11665,6134,5426,0.5258465495070724,0.4651521645949421,0.06069438491213036,27994,39.8,43.19,50.71,0.33,4.11,18.52,3.2,1.9,6.4,16.5,1.5,10.6,8.4,47994.0,15.0,86.3,20.3,1.4,0.5385,4.447064958266483
28031,Covington County,Mississippi,8861,5869,2921,0.6623405936124591,0.3296467667306173,0.3326938268818418,18226,37.7,60.36,34.64,0.33,2.55,17.62,2.6,2.7,7.8,19.0,3.5,13.3,5.6,47001.0,16.7,84.7,15.9,1.3,0.4641,4.260691365937476
28033,DeSoto County,Mississippi,79082,48064,29023,0.6077742090488354,0.3669988113603601,0.24077539768847528,188598,37.0,59.52,31.96,1.35,5.63,13.29,2.5,0.9,5.6,11.5,3.6,11.1,15.3,82980.0,7.9,91.4,28.3,4.2,0.4009,5.27553708292109
28035,Forrest County,Mississippi,28466,16579,11475,0.5824141080587367,0.4031124850699079,0.17930162298882885,78027,31.8,57.22,35.75,0.86,4.18,13.65,3.9,1.4,6.5,9.3,1.8,13.2,5.0,52821.0,16.5,90.8,29.5,2.6,0.4934,4.892244909382636
28037,Franklin County,Mississippi,4066,2831,1213,0.6962616822429907,0.2983275946876537,0.397934087555337,7655,42.7,62.56,34.98,0.0,0.91,21.07,1.9,12.0,5.4,10.2,2.3,9.6,7.2,45618.0,23.3,86.8,18.1,0.3,0.509,3.88394519503428
28039,George County,Mississippi,11069,9858,1138,0.8905953564007589,0.102809648568073,0.787785707832686,24870,36.2,86.41,7.77,0.27,3.0,15.18,4.2,3.5,12.2,10.4,3.7,9.7,7.0,54822.0,13.1,87.9,17.1,0.7,0.4595,4.395675785269936
28041,Greene County,Mississippi,5649,4776,835,0.8454593733404142,0.1478137723490883,0.6976456009913259,13595,40.5,71.68,24.83,0.01,1.33,14.55,3.4,5.6,19.9,10.7,2.6,6.7,6.8,55838.0,15.0,80.6,11.9,0.9,0.4685,4.133379211923519
28043,Grenada County,Mississippi,9766,5651,4060,0.5786401802170796,0.4157280360434159,0.16291214417366373,21342,38.9,51.08,44.79,0.09,0.3,18.49,2.4,1.9,8.6,17.1,0.6,14.1,4.2,47998.0,15.8,84.5,23.7,0.9,0.4867,4.329235115569424
28045,Hancock County,Mississippi,21175,16684,4262,0.7879102715466352,0.2012750885478158,0.5866351829988193,46057,45.7,84.39,6.77,0.62,4.18,21.89,3.1,1.8,10.2,9.5,2.3,8.6,9.3,67728.0,9.4,89.7,24.6,2.5,0.4653,4.6632956460494555
28047,Harrison County,Mississippi,75923,48497,26555,0.6387655914545,0.3497622591309616,0.28900333232353836,209443,38.1,63.12,24.15,2.38,6.7,16.13,4.4,1.1,7.4,6.5,1.7,10.7,4.9,57233.0,14.1,89.2,25.5,4.4,0.4586,5.321065849957801
28049,Hinds County,Mississippi,86830,22816,62840,0.2627663250028791,0.723713002418519,-0.4609466774156399,222494,36.6,23.59,72.37,0.8,2.02,15.72,4.6,0.5,5.1,7.9,1.9,11.7,6.2,49966.0,16.4,88.5,31.1,1.9,0.487,5.347318303847171
28051,Holmes County,Mississippi,6730,1243,5420,0.1846953937592867,0.8053491827637445,-0.6206537890044578,16491,35.8,14.24,82.41,0.23,0.43,16.18,3.9,1.2,7.3,19.0,2.5,13.1,8.2,29434.0,34.1,82.4,13.7,0.4,0.609,4.217246991685393
28053,Humphreys County,Mississippi,3468,990,2443,0.2854671280276816,0.7044405997693195,-0.4189734717416379,7570,38.4,20.32,78.81,0.16,0.07,18.4,8.2,7.5,8.7,17.3,1.8,9.2,4.5,32976.0,21.0,76.9,19.4,0.2,0.5669,3.8790958795000727
28055,Issaquena County,Mississippi,622,296,287,0.4758842443729904,0.4614147909967845,0.014469453376205865,1095,49.5,26.58,70.14,0.37,1.28,19.45,1.5,23.9,11.1,8.3,7.2,10.0,0.0,29271.0,4.0,67.3,4.4,0.4,0.4426,3.0394141191761372
28057,Itawamba County,Mississippi,10621,9523,1027,0.8966199039638452,0.0966952264381885,0.7999246775256567,23942,39.4,89.6,7.8,0.47,1.83,17.69,1.7,2.8,7.5,27.9,2.9,10.8,6.1,59508.0,6.0,85.2,14.8,0.8,0.5281,4.379160426466545
28059,Jackson County,Mississippi,52410,36376,15469,0.6940660179355085,0.2951535966418622,0.3989124212936463,144437,39.7,68.29,20.53,2.24,7.31,16.86,4.4,1.1,7.5,14.9,1.8,10.8,5.5,64756.0,10.6,88.8,24.9,3.5,0.4599,5.159678459421251
28061,Jasper County,Mississippi,7890,4118,3722,0.5219264892268695,0.4717363751584283,0.05019011406844115,16211,42.4,45.16,53.24,0.01,0.61,21.25,2.0,5.2,7.4,25.1,2.6,9.2,5.9,47157.0,13.1,89.6,13.0,0.3,0.4405,4.20980980578538
28063,Jefferson County,Mississippi,3299,541,2727,0.1639890876023037,0.8266141254925735,-0.6626250378902698,7127,43.0,13.22,81.23,0.8,4.35,19.35,2.0,2.9,7.7,7.7,1.4,7.2,11.2,36207.0,27.2,80.8,19.9,0.3,0.4858,3.8529067587969537
28065,Jefferson Davis County,Mississippi,5378,2302,3041,0.428040163629602,0.5654518408330235,-0.13741167720342146,11183,45.7,38.06,60.17,0.04,0.17,23.93,4.3,3.5,6.4,16.7,1.5,12.0,12.0,37183.0,16.8,87.6,13.5,0.2,0.4603,4.048558324898481
28067,Jones County,Mississippi,27755,20265,7272,0.7301387137452712,0.262006845613403,0.4681318681318682,66839,37.6,65.38,28.73,0.38,6.09,17.36,2.0,4.9,7.5,16.9,2.3,13.0,6.0,51143.0,14.3,87.1,20.0,2.7,0.4899,4.825029943649081
28069,Kemper County,Mississippi,4086,1691,2381,0.4138521781693587,0.5827214880078316,-0.16886930983847293,8855,40.7,33.72,60.44,0.03,0.72,21.39,5.6,3.4,4.7,12.0,3.3,10.8,7.0,43595.0,21.3,79.6,17.8,0.3,0.4799,3.9471885655260937
28071,Lafayette County,Mississippi,23409,14050,8956,0.6001965056174975,0.3825878935452176,0.21760861207227988,56920,30.9,69.83,23.14,2.23,3.62,13.25,1.0,0.9,4.5,8.5,0.9,11.8,5.0,64334.0,10.6,91.9,44.3,3.7,0.5338,4.755264891412247
28073,Lamar County,Mississippi,28171,20775,7038,0.7374605090341131,0.2498313868872244,0.4876291221468887,65081,37.5,72.82,21.59,0.95,3.64,14.69,3.2,2.2,7.5,9.9,1.7,9.7,5.6,69106.0,11.1,91.4,33.2,2.3,0.4731,4.813454217453901
28075,Lauderdale County,Mississippi,27407,16487,10677,0.6015616448352611,0.3895720071514577,0.2119896376838034,71984,39.5,51.57,41.95,0.74,2.48,18.23,3.0,1.2,5.1,10.8,2.8,10.0,7.0,50033.0,19.3,85.2,21.7,1.6,0.4973,4.857235975821491
28077,Lawrence County,Mississippi,6053,4113,1899,0.6794977697009748,0.3137287295555923,0.3657690401453825,11883,40.7,64.3,31.77,0.3,2.06,18.06,5.8,7.7,8.7,13.2,2.5,14.0,5.9,43368.0,14.7,82.1,12.7,0.3,0.5114,4.074926097123956
28079,Leake County,Mississippi,8380,5143,3182,0.6137231503579952,0.3797136038186157,0.2340095465393795,21288,40.0,46.7,39.08,0.59,5.92,17.96,3.5,5.8,7.3,19.9,0.8,9.4,5.4,48418.0,14.3,82.2,17.7,2.8,0.4813,4.328134861543332
28081,Lee County,Mississippi,35338,24339,10616,0.6887486558379082,0.3004131529797951,0.38833550285811314,83138,37.7,63.41,29.93,1.07,3.41,15.36,3.2,1.0,5.5,21.8,2.0,11.9,5.7,67144.0,10.2,87.8,28.7,2.4,0.4553,4.919799572739221
28083,Leflore County,Mississippi,9421,2854,6476,0.3029402398896083,0.6874004882708842,-0.3844602483812759,27432,34.5,21.36,74.48,0.52,3.05,15.07,6.4,4.4,4.8,15.3,2.0,14.7,5.5,33188.0,26.5,82.8,20.0,1.8,0.5377,4.438257472106888
28085,Lincoln County,Mississippi,15802,11432,4262,0.7234527275028477,0.2697126945956208,0.4537400329072269,34830,41.2,67.8,30.27,0.53,1.27,17.33,2.0,5.5,9.7,8.9,2.8,12.7,8.8,48316.0,17.9,87.1,18.4,1.0,0.4763,4.541953474458237
28087,Lowndes County,Mississippi,24426,13087,11096,0.5357815442561206,0.4542700401211823,0.0815115041349383,58187,37.0,50.15,43.97,1.1,2.24,16.94,3.4,1.1,6.0,15.9,1.9,12.2,8.5,54460.0,14.3,88.1,26.6,2.3,0.4892,4.764825966455619
28089,Madison County,Mississippi,55710,32333,22700,0.5803805420929815,0.4074672410698259,0.1729133010231556,110303,38.5,55.46,37.33,2.77,3.75,14.85,2.9,0.7,5.7,9.2,3.1,10.5,5.9,78794.0,8.1,92.2,48.9,4.4,0.5033,5.042587324459482
28091,Marion County,Mississippi,11188,7874,3215,0.70378977475867,0.2873614587057562,0.4164283160529138,24303,40.7,63.9,32.1,0.09,1.77,18.75,4.9,5.8,13.3,7.6,1.7,11.5,7.5,42320.0,15.6,82.5,12.5,0.9,0.4917,4.385659886891622
28093,Marshall County,Mississippi,14983,7977,6888,0.5324033905092438,0.4597210171527731,0.07268237335647071,33899,41.8,47.17,43.66,0.16,4.81,18.63,2.6,0.9,9.5,14.7,6.0,12.5,13.7,51875.0,15.8,81.6,14.5,2.3,0.4743,4.530186886967461
28095,Monroe County,Mississippi,16069,10861,5090,0.6758976912066712,0.3167589769120667,0.3591387142946045,33928,41.6,67.26,30.19,0.26,1.51,19.9,3.2,1.2,7.2,26.9,0.7,10.8,7.0,51231.0,12.7,85.3,16.4,0.9,0.4543,4.530558259451653
28097,Montgomery County,Mississippi,4424,2658,1737,0.6008137432188065,0.392631103074141,0.20818264014466553,9708,42.4,52.33,45.21,0.03,0.28,22.37,2.4,3.9,8.6,19.4,0.7,11.6,5.1,45057.0,18.9,81.4,20.6,0.2,0.5133,3.987129767659897
28099,Neshoba County,Mississippi,10861,8154,2622,0.7507595985636681,0.2414142344167203,0.5093453641469479,28927,37.7,57.76,21.44,0.6,0.88,16.73,4.6,3.5,6.2,11.7,1.2,12.8,5.6,53087.0,20.7,82.2,16.3,0.8,0.4626,4.461303395590466
28101,Newton County,Mississippi,9323,6641,2603,0.7123243591118739,0.2792019736136437,0.4331223854982302,21151,37.8,58.93,31.84,0.43,1.82,17.2,1.8,4.1,5.8,22.2,2.6,11.3,4.8,50426.0,15.0,85.9,17.5,1.1,0.4912,4.325330905243695
28103,Noxubee County,Mississippi,4449,1151,3269,0.2587098224320072,0.7347718588446842,-0.476062036412677,10136,39.9,25.39,73.85,0.03,0.19,17.59,3.7,12.2,8.5,13.8,1.3,15.9,5.7,38814.0,22.9,79.9,11.1,0.5,0.4799,4.005866601875385
28105,Oktibbeha County,Mississippi,18051,8901,8851,0.4931028751869702,0.4903329455431832,0.002769929643787028,51473,25.5,55.78,36.23,2.87,2.37,11.89,3.4,1.4,4.8,12.3,0.9,11.5,4.3,43482.0,14.3,91.0,45.8,4.7,0.5527,4.711579480965868
28107,Panola County,Mississippi,14422,8202,6061,0.568714464013313,0.4202607127998891,0.14845375121342397,32965,39.7,46.98,48.07,0.35,2.04,17.09,4.5,2.3,6.9,16.8,3.6,8.4,8.7,43990.0,18.9,83.7,15.5,0.9,0.4636,4.518053080079722
28109,Pearl River County,Mississippi,24671,20438,3982,0.8284220339670058,0.1614040776620323,0.6670179563049734,56781,41.1,80.39,12.33,0.39,4.11,19.28,3.2,2.4,10.6,9.2,1.2,15.3,7.2,56535.0,12.4,87.8,16.0,1.5,0.4447,4.7542030368453085
28111,Perry County,Mississippi,5539,4425,1078,0.798880664379852,0.1946199675031594,0.6042606968766926,11459,42.9,77.58,15.82,2.31,1.75,19.01,2.9,3.6,11.4,11.3,0.8,11.6,6.5,50435.0,15.2,88.7,11.4,3.1,0.3974,4.059146719426198
28113,Pike County,Mississippi,15485,7943,7402,0.5129480142072974,0.4780109783661608,0.03493703584113661,39930,37.1,42.0,54.09,0.56,1.64,17.47,3.1,3.9,3.2,16.7,0.7,11.2,10.6,41578.0,24.4,83.0,15.9,0.6,0.5153,4.601299310194338
28115,Pontotoc County,Mississippi,14068,11740,2214,0.8345180551606483,0.1573784475405175,0.6771396076201308,31312,35.7,75.17,14.77,0.0,6.86,15.19,1.9,0.6,5.6,26.7,1.3,12.0,6.1,52741.0,10.7,78.9,17.7,3.1,0.4247,4.495710808313926
28117,Prentiss County,Mississippi,10381,8581,1727,0.826606299971101,0.1663616221943936,0.6602446777767075,24999,37.9,80.15,11.42,2.42,1.51,17.4,2.0,0.8,6.0,25.7,3.5,12.5,10.7,51466.0,10.9,83.9,18.6,1.9,0.4811,4.397922636545316
28119,Quitman County,Mississippi,2677,902,1725,0.3369443406798655,0.6443780351139335,-0.30743369443406804,5908,41.0,24.97,72.22,0.15,0.44,18.23,6.1,2.1,5.1,10.8,1.7,7.7,12.1,32131.0,24.9,76.8,15.2,0.1,0.4807,3.771440486639912
28121,Rankin County,Mississippi,69678,50896,18060,0.7304457648038118,0.2591922845087402,0.47125348029507164,158218,39.4,72.11,21.64,1.13,3.21,16.33,2.6,0.9,6.9,7.9,2.9,11.3,6.2,77454.0,6.3,90.3,32.8,2.6,0.4186,5.199255890387837
28123,Scott County,Mississippi,9891,6098,3729,0.6165200687493682,0.3770094024871095,0.23951066626225864,27754,37.2,50.29,33.48,0.16,14.84,15.94,2.4,3.0,9.7,32.0,1.9,12.9,3.4,48492.0,14.7,78.7,12.1,4.6,0.4757,4.443325583953745
28125,Sharkey County,Mississippi,1766,551,1201,0.312004530011325,0.6800679501698754,-0.3680634201585504,3848,36.6,25.57,73.67,0.0,0.52,18.76,5.8,13.5,5.6,2.1,2.2,18.5,11.2,35741.0,27.2,81.0,15.4,0.0,0.4941,3.5852350633657752
28127,Simpson County,Mississippi,11094,7552,3479,0.6807283216152875,0.3135929331170002,0.3671353884982873,25817,41.0,61.24,35.47,0.46,1.69,18.68,2.7,4.7,10.1,12.1,2.9,11.3,6.1,54111.0,14.8,81.7,16.5,1.4,0.4713,4.411905774756818
28129,Smith County,Mississippi,7676,6146,1486,0.8006774361646691,0.1935904116727462,0.6070870244919229,14193,42.9,73.81,24.1,0.18,0.66,20.75,2.1,6.1,6.2,18.9,1.4,10.1,13.0,51396.0,17.0,82.3,14.0,0.6,0.4494,4.152074202768228
28131,Stone County,Mississippi,7919,6214,1620,0.7846950372521783,0.2045712842530622,0.5801237529991161,18515,39.3,76.55,17.98,0.41,2.46,17.44,4.2,2.0,11.7,11.2,0.2,16.6,5.8,59307.0,17.0,88.0,14.6,0.9,0.4285,4.267523716385462
28133,Sunflower County,Mississippi,7876,2515,5312,0.3193245302183849,0.6744540375825292,-0.3551295073641443,25328,37.6,23.44,73.03,0.17,2.55,14.77,5.3,6.7,5.3,12.3,2.0,11.4,5.6,40265.0,23.2,75.8,16.9,1.3,0.4768,4.403600897518281
28135,Tallahatchie County,Mississippi,5012,2333,2630,0.4654828411811652,0.5247406225059856,-0.05925778132482046,12363,38.4,36.16,62.08,0.04,0.52,17.08,5.3,4.8,5.3,23.2,0.8,8.6,7.3,37383.0,21.5,81.1,11.9,0.4,0.4664,4.092123869244251
28137,Tate County,Mississippi,12861,9185,3555,0.7141746364979396,0.2764170748775367,0.43775756162040286,28135,38.5,66.47,29.93,0.07,3.08,16.46,3.0,2.0,8.8,9.8,2.4,9.1,14.2,63995.0,14.8,84.5,20.9,1.0,0.4189,4.449246919490012
28139,Tippah County,Mississippi,9591,7984,1547,0.8324470858096131,0.1612970493170681,0.671150036492545,21621,39.7,76.03,14.72,0.17,5.07,17.01,3.1,1.8,9.4,21.7,1.6,14.6,10.4,51141.0,15.3,81.8,16.4,2.3,0.4598,4.334875776779104
28141,Tishomingo County,Mississippi,9050,8064,921,0.891049723756906,0.1017679558011049,0.7892817679558012,18738,43.5,91.64,1.16,0.3,3.08,20.92,1.6,0.8,7.3,32.7,1.6,8.5,6.6,46257.0,12.5,83.3,16.4,1.5,0.4827,4.272723234613842
28143,Tunica County,Mississippi,2668,799,1837,0.2994752623688156,0.6885307346326837,-0.38905547226386805,9586,34.7,18.21,79.6,0.0,2.4,13.85,8.0,5.4,1.5,8.2,0.3,12.4,13.4,38402.0,22.0,81.9,16.1,0.7,0.5134,3.981637424655769
28145,Union County,Mississippi,12478,10559,1807,0.8462093284180157,0.1448148741785542,0.7013944542394615,28009,38.4,76.93,16.14,0.11,4.79,16.47,2.2,3.6,8.3,27.6,1.7,12.2,5.5,56807.0,10.6,78.6,17.1,2.5,0.4426,4.447297603567068
28147,Walthall County,Mississippi,6529,4114,2355,0.6301118088528105,0.3606984224230357,0.2694133864297748,13864,41.4,53.09,40.84,0.24,1.79,20.34,2.9,8.6,7.9,22.1,2.2,8.3,9.1,45444.0,12.7,80.0,13.2,1.4,0.5072,4.14188854970586
28149,Warren County,Mississippi,18298,9407,8683,0.5140999016285933,0.4745327358181222,0.039567165810471094,43623,40.3,46.68,48.96,0.69,2.06,18.13,3.1,0.9,10.1,10.0,1.8,10.1,7.5,56648.0,14.5,88.1,26.5,1.4,0.4788,4.639715529162084
28151,Washington County,Mississippi,14540,4649,9735,0.3197386519944979,0.6695323246217332,-0.34979367262723526,43674,38.3,24.27,72.15,0.8,1.5,17.56,4.7,4.6,3.2,11.3,1.7,15.9,6.9,40117.0,21.6,79.2,20.5,0.8,0.5061,4.640222969763638
28153,Wayne County,Mississippi,9119,6013,3028,0.659392477245312,0.3320539532843513,0.32733852396096075,19699,39.1,56.69,37.15,0.1,3.79,17.66,4.2,6.4,8.0,22.0,2.3,14.4,4.6,36791.0,15.2,84.0,16.7,4.3,0.52,4.294444180196873
28155,Webster County,Mississippi,5095,4195,872,0.8233562315996075,0.1711481844946025,0.6522080471050049,9942,40.3,79.0,18.56,0.52,1.79,18.74,4.0,5.1,5.7,16.2,1.9,11.3,5.3,59964.0,9.6,84.2,20.1,0.7,0.4038,3.9974737588029803
28157,Wilkinson County,Mississippi,2931,1075,1817,0.3667690208120095,0.6199249402934153,-0.25315591948140576,8376,39.1,28.25,67.19,0.0,0.9,18.86,2.8,1.0,7.4,5.4,0.4,16.0,6.7,35930.0,23.4,87.5,11.6,0.0,0.5058,3.923036668670786
28159,Winston County,Mississippi,8384,4922,3392,0.5870706106870229,0.4045801526717557,0.18249045801526725,17609,42.3,49.66,47.24,0.07,0.52,21.13,4.0,6.7,6.1,19.8,2.0,11.1,6.2,49071.0,25.4,83.6,18.6,0.2,0.4936,4.245734693456585
28161,Yalobusha County,Mississippi,5878,3518,2289,0.5985028921401837,0.3894181694453896,0.2090847226947941,12439,42.4,58.93,36.65,0.14,1.62,21.43,3.4,1.3,11.1,18.5,1.2,5.1,9.0,49171.0,15.5,84.2,12.3,0.3,0.4356,4.094785467819558
28163,Yazoo County,Mississippi,8971,4558,4342,0.5080815962545981,0.484004012930554,0.02407758332404414,26837,38.4,39.33,58.11,0.05,5.35,14.02,3.9,5.4,4.8,13.9,3.4,8.3,9.4,40974.0,23.2,74.7,13.3,3.5,0.4747,4.428733966181565
29001,Adair County,Missouri,10234,6771,3334,0.6616181356263435,0.3257768223568497,0.33584131326949385,25224,29.8,88.9,4.2,1.88,2.86,15.16,2.6,4.3,5.4,10.5,1.4,12.3,3.8,56583.0,8.8,92.7,35.0,4.3,0.5754,4.401813957739848
29003,Andrew County,Missouri,9846,7407,2312,0.7522851919561243,0.2348161690026406,0.5174690229534837,18086,42.1,93.75,0.9,0.72,2.48,20.58,2.5,3.3,9.8,17.2,1.9,10.3,6.4,74007.0,4.7,94.0,26.9,1.2,0.4098,4.257342526505176
29005,Atchison County,Missouri,2713,2152,529,0.7932178400294877,0.19498709915223,0.5982307408772577,5216,47.7,94.31,0.36,0.17,1.8,25.25,1.4,10.6,5.5,10.6,0.8,11.1,11.2,59260.0,9.9,91.8,22.0,0.7,0.4412,3.717337582723864
29007,Audrain County,Missouri,10519,7699,2688,0.7319136800076053,0.2555375986310486,0.4763760813765567,24688,40.3,89.12,4.73,0.45,3.11,18.56,2.3,4.9,2.4,15.8,1.8,11.3,9.2,56232.0,10.8,88.4,16.1,1.6,0.4403,4.392485908719073
29009,Barry County,Missouri,16160,13138,2873,0.8129950495049505,0.1777846534653465,0.635210396039604,34831,43.0,81.91,0.26,1.87,9.97,21.87,2.3,4.6,9.8,24.7,1.6,10.9,5.4,56611.0,11.7,85.2,13.4,4.3,0.4669,4.541965943256615
29011,Barton County,Missouri,6014,5159,820,0.8578317259727303,0.1363485201197206,0.7214832058530096,11685,40.6,92.08,0.21,0.02,2.76,20.82,2.2,10.0,6.7,15.4,2.7,11.9,4.0,49503.0,16.8,86.1,18.0,0.4,0.4446,4.067628716728246
29013,Bates County,Missouri,8340,6702,1563,0.8035971223021583,0.187410071942446,0.6161870503597123,16121,40.8,93.16,2.13,0.4,2.39,19.24,3.5,8.1,14.4,9.8,1.4,14.4,6.3,57914.0,13.5,89.0,15.3,0.9,0.4312,4.207391977978488
29015,Benton County,Missouri,10769,8526,2166,0.7917169653635435,0.2011328814188875,0.590584083944656,19887,54.4,93.15,0.9,0.15,1.9,31.09,1.7,3.6,13.6,12.5,0.8,12.9,5.2,52200.0,11.9,89.1,15.2,0.9,0.4553,4.2985692737371926
29017,Bollinger County,Missouri,6161,5365,756,0.8708001947735757,0.1227073527024833,0.7480928420710924,10591,44.3,94.51,0.61,0.06,1.57,20.68,2.9,3.8,16.7,17.3,2.2,13.4,3.4,57286.0,7.6,86.2,14.2,0.2,0.397,4.024936968037443
29019,Boone County,Missouri,89978,39673,48452,0.4409188912845362,0.5384871857565182,-0.09756829447198201,185874,32.2,77.92,9.54,4.66,4.38,13.09,2.5,1.1,5.3,6.2,1.7,9.8,4.1,69913.0,7.6,94.6,51.0,6.5,0.4734,5.269218645036936
29021,Buchanan County,Missouri,35737,22606,12598,0.6325656882222906,0.352519797408848,0.28004589081344267,83855,38.9,82.26,5.74,1.2,7.04,17.09,2.7,1.0,5.6,20.0,2.0,11.7,6.6,59423.0,12.0,89.8,23.3,3.8,0.4775,4.923528963276861
29023,Butler County,Missouri,17859,14549,3160,0.8146592754353548,0.1769415980738003,0.6377176773615545,42166,40.5,87.37,4.61,0.7,2.36,19.26,2.7,2.5,8.8,14.0,1.5,17.4,6.5,49213.0,12.9,84.5,15.2,1.1,0.4554,4.624962404421975
29025,Caldwell County,Missouri,4703,3771,888,0.8018286200297682,0.188815649585371,0.6130129704443972,8890,42.7,93.15,1.18,0.34,2.16,20.01,2.6,5.7,8.6,13.8,1.8,12.6,8.9,62520.0,8.5,90.8,18.4,1.0,0.4212,3.9489017609702137
29027,Callaway County,Missouri,21447,15206,5926,0.709003590245722,0.2763090408915,0.432694549354222,44541,39.3,89.31,3.41,0.29,2.34,17.36,3.2,2.8,6.7,10.0,1.7,12.2,7.4,72645.0,8.7,90.7,25.4,1.0,0.4233,4.648759963250481
29029,Camden County,Missouri,25548,19597,5724,0.7670659151401283,0.2240488492249882,0.5430170659151401,43416,53.0,93.68,0.9,0.48,3.35,28.92,2.4,1.8,10.4,6.4,1.4,17.8,4.4,62927.0,9.2,92.4,24.5,1.9,0.4635,4.63764980857142
29031,Cape Girardeau County,Missouri,40336,29315,10561,0.7267701309004363,0.2618256644188814,0.4649444664815549,82180,37.0,85.41,8.09,1.44,2.85,17.25,1.9,1.6,5.1,9.5,2.9,12.0,4.1,68912.0,7.0,92.8,33.9,2.4,0.4604,4.914766136925852
29033,Carroll County,Missouri,4528,3708,789,0.818904593639576,0.1742491166077738,0.6446554770318023,8459,43.7,94.25,1.48,0.19,2.06,22.0,3.0,9.3,10.7,8.9,1.8,11.2,6.3,61712.0,7.1,89.7,20.2,0.3,0.4392,3.927319024959656
29035,Carter County,Missouri,2862,2488,364,0.8693221523410203,0.127183787561146,0.7421383647798743,5269,39.6,93.03,0.63,0.06,2.05,20.14,1.5,4.1,8.9,31.0,0.5,9.8,2.1,45083.0,12.6,85.2,13.3,0.9,0.4416,3.721728198572788
29037,Cass County,Missouri,59327,38792,19753,0.6538675476595817,0.3329512700793905,0.32091627758019114,109393,40.1,85.56,4.54,0.71,5.33,17.47,3.1,1.8,9.5,9.8,2.8,12.5,6.4,87413.0,4.7,93.7,28.8,1.6,0.4015,5.03898953261316
29039,Cedar County,Missouri,7187,6064,1060,0.8437456518714346,0.1474885209405871,0.6962571309308475,14440,44.5,93.82,0.44,0.0,2.06,23.61,1.2,2.5,10.9,11.8,1.1,19.8,4.4,45577.0,9.9,88.1,17.8,0.9,0.5185,4.15956719323362
29041,Chariton County,Missouri,4088,3179,875,0.7776418786692759,0.2140410958904109,0.563600782778865,7406,45.2,93.36,2.69,0.0,0.9,24.99,1.8,8.2,9.1,9.4,5.1,11.1,7.2,63307.0,6.7,91.3,19.4,1.3,0.4216,3.869583707713424
29043,Christian County,Missouri,50770,38379,11850,0.7559385463856608,0.233405554461296,0.5225329919243649,91229,39.3,92.28,0.78,0.83,3.58,16.31,2.3,1.0,7.9,7.6,2.5,12.2,6.4,81245.0,6.1,93.3,32.6,3.0,0.4264,4.960132914402738
29045,Clark County,Missouri,3333,2679,628,0.8037803780378038,0.1884188418841884,0.6153615361536153,6680,43.5,95.69,0.39,0.43,0.91,20.97,3.1,6.7,10.2,23.6,2.2,11.0,5.7,51458.0,5.3,90.0,12.3,0.6,0.4434,3.824776462475546
29047,Clay County,Missouri,130063,67688,60345,0.5204247172524085,0.4639674619222992,0.05645725533010926,255566,37.6,80.08,6.78,2.45,7.7,14.89,2.7,0.8,5.8,11.5,3.0,10.8,7.8,86150.0,5.8,94.4,36.0,5.5,0.4099,5.407503075642224
29049,Clinton County,Missouri,11228,8235,2855,0.7334342714641966,0.254275026718917,0.4791592447452796,21259,42.1,93.18,0.74,0.42,2.55,18.42,2.7,2.7,6.8,16.5,2.3,13.1,7.2,70625.0,8.3,93.7,22.7,1.3,0.4339,4.327542831932522
29051,Cole County,Missouri,40128,26686,12874,0.6650219298245614,0.32082336523126,0.34419856459330145,76924,39.7,80.99,11.24,1.62,3.54,17.54,1.9,0.7,7.9,7.2,1.9,11.5,4.6,73273.0,7.9,93.6,37.5,2.9,0.4208,4.886061859195677
29053,Cooper County,Missouri,8833,6393,2347,0.7237631608739953,0.2657081399298087,0.4580550209441866,16835,39.9,88.6,5.63,0.4,2.06,19.11,2.6,5.3,9.8,8.0,2.3,13.0,4.9,67548.0,8.2,90.7,24.0,0.9,0.4129,4.226213120724108
29055,Crawford County,Missouri,10829,8742,2007,0.8072767568565888,0.1853356727306307,0.6219410841259582,22890,42.3,93.92,0.6,0.12,2.3,20.73,3.0,3.0,8.6,18.5,1.0,12.8,5.5,56345.0,9.5,84.9,12.8,1.1,0.4633,4.359645792674543
29057,Dade County,Missouri,4185,3480,671,0.8315412186379928,0.1603345280764635,0.6712066905615293,7627,46.7,93.55,0.38,0.37,2.12,24.45,2.3,8.6,7.6,17.8,3.5,13.9,6.3,49899.0,10.3,91.0,15.2,1.8,0.46,3.882353746388714
29059,Dallas County,Missouri,8440,6907,1458,0.8183649289099526,0.1727488151658767,0.6456161137440759,17344,42.5,95.21,0.18,0.02,2.16,20.79,2.0,3.2,9.1,15.1,2.1,8.0,9.6,53177.0,17.0,90.3,14.8,0.8,0.4432,4.239149264858293
29061,Daviess County,Missouri,3925,3185,701,0.8114649681528663,0.1785987261146497,0.6328662420382166,8449,40.6,96.04,0.9,0.3,1.7,21.22,1.1,7.0,10.9,14.1,2.1,15.5,4.0,60665.0,8.5,85.7,18.4,0.8,0.4558,3.926805310111606
29063,DeKalb County,Missouri,4814,3885,870,0.8070211882010802,0.180722891566265,0.6262982966348152,11176,42.3,88.25,6.64,0.72,2.34,18.72,1.1,6.7,8.7,14.2,1.8,8.5,7.8,69093.0,5.8,88.9,14.8,1.7,0.39,4.0482863931061255
29065,Dent County,Missouri,7103,6013,1025,0.8465437139236942,0.1443052231451499,0.7022384907785443,14506,43.8,92.21,0.57,0.89,2.12,21.78,2.3,4.2,5.3,8.5,4.1,9.9,4.6,54306.0,8.4,85.6,18.1,1.8,0.42,4.161547673125727
29067,Douglas County,Missouri,7289,6242,996,0.856358896968034,0.1366442584716696,0.7197146384963644,11850,46.6,92.79,0.95,0.08,0.95,24.95,2.7,6.3,8.9,21.9,2.7,10.4,7.9,49828.0,11.6,83.6,15.5,1.0,0.5001,4.073718350346122
29069,Dunklin County,Missouri,10051,8096,1885,0.8054919908466819,0.1875435280071634,0.6179484628395184,27795,39.5,78.99,7.86,0.28,7.39,18.49,2.5,6.5,4.9,16.1,2.0,13.3,6.0,47368.0,14.8,80.0,12.6,2.6,0.4769,4.443966678374579
29071,Franklin County,Missouri,55454,40126,14694,0.7235907238431853,0.2649763768168211,0.4586143470263642,105316,41.4,89.8,0.83,0.46,2.22,18.53,2.7,1.2,11.4,20.0,2.0,11.6,4.5,71973.0,5.4,91.0,23.0,1.2,0.4149,5.022494355837401
29073,Gasconade County,Missouri,7996,6370,1555,0.7966483241620811,0.194472236118059,0.6021760880440221,14774,46.3,95.47,0.92,0.1,1.52,22.88,1.8,3.9,10.9,22.5,1.3,12.2,5.5,65096.0,7.9,89.9,18.6,0.6,0.4535,4.169498094684968
29075,Gentry County,Missouri,3292,2651,616,0.8052855407047388,0.1871202916160388,0.6181652490887,6224,40.5,96.1,0.37,1.21,1.8,18.73,1.6,12.0,5.8,14.1,0.7,10.1,6.0,57458.0,9.3,88.4,20.5,1.5,0.4493,3.7940695839816323
29077,Greene County,Missouri,143935,85956,55971,0.5971862298954389,0.3888630284503421,0.2083232014450968,301121,36.4,86.69,2.92,1.92,4.96,16.85,2.2,0.7,5.2,8.9,2.5,13.4,6.3,57488.0,8.7,93.3,32.4,3.7,0.4729,5.478741044008589
29079,Grundy County,Missouri,4400,3582,784,0.8140909090909091,0.1781818181818182,0.6359090909090909,9822,39.7,93.57,0.51,0.91,2.65,21.75,1.5,6.3,5.7,15.1,1.4,14.6,7.4,53839.0,11.1,85.4,15.9,1.1,0.5045,3.9921999297955852
29081,Harrison County,Missouri,3845,3293,534,0.8564369310793238,0.1388816644993498,0.717555266579974,8198,40.9,95.97,0.76,0.24,2.33,22.27,1.8,8.2,6.3,6.2,1.6,14.9,7.3,53364.0,9.9,90.7,17.6,1.4,0.417,3.913707913980483
29083,Henry County,Missouri,10932,8286,2535,0.7579582875960483,0.2318880351262349,0.5260702524698134,22194,44.1,92.97,0.72,0.23,2.93,22.27,3.0,3.1,10.3,11.3,1.1,14.7,6.4,56621.0,10.2,90.1,16.1,0.6,0.4684,4.3462355816990375
29085,Hickory County,Missouri,5120,4108,978,0.80234375,0.191015625,0.611328125,8501,55.2,94.99,0.13,0.53,1.69,32.42,4.8,1.8,10.2,9.9,2.9,17.2,5.0,35084.0,12.4,88.0,12.0,0.2,0.4441,3.9294700161774894
29087,Holt County,Missouri,2352,1982,357,0.842687074829932,0.1517857142857142,0.6909013605442178,4254,47.8,94.78,0.78,0.35,1.67,25.81,1.2,10.4,9.1,15.3,1.1,11.4,7.7,58516.0,4.7,92.4,20.5,1.3,0.4547,3.62879748556671
29089,Howard County,Missouri,4955,3534,1341,0.7132189707366297,0.2706357214934409,0.44258324924318876,10141,38.3,87.5,5.32,0.45,2.13,19.91,2.3,5.1,6.6,10.8,1.9,10.2,7.3,62628.0,7.9,89.6,28.0,1.1,0.4368,4.006080782716094
29091,Howell County,Missouri,18963,15733,3073,0.8296683014290988,0.1620524178663713,0.6676158835627275,40168,40.1,93.21,0.44,0.52,2.43,19.86,2.7,2.3,5.2,11.1,2.7,14.4,7.3,49814.0,15.9,85.9,17.5,1.3,0.4629,4.603880208366291
29093,Iron County,Missouri,4517,3644,824,0.8067301306176666,0.1824219614788576,0.624308169138809,9482,45.3,92.68,0.79,0.88,2.1,22.39,1.6,7.6,9.5,9.8,1.3,7.9,7.4,51161.0,15.4,85.9,18.3,0.8,0.4292,3.9768999509829377
29095,Jackson County,Missouri,317702,125610,187026,0.3953705044349737,0.5886837350724893,-0.1933132306375156,717021,36.9,62.74,22.51,1.79,11.07,15.54,3.2,0.5,6.9,8.8,2.5,10.7,6.7,67178.0,9.6,91.7,33.5,6.3,0.4577,5.855531875403593
29097,Jasper County,Missouri,53756,39084,13943,0.7270630255227324,0.2593756975965474,0.467687327926185,123532,36.6,85.25,1.78,1.39,9.53,15.84,2.6,1.2,5.6,16.9,3.0,12.4,6.2,57525.0,12.5,88.8,25.1,4.3,0.4521,5.091779472763749
29099,Jefferson County,Missouri,119287,80796,36965,0.6773244360240429,0.3098828874898354,0.3674415485342075,228227,40.2,90.01,1.07,1.03,2.54,16.11,2.4,0.7,10.3,12.3,2.8,11.7,5.3,80522.0,5.7,91.5,23.6,2.2,0.3951,5.358367021578141
29101,Johnson County,Missouri,23591,16298,6960,0.6908566826332075,0.2950277648255691,0.39582891780763846,54331,31.3,86.25,3.75,1.67,5.05,12.91,2.8,1.7,7.8,11.5,2.6,11.6,5.8,67123.0,6.8,93.1,29.1,2.8,0.402,4.735047698600537
29103,Knox County,Missouri,1810,1479,311,0.8171270718232044,0.1718232044198895,0.6453038674033149,3760,39.8,95.32,0.9,0.21,0.37,21.01,2.2,12.7,11.1,9.9,2.8,16.6,3.5,53333.0,7.1,82.9,16.9,0.3,0.4457,3.575187844927661
29105,Laclede County,Missouri,17076,14155,2756,0.8289412040290466,0.1613961115015226,0.6675450925275239,36245,39.6,91.46,0.72,0.68,2.85,17.96,3.3,2.6,4.8,28.6,2.8,11.0,5.2,50825.0,11.7,85.8,15.7,1.5,0.4443,4.559248104088254
29107,Lafayette County,Missouri,17244,12720,4294,0.7376478775226165,0.2490141498492229,0.48863372767339364,32974,40.9,91.64,1.74,0.62,3.32,18.92,1.4,2.8,8.6,10.6,2.1,11.7,9.5,79091.0,6.8,90.8,24.4,2.5,0.3839,4.518171633602262
29109,Lawrence County,Missouri,18417,15001,3248,0.814519194222729,0.1763587989357658,0.6381603952869632,38392,39.0,89.19,0.25,0.47,8.23,18.09,3.0,3.5,7.1,19.1,3.3,14.5,7.0,55849.0,12.0,85.5,16.6,3.5,0.4175,4.584240736924365
29111,Lewis County,Missouri,4484,3565,872,0.7950490633363069,0.1944692239072256,0.6005798394290813,9945,38.2,92.18,3.04,0.46,1.21,18.87,3.4,3.5,6.2,11.6,5.0,11.5,8.9,52340.0,8.0,87.5,16.5,0.9,0.4368,3.9976047874604546
29113,Lincoln County,Missouri,32129,24866,6908,0.7739425441190202,0.215008248000249,0.5589342961187712,61636,37.5,92.59,1.9,0.34,2.77,14.3,2.0,1.5,14.0,13.6,2.3,11.8,6.5,85276.0,6.9,91.1,18.4,1.0,0.395,4.789834446491947
29115,Linn County,Missouri,5684,4437,1183,0.7806122448979592,0.2081280788177339,0.5724841660802253,11850,42.4,95.06,0.68,0.43,2.87,21.22,1.6,5.4,7.3,15.9,0.4,8.6,9.7,61975.0,13.0,91.5,20.1,1.2,0.4478,4.073718350346122
29117,Livingston County,Missouri,6871,5395,1422,0.785184107116868,0.2069567748508222,0.5782273322660458,14330,39.9,92.09,2.95,0.68,1.91,19.94,1.5,4.1,7.0,12.6,2.0,13.3,5.7,60148.0,8.4,88.0,18.3,0.9,0.4457,4.156246190397344
29119,McDonald County,Missouri,9338,7843,1423,0.8399014778325123,0.1523880916684515,0.6875133861640609,23492,38.1,71.96,1.95,1.28,12.26,15.78,4.1,2.9,10.0,24.5,0.9,14.9,4.3,48145.0,14.4,81.3,13.4,10.6,0.434,4.370919992170919
29121,Macon County,Missouri,7838,6300,1481,0.8037764735902015,0.1889512630773156,0.614825210512886,15163,42.9,92.28,2.37,0.67,1.82,21.92,2.0,4.6,7.4,13.6,2.3,12.3,6.9,58318.0,8.8,91.7,18.5,1.0,0.4055,4.180785134973439
29123,Madison County,Missouri,5753,4721,986,0.8206153311315835,0.1713888406049017,0.6492264905266818,12665,41.4,94.24,0.39,0.36,2.65,19.0,3.9,3.3,7.2,15.5,3.0,12.2,6.1,58435.0,8.9,88.1,15.3,1.3,0.4583,4.102605194126567
29125,Maries County,Missouri,4786,3987,755,0.8330547430004179,0.1577517760133723,0.6753029669870456,8435,45.4,93.46,0.17,0.09,1.9,22.23,2.5,3.9,13.6,13.7,1.0,8.4,6.9,61359.0,8.9,86.1,16.0,1.5,0.4286,3.926085086925144
29127,Marion County,Missouri,13148,9991,3032,0.7598874353513843,0.2306054152722847,0.5292820200790995,28493,39.4,89.56,5.2,0.34,1.97,18.67,2.1,1.6,5.6,15.2,3.5,14.3,5.2,63908.0,9.6,90.4,25.7,0.7,0.4244,4.4547381780865685
29129,Mercer County,Missouri,1792,1545,235,0.8621651785714286,0.1311383928571428,0.7310267857142858,3501,40.8,92.74,0.26,1.03,4.43,21.71,1.3,19.2,5.2,20.2,0.3,11.5,2.1,60357.0,8.2,90.6,17.9,3.3,0.4104,3.5441921107650325
29131,Miller County,Missouri,13009,10826,2067,0.8321930970866324,0.1588899992313014,0.6733030978553309,25081,40.8,95.22,1.19,0.38,2.06,19.48,3.0,2.2,11.5,9.9,0.7,15.6,6.7,55172.0,9.2,89.5,21.0,1.3,0.4571,4.399344848180368
29133,Mississippi County,Missouri,4449,3404,1015,0.7651157563497415,0.2281411553158013,0.5369746010339402,12079,42.2,71.86,22.71,0.36,1.52,18.32,1.8,8.0,5.6,9.3,4.4,12.5,8.2,46258.0,18.9,81.9,14.1,1.0,0.4355,4.082030981267012
29135,Moniteau County,Missouri,7273,5877,1313,0.8080571978550805,0.1805307300976213,0.6275264677574591,15303,38.0,91.13,2.4,0.46,5.73,16.38,1.5,4.7,13.6,11.8,2.5,11.1,4.5,65161.0,6.0,86.5,17.2,2.4,0.4087,4.184776578250849
29137,Monroe County,Missouri,4376,3476,857,0.7943327239488117,0.1958409506398537,0.598491773308958,8672,45.8,92.93,4.04,0.1,1.74,24.68,0.8,8.6,6.8,18.7,1.4,12.2,6.8,48299.0,8.2,89.9,17.4,1.1,0.4476,3.9381192691943117
29139,Montgomery County,Missouri,5996,4776,1170,0.7965310206804537,0.1951300867244829,0.6014009339559707,11422,43.8,93.31,1.87,0.18,2.21,20.42,1.6,8.5,9.1,16.8,2.3,14.0,7.3,61042.0,9.9,88.5,16.5,0.8,0.4301,4.057742155828753
29141,Morgan County,Missouri,9733,7725,1914,0.7936915647796158,0.1966505702250077,0.597040994554608,21430,45.4,93.43,0.21,0.4,2.5,23.6,1.7,8.4,11.2,13.2,1.8,12.2,4.2,49663.0,12.9,80.1,14.9,0.8,0.503,4.331022171041829
29143,New Madrid County,Missouri,6811,5203,1561,0.7639113199236529,0.2291880781089414,0.5347232418147115,16041,41.8,76.45,12.72,0.29,1.78,19.56,1.8,5.8,4.8,12.0,2.6,13.7,8.0,49237.0,15.3,83.4,13.3,0.8,0.4696,4.205231438820003
29145,Newton County,Missouri,29083,22923,5867,0.7881924148127772,0.2017329711515318,0.5864594436612455,59490,40.2,82.24,0.94,1.59,6.44,18.66,2.9,2.3,7.9,18.6,1.8,11.5,6.3,64583.0,9.0,89.3,23.0,4.4,0.4476,4.774443968924965
29147,Nodaway County,Missouri,9682,6909,2674,0.7135922330097088,0.2761826068994009,0.43740962611030787,20959,33.9,93.12,2.01,1.51,2.1,17.33,1.7,7.5,6.5,15.5,1.8,13.2,4.2,55970.0,8.6,94.2,25.6,2.0,0.4321,4.321370557660815
29149,Oregon County,Missouri,4612,3884,696,0.8421509106678231,0.1509106678230702,0.6912402428447529,8704,44.6,93.67,0.08,0.32,1.31,22.83,2.1,6.7,6.1,12.7,2.2,14.5,9.3,44259.0,19.3,86.9,14.4,0.6,0.441,3.9397188823541045
29151,Osage County,Missouri,7725,6657,1009,0.8617475728155339,0.1306148867313916,0.7311326860841423,13379,40.8,97.79,0.16,0.01,1.05,17.76,1.1,4.9,8.3,14.4,2.4,11.3,5.1,75355.0,4.8,92.0,24.8,0.2,0.4878,4.126423653737339
29153,Ozark County,Missouri,4779,4044,698,0.8462021343377275,0.1460556601799539,0.7001464741577736,8773,51.9,94.2,0.44,0.0,1.9,28.95,2.5,5.8,9.9,14.7,3.2,10.6,8.1,42329.0,17.0,83.3,12.4,0.8,0.5371,3.943148129358563
29155,Pemiscot County,Missouri,5270,3917,1331,0.7432637571157495,0.252561669829222,0.49070208728652753,15232,38.9,66.28,24.91,0.2,3.0,17.77,5.1,7.1,2.8,16.1,0.7,10.5,5.4,40748.0,24.4,83.3,12.8,1.8,0.5218,4.182756931040399
29157,Perry County,Missouri,9823,7986,1757,0.812989921612542,0.1788659269062404,0.6341239947063017,18947,41.6,94.53,0.8,0.79,2.31,19.32,3.0,5.8,5.6,22.3,2.0,11.0,6.1,63356.0,5.5,87.9,22.1,1.6,0.4193,4.277540455117431
29159,Pettis County,Missouri,18877,13907,4703,0.7367166392964983,0.2491391640620861,0.4875774752344122,43205,37.9,85.71,2.48,0.68,9.57,17.14,2.5,3.6,7.2,18.3,3.8,12.2,5.3,60232.0,8.4,87.2,18.6,6.8,0.4302,4.635534009471285
29161,Phelps County,Missouri,19294,13658,5379,0.7078884627345289,0.2787913340935005,0.4290971286410284,44948,36.2,87.15,2.05,3.48,2.95,16.8,2.4,2.1,3.9,10.1,1.7,14.9,4.7,55427.0,7.9,91.6,31.5,4.3,0.4597,4.652710372191876
29163,Pike County,Missouri,7824,6151,1618,0.7861707566462167,0.2067995910020449,0.5793711656441718,17623,39.7,89.38,4.79,0.29,1.28,18.83,2.5,5.2,11.4,11.9,3.6,10.7,8.1,57572.0,12.0,87.3,16.6,1.2,0.4308,4.246079841223767
29165,Platte County,Missouri,57787,29381,27566,0.5084361534601208,0.4770277051932095,0.03140844826691136,108751,38.7,79.66,7.65,2.5,6.93,15.72,2.5,0.7,4.8,8.6,3.2,9.1,8.8,95748.0,4.9,96.7,45.6,5.9,0.4339,5.036433259120791
29167,Polk County,Missouri,15817,12691,2948,0.802364544477461,0.1863817411645697,0.6159828033128912,32109,38.9,92.96,0.82,0.79,2.8,18.11,1.9,5.2,6.7,10.3,2.4,12.5,5.6,56686.0,11.5,88.8,21.0,1.6,0.4386,4.506626780146239
29169,Pulaski County,Missouri,15545,11579,3765,0.7448697330331296,0.2422000643293663,0.5026696687037633,53850,27.5,72.68,10.45,2.15,11.49,9.6,2.3,0.7,9.2,8.1,2.3,12.5,3.8,66435.0,8.8,94.1,27.9,4.9,0.3936,4.731185707634
29171,Putnam County,Missouri,2380,2021,347,0.8491596638655462,0.1457983193277311,0.7033613445378151,4675,45.6,96.41,0.15,0.0,2.84,25.09,2.2,8.2,2.3,17.2,4.3,8.6,8.0,56875.0,5.7,93.9,19.3,1.4,0.4397,3.6697816152085365
29173,Ralls County,Missouri,5777,4575,1154,0.7919335295135884,0.1997576596849576,0.5921758698286308,10394,45.8,93.45,1.87,0.25,1.18,22.82,2.2,6.1,8.7,12.9,2.1,13.4,6.6,62054.0,9.6,91.1,17.5,0.3,0.4284,4.01678271248684
29175,Randolph County,Missouri,11025,8322,2571,0.7548299319727891,0.2331972789115646,0.5216326530612245,24524,40.1,88.88,4.97,0.33,2.43,17.11,2.5,2.4,4.5,13.7,2.7,18.1,9.7,55310.0,11.4,89.8,17.1,1.0,0.4235,4.389591307455197
29177,Ray County,Missouri,11662,8602,2927,0.7376093294460642,0.2509861087292059,0.48662322071685826,23149,42.2,93.21,1.18,0.29,2.78,18.76,1.3,2.1,7.9,16.4,4.3,13.2,6.7,72152.0,8.6,90.2,15.0,1.3,0.4411,4.364532234927959
29179,Reynolds County,Missouri,3057,2560,472,0.8374223094537128,0.1543997383055283,0.6830225711481844,6058,46.1,91.85,1.49,0.2,1.68,23.32,5.6,13.4,7.0,16.2,0.7,8.7,3.1,44357.0,15.5,80.6,15.4,0.2,0.4281,3.782329268996837
29181,Ripley County,Missouri,5804,5002,763,0.8618194348725017,0.1314610613370089,0.7303583735354928,10755,41.4,93.66,0.23,0.51,1.25,20.16,2.4,4.1,7.0,14.3,1.5,12.8,9.6,43898.0,15.6,83.7,12.9,1.2,0.4525,4.031610414723481
29183,St. Charles County,Missouri,226052,130588,92226,0.5776900890060694,0.4079857731849309,0.16970431582113854,409830,39.6,85.05,5.05,2.88,4.04,16.44,2.0,0.7,7.2,12.6,2.7,11.2,4.7,102912.0,3.0,95.5,42.4,4.3,0.4046,5.612603746055374
29185,St. Clair County,Missouri,4987,3982,959,0.7984760376980148,0.1922999799478644,0.6061760577501504,9451,47.2,93.56,0.78,0.24,2.15,25.81,1.2,7.2,10.2,5.5,2.5,11.7,11.2,46731.0,12.8,87.9,13.7,1.0,0.4343,3.9754777631658746
29186,Ste. Genevieve County,Missouri,9775,7031,2629,0.7192838874680307,0.2689514066496163,0.4503324808184144,18551,43.2,94.19,1.63,0.05,1.43,20.84,2.7,4.4,9.3,17.1,1.1,7.3,6.0,61310.0,6.4,92.7,18.4,0.3,0.4331,4.268367325421484
29187,St. Francois County,Missouri,28614,21521,6811,0.7521143496190675,0.2380303348011463,0.5140840148179212,66864,39.2,91.34,3.01,0.43,1.79,16.91,2.6,0.9,8.4,11.5,2.9,13.3,6.3,54813.0,13.3,86.7,16.0,1.5,0.4402,4.825192353799551
29189,St. Louis County,Missouri,502356,187982,305635,0.374200765990652,0.6084032041022701,-0.23420243811161812,996618,40.2,62.97,24.15,4.69,3.73,18.68,2.7,0.5,4.5,9.6,2.8,9.8,5.3,81340.0,6.7,94.4,46.9,8.1,0.4963,5.998528726734375
29195,Saline County,Missouri,9330,6498,2726,0.6964630225080386,0.2921757770632369,0.4042872454448017,23177,35.4,79.81,4.71,0.84,12.2,17.43,1.5,7.1,5.4,17.1,1.6,10.5,5.0,56566.0,9.9,87.6,26.0,6.1,0.4412,4.365057220766325
29197,Schuyler County,Missouri,1945,1588,334,0.8164524421593831,0.1717223650385604,0.6447300771208226,4044,38.8,94.56,0.1,0.49,1.66,18.87,2.5,7.8,5.2,11.6,1.3,11.3,5.5,56023.0,5.8,93.7,10.6,0.4,0.376,3.6068111469189637
29199,Scotland County,Missouri,1918,1537,358,0.8013555787278415,0.186652763295099,0.6147028154327425,4698,36.3,96.68,0.09,0.06,0.09,18.99,0.5,11.7,8.3,11.9,2.1,11.3,7.4,67568.0,6.5,78.4,14.5,1.0,0.4213,3.671913012441587
29201,Scott County,Missouri,17418,13786,3525,0.791480078080147,0.202376851532897,0.58910322654725,37967,39.4,82.47,11.24,0.21,2.54,18.42,1.9,2.5,5.7,14.4,3.5,11.4,7.2,58847.0,10.0,86.4,21.7,0.8,0.4765,4.579406282288107
29203,Shannon County,Missouri,4013,3364,625,0.8382756042860703,0.1557438325442312,0.6825317717418391,7137,45.5,92.69,0.24,0.36,0.52,22.56,1.4,6.7,12.3,12.6,1.0,9.5,8.6,59000.0,11.6,86.6,14.6,0.7,0.3931,3.853515696756929
29205,Shelby County,Missouri,3262,2691,550,0.8249540159411404,0.1686082158185162,0.6563458001226241,6011,43.6,94.38,1.25,1.16,2.23,21.68,0.6,9.1,10.1,14.4,1.6,8.6,6.2,52127.0,12.9,90.0,18.0,1.8,0.4411,3.778946727968617
29207,Stoddard County,Missouri,13599,11783,1736,0.866460769174204,0.1276564453268622,0.7388043238473418,28547,41.9,93.78,0.96,0.35,2.09,20.38,2.0,6.8,8.1,15.5,2.4,10.8,5.9,54067.0,11.2,82.4,16.4,0.6,0.4143,4.455560475037095
29209,Stone County,Missouri,19122,15357,3620,0.8031063696266081,0.1893107415542307,0.6137956280723774,31697,54.4,94.26,0.33,0.44,2.73,31.32,3.6,2.7,8.0,7.3,1.7,12.8,6.7,61323.0,10.1,91.8,23.0,1.4,0.4415,4.501018159848659
29211,Sullivan County,Missouri,2463,2035,408,0.8262281770198945,0.1656516443361754,0.6605765326837191,5903,44.2,83.38,2.47,0.75,17.8,20.55,1.3,9.0,4.2,26.0,0.8,11.9,4.9,55500.0,11.7,85.8,14.7,9.1,0.42,3.7710727832211948
29213,Taney County,Missouri,26811,21236,5329,0.7920629592331506,0.198761702286375,0.5933012569467756,56382,42.0,86.9,1.65,0.99,7.54,22.31,2.7,1.1,9.1,5.3,2.0,13.4,6.5,58258.0,10.2,90.7,25.4,3.2,0.465,4.751140477238993
29215,Texas County,Missouri,11525,9855,1589,0.8550976138828633,0.1378741865509761,0.7172234273318872,24956,42.8,90.08,2.18,0.29,2.36,20.85,2.3,6.9,8.1,13.1,0.4,12.5,7.4,48055.0,13.8,85.6,15.8,0.9,0.446,4.3971749769583255
29217,Vernon County,Missouri,8973,7112,1774,0.7926000222890895,0.1977042237824585,0.594895798506631,19713,41.7,94.64,0.77,0.71,2.5,20.4,2.2,8.3,8.7,11.9,1.2,13.7,4.0,54519.0,9.5,88.2,18.0,1.7,0.3939,4.294752721910178
29219,Warren County,Missouri,20094,14915,4970,0.7422613715536976,0.2473375136856773,0.49492385786802034,36467,40.8,90.11,2.14,0.5,4.0,17.88,2.4,1.1,13.3,14.8,3.2,12.2,7.3,77989.0,5.1,89.2,19.6,1.1,0.4136,4.561900037044633
29221,Washington County,Missouri,10235,8424,1747,0.8230581338544211,0.1706888128969223,0.6523693209574988,23483,40.2,92.31,1.92,0.15,1.04,17.45,1.9,5.2,12.5,15.9,2.4,10.7,4.2,51886.0,15.2,83.2,12.4,0.8,0.4944,4.3707535781045035
29223,Wayne County,Missouri,5847,5030,783,0.8602702240465195,0.133914828116983,0.7263553959295366,10942,48.2,93.57,0.38,0.25,1.03,24.32,3.5,5.6,9.5,13.2,2.6,11.0,7.8,43393.0,16.1,80.7,11.0,0.2,0.4568,4.03909671044145
29225,Webster County,Missouri,19808,15984,3653,0.8069466882067852,0.184420436187399,0.6225262520193862,39868,36.9,92.45,1.14,0.15,2.21,15.67,2.4,2.1,12.4,13.2,2.4,13.1,9.0,69731.0,11.3,88.5,18.6,1.4,0.4094,4.600624449588904
29227,Worth County,Missouri,1105,904,190,0.8180995475113122,0.171945701357466,0.6461538461538462,1956,49.0,96.83,0.1,0.0,1.89,25.61,0.7,17.3,10.9,7.8,1.9,14.8,4.4,46167.0,11.2,93.8,17.6,0.4,0.4531,3.291368850451583
29229,Wright County,Missouri,8978,7850,1057,0.8743595455558031,0.1177322343506348,0.7566273112051682,18722,41.2,93.21,0.19,0.43,2.46,19.78,2.1,5.2,8.6,16.1,1.4,13.9,6.0,47304.0,12.6,82.8,14.3,0.9,0.4254,4.272352240906794
29510,St. Louis city,Missouri,116082,19342,94458,0.166623593666546,0.8137178890784101,-0.6470942954118641,293109,36.6,45.71,43.11,3.42,5.12,14.88,3.3,0.4,3.8,8.7,2.0,9.0,5.4,55279.0,13.8,90.5,40.2,6.6,0.4949,5.467029153785854
30001,Beaverhead County,Montana,5794,4058,1543,0.7003797031411805,0.2663099758370728,0.4340697273041077,9590,43.4,92.3,0.62,0.27,4.92,23.7,1.6,14.9,8.2,5.4,2.3,9.2,2.2,58072.0,8.0,93.0,35.5,0.8,0.4357,3.9818186071706636
30003,Big Horn County,Montana,4470,2188,2112,0.4894854586129754,0.47248322147651,0.01700223713646537,12963,32.3,28.65,0.0,0.2,4.57,13.68,8.1,13.4,3.0,0.4,3.6,8.8,7.0,56680.0,18.1,88.5,20.9,0.5,0.4325,4.112705521030892
30005,Blaine County,Montana,3019,1526,1348,0.5054653858893673,0.4465054653858893,0.05895992050347798,6997,33.9,44.33,0.44,0.0,2.74,16.39,8.7,18.7,7.9,1.1,0.5,8.2,3.3,65050.0,13.9,90.6,25.8,1.1,0.4686,3.8449118739121406
30007,Broadwater County,Montana,4810,3770,885,0.7837837837837838,0.183991683991684,0.5997920997920998,7310,46.2,90.22,0.37,0.42,1.79,23.56,2.6,5.1,13.9,8.4,2.7,10.9,7.3,63636.0,7.0,91.0,26.3,1.4,0.4199,3.8639173769578603
30009,Carbon County,Montana,7297,4719,2353,0.6467041249828697,0.322461285459778,0.3242428395230917,10877,50.5,93.04,0.46,0.47,2.86,27.21,3.1,11.9,8.7,8.8,2.1,11.7,6.2,71017.0,4.9,96.7,30.3,1.2,0.4626,4.03650912853273
30011,Carter County,Montana,854,760,75,0.8899297423887588,0.0878220140515222,0.8021077283372365,1361,56.7,92.21,0.07,0.0,2.35,30.12,2.1,45.8,12.1,0.6,1.4,6.3,4.4,52171.0,8.9,93.3,20.3,0.4,0.3892,3.133858125203335
30013,Cascade County,Montana,37583,22419,14021,0.5965197030572333,0.3730676103557459,0.22345209270148741,84601,38.3,84.68,1.46,1.19,5.06,19.33,1.8,3.7,8.0,5.2,3.0,13.6,4.7,66203.0,7.5,93.9,28.7,1.9,0.4435,4.927375496513198
30015,Chouteau County,Montana,2934,1885,940,0.6424676209952284,0.3203817314246762,0.3220858895705522,5888,42.9,78.33,0.14,0.12,3.02,22.47,1.8,28.9,6.0,2.6,2.0,6.9,3.0,56927.0,9.9,92.3,22.6,1.1,0.4419,3.7699678013294426
30017,Custer County,Montana,5797,4208,1385,0.7258927031223047,0.2389166810419182,0.4869760220803865,11938,42.6,91.22,0.35,0.4,3.31,20.39,1.8,7.9,6.3,2.0,1.1,18.8,5.4,63585.0,5.6,94.7,29.8,1.6,0.4456,4.076931574555656
30019,Daniels County,Montana,951,778,154,0.8180862250262881,0.1619348054679285,0.6561514195583596,1524,48.7,89.57,0.26,0.85,1.57,28.94,0.9,20.7,6.9,4.5,1.3,11.0,0.5,58000.0,9.7,96.7,27.5,2.1,0.3843,3.1829849670035815
30021,Dawson County,Montana,4638,3627,894,0.7820181112548512,0.1927554980595084,0.5892626131953428,8874,43.5,93.31,0.05,0.03,3.38,20.66,2.1,10.2,8.2,4.6,2.2,11.6,13.0,70953.0,3.9,94.3,25.5,1.7,0.3993,3.948119424380536
30023,Deer Lodge County,Montana,4870,2329,2376,0.4782340862422998,0.4878850102669405,-0.009650924024640684,9512,49.6,90.64,0.32,0.69,3.36,25.46,2.7,4.9,10.7,3.8,4.8,9.9,2.9,49533.0,12.9,92.8,22.3,0.6,0.4252,3.9782718416106353
30025,Fallon County,Montana,1507,1303,163,0.8646317186463172,0.1081619110816191,0.7564698075646981,2817,37.2,92.79,0.04,0.0,0.57,20.23,0.0,31.8,9.9,0.3,0.0,10.2,7.3,72284.0,10.2,97.0,16.5,2.1,0.4872,3.4497868469857735
30027,Fergus County,Montana,6712,4965,1522,0.739719904648391,0.2267580452920143,0.5129618593563767,11581,45.3,93.23,0.64,0.88,2.21,24.67,2.2,16.6,9.7,4.8,2.8,11.7,6.9,59731.0,8.8,94.2,23.8,1.7,0.4323,4.063746061613443
30029,Flathead County,Montana,63140,41390,20062,0.6555273994298385,0.3177383592017738,0.3377890402280647,108445,42.1,91.42,0.25,0.85,3.5,20.77,1.9,4.1,11.3,6.7,1.4,13.2,3.5,71327.0,5.6,95.6,36.0,3.0,0.4495,5.03520953309094
30031,Gallatin County,Montana,69897,32695,34938,0.4677597035638153,0.4998497789604704,-0.03209007539665509,122194,33.8,89.67,0.49,1.28,5.13,13.28,1.7,3.3,11.7,6.2,2.3,12.7,2.7,87454.0,4.1,97.2,53.1,4.1,0.4724,5.087049881595039
30033,Garfield County,Montana,800,756,39,0.945,0.04875,0.89625,938,43.9,97.76,0.96,0.0,0.0,27.61,0.0,48.0,4.9,2.5,1.3,8.3,2.9,61750.0,12.8,96.4,21.3,0.0,0.4626,2.9722028383790646
30035,Glacier County,Montana,5078,1939,2933,0.3818432453721938,0.5775896022055927,-0.19574635683339897,13713,34.2,30.47,0.17,0.58,2.76,12.85,5.1,9.6,4.5,2.2,0.0,9.0,4.9,45129.0,22.0,85.6,18.1,0.7,0.4841,4.137132476008993
30037,Golden Valley County,Montana,515,440,67,0.8543689320388349,0.1300970873786407,0.7242718446601942,840,54.8,91.55,0.71,0.0,6.55,28.21,0.8,40.2,6.1,2.8,2.3,3.3,6.1,57353.0,9.4,89.1,19.0,0.6,0.4541,2.9242792860618816
30039,Granite County,Montana,2176,1537,579,0.7063419117647058,0.2660845588235294,0.44025735294117646,3419,53.9,92.72,0.73,0.64,1.93,30.92,3.2,18.5,6.9,6.4,2.5,13.4,2.4,54646.0,5.2,93.0,31.2,2.1,0.4768,3.5338991007965945
30041,Hill County,Montana,6804,3871,2634,0.5689300411522634,0.3871252204585538,0.18180482069370962,16260,34.0,68.81,0.29,0.2,3.39,15.94,2.6,7.6,5.7,0.7,2.9,11.6,9.0,55313.0,15.1,91.2,25.6,0.8,0.4428,4.211120541258049
30043,Jefferson County,Montana,8291,5544,2516,0.6686768785429984,0.3034615848510433,0.3652152936919551,12501,47.3,92.81,0.11,0.41,2.71,22.78,1.7,6.1,12.2,3.1,0.4,12.4,4.3,76576.0,2.7,94.0,32.7,2.2,0.432,4.09694475517694
30045,Judith Basin County,Montana,1353,1051,265,0.7767923133776792,0.1958610495195861,0.580931263858093,2053,50.9,91.72,0.0,0.0,5.89,28.35,0.9,35.5,4.9,1.2,2.2,8.5,4.6,55417.0,10.7,94.1,28.3,1.7,0.5063,3.312388949370592
30047,Lake County,Montana,16910,9880,6510,0.5842696629213483,0.3849793021880544,0.19929036073329393,32073,43.8,65.63,0.21,0.52,4.17,23.58,3.6,4.9,8.2,5.9,0.9,12.1,3.7,61965.0,12.0,93.0,30.5,2.3,0.4879,4.506139584266144
30049,Lewis and Clark County,Montana,42023,21479,19085,0.5111248601956072,0.4541560573971396,0.05696880279846761,72580,41.3,91.48,0.58,0.67,3.9,19.91,2.2,3.0,8.2,2.4,1.4,10.4,2.3,74543.0,4.4,94.9,42.8,1.9,0.443,4.860816963864537
30051,Liberty County,Montana,988,752,214,0.7611336032388664,0.2165991902834008,0.5445344129554656,1968,37.5,95.93,0.0,0.0,0.0,20.63,0.1,31.1,10.0,0.0,4.7,7.6,1.4,53264.0,18.5,81.1,27.3,1.8,0.4998,3.2940250940953226
30053,Lincoln County,Montana,11789,8909,2615,0.7557044702688948,0.2218169480023751,0.5338875222665197,20656,52.6,91.56,0.07,0.26,2.97,29.72,2.5,8.8,10.0,5.6,1.1,15.7,6.7,47018.0,9.0,91.9,18.0,3.4,0.4437,4.315046224922345
30055,McCone County,Montana,1082,931,129,0.8604436229205176,0.1192236598890942,0.7412199630314233,1818,52.4,91.25,0.0,2.64,0.0,28.71,1.6,34.9,4.5,1.2,2.4,7.0,9.1,71842.0,3.1,96.5,21.4,1.4,0.3877,3.2595938788859486
30057,Madison County,Montana,6461,4615,1689,0.7142857142857143,0.2614146416963318,0.45287107258938253,8975,54.1,92.64,0.0,0.8,3.53,30.55,0.8,13.5,11.4,8.2,1.2,9.3,3.2,67420.0,4.4,95.4,34.3,2.8,0.4127,3.953034457250357
30059,Meagher County,Montana,1172,888,256,0.757679180887372,0.2184300341296928,0.5392491467576792,1979,59.9,94.34,0.86,0.3,3.18,34.46,0.1,22.4,6.2,2.3,0.3,14.2,3.1,56215.0,16.1,95.5,28.5,2.7,0.4441,3.296445794206396
30061,Mineral County,Montana,2833,2049,689,0.723261560183551,0.2432050829509354,0.48005647723261563,4796,50.1,92.68,0.67,0.38,3.48,28.09,2.1,8.1,12.3,6.0,3.5,9.5,8.6,61117.0,11.7,93.3,26.6,1.6,0.452,3.6808791744268112
30063,Missoula County,Montana,72773,27306,42903,0.3752215794319322,0.5895455732208374,-0.21432399378890526,119639,37.0,87.63,0.6,1.62,4.93,16.63,3.1,2.9,6.1,4.0,2.1,12.2,5.9,71246.0,4.8,96.6,45.9,2.8,0.472,5.077872774333395
30065,Musselshell County,Montana,3012,2550,396,0.8466135458167331,0.1314741035856573,0.7151394422310757,5068,51.3,88.3,0.0,0.0,3.69,28.77,3.1,16.3,8.3,2.9,2.7,12.3,5.3,59010.0,10.7,90.4,21.9,1.9,0.4738,3.7048366062114035
30067,Park County,Montana,11717,6128,5224,0.5230007681147051,0.4458479132883844,0.07715285482632067,17484,46.2,92.15,0.19,0.3,3.36,24.19,1.8,3.9,12.6,8.0,0.8,8.6,3.1,66607.0,7.8,96.7,38.1,2.3,0.4793,4.242640797817615
30069,Petroleum County,Montana,324,284,37,0.8765432098765432,0.1141975308641975,0.7623456790123457,401,51.5,99.25,0.0,0.75,0.0,27.93,0.6,38.0,12.7,1.8,0.0,14.5,6.3,59318.0,2.3,98.8,27.1,1.0,0.4207,2.603144372620182
30071,Phillips County,Montana,2189,1753,385,0.8008222932846049,0.1758793969849246,0.6249428962996803,4224,44.9,83.26,0.38,0.0,1.37,23.67,2.0,30.4,3.7,0.0,1.0,8.5,3.7,58156.0,4.2,95.3,20.6,1.5,0.4401,3.625723909525756
30073,Pondera County,Montana,2852,1972,782,0.6914446002805049,0.2741935483870967,0.4172510518934082,6012,41.2,79.34,0.03,0.27,2.28,21.57,3.7,20.1,5.6,3.0,6.1,11.7,4.9,53500.0,14.9,86.8,19.5,1.7,0.4503,3.7790189719148706
30075,Powder River County,Montana,1106,963,131,0.8707052441229657,0.1184448462929475,0.7522603978300182,1762,48.6,88.48,0.0,1.53,1.7,31.61,0.7,28.0,9.2,0.9,1.5,7.1,4.9,68009.0,6.1,89.5,25.2,2.0,0.47,3.246005904076029
30077,Powell County,Montana,3282,2466,710,0.7513711151736746,0.2163315051797684,0.5350396099939062,7029,43.3,88.06,1.24,1.89,2.28,20.91,1.8,10.3,5.9,4.4,0.0,8.8,5.3,63432.0,1.8,93.1,19.0,1.8,0.4452,3.846893543316625
30079,Prairie County,Montana,688,546,122,0.7936046511627907,0.1773255813953488,0.6162790697674418,1251,49.1,89.77,0.0,3.92,0.8,33.89,0.6,36.7,6.8,3.1,0.0,2.3,6.2,45192.0,21.2,88.5,20.0,6.9,0.522,3.09725730969342
30081,Ravalli County,Montana,29904,20617,8485,0.6894395398608881,0.2837413055109684,0.40569823434991975,45807,48.9,90.67,0.36,0.55,3.97,26.47,1.8,4.0,11.4,6.0,2.8,11.6,6.1,71323.0,4.4,93.3,29.8,2.6,0.4385,4.660931849817797
30083,Richland County,Montana,5309,4387,778,0.8263326426822377,0.1465436051987191,0.6797890374835186,11329,38.0,90.6,0.25,0.27,5.48,17.16,2.6,16.2,10.5,5.4,3.0,10.6,8.1,69578.0,6.3,96.2,19.4,2.8,0.4563,4.054191576796431
30085,Roosevelt County,Montana,3914,2055,1680,0.525038323965253,0.4292284108329075,0.09580991313234544,10665,30.5,33.25,0.12,0.8,2.71,11.89,4.5,10.3,4.7,0.5,1.3,13.3,6.7,53125.0,25.4,91.8,19.9,1.1,0.4663,4.0279608597854475
30087,Rosebud County,Montana,3693,2466,1095,0.6677497969130788,0.2965069049553209,0.3712428919577579,8236,36.7,54.3,0.17,0.51,3.46,16.72,5.3,13.4,7.8,1.5,0.1,6.1,13.2,56430.0,15.9,91.4,18.9,1.5,0.4553,3.9157163379459936
30089,Sanders County,Montana,8069,6150,1705,0.762176230016111,0.2113025158012145,0.5508737142148965,12936,54.6,89.83,0.53,0.37,3.34,32.35,1.8,8.9,10.1,7.4,2.8,7.9,10.2,54035.0,10.1,92.2,21.6,1.8,0.4487,4.111800006898345
30091,Sheridan County,Montana,1912,1321,509,0.6908995815899581,0.2662133891213389,0.4246861924686192,3677,44.7,92.19,0.0,0.44,4.51,22.82,1.5,23.5,9.7,1.3,1.1,8.3,5.2,63654.0,6.9,91.5,24.7,2.0,0.5003,3.5654936298688624
30093,Silver Bow County,Montana,18226,8110,9386,0.4449687259958301,0.514978601997147,-0.07000987600131686,35589,40.3,90.89,0.12,0.32,4.61,19.24,2.5,4.4,8.1,4.6,3.1,11.5,8.0,57504.0,9.0,94.0,27.7,1.4,0.4847,4.5513157851214805
30095,Stillwater County,Montana,5906,4699,1056,0.7956315611242804,0.1788012190992211,0.6168303420250593,9052,47.4,93.28,0.1,0.36,3.37,24.96,2.1,20.5,8.7,6.8,1.4,8.7,5.4,81503.0,6.0,93.1,29.8,1.1,0.4601,3.956744545282691
30097,Sweet Grass County,Montana,2381,1789,525,0.751364972700546,0.2204955900881982,0.5308693826123478,3713,44.0,90.57,1.35,0.0,1.78,23.4,1.3,20.6,14.2,6.5,1.9,9.1,6.3,69426.0,3.7,96.4,23.1,1.1,0.4571,3.569724949226159
30099,Teton County,Montana,3568,2533,927,0.7099215246636771,0.2598094170403587,0.4501121076233184,6291,43.0,92.08,0.38,0.0,1.88,23.18,0.9,19.6,11.6,3.1,2.8,6.9,4.4,67766.0,4.3,90.9,25.9,0.4,0.4151,3.7987196851850062
30101,Toole County,Montana,2046,1571,415,0.7678396871945259,0.2028347996089931,0.5650048875855328,5028,38.8,84.9,1.85,0.99,4.32,17.44,2.2,13.2,4.3,1.7,0.1,11.3,7.8,53693.0,4.3,86.2,21.5,3.4,0.4462,3.7013952690139202
30103,Treasure County,Montana,442,367,57,0.830316742081448,0.1289592760180995,0.7013574660633485,761,53.4,93.69,0.0,1.31,5.65,22.6,0.8,40.6,2.3,0.0,2.3,4.8,14.1,73036.0,6.5,94.9,32.8,2.0,0.4859,2.8813846567705728
30105,Valley County,Montana,4079,3019,935,0.7401323853885756,0.2292228487374356,0.51090953665114,7540,43.2,84.93,0.61,0.05,2.56,24.31,2.0,16.7,7.3,1.0,2.4,11.5,9.2,64515.0,7.1,94.7,21.5,1.0,0.384,3.877371345869774
30107,Wheatland County,Montana,1086,843,209,0.7762430939226519,0.1924493554327808,0.583793738489871,2049,47.3,95.66,1.32,0.0,2.68,28.89,0.5,24.1,15.4,5.3,1.8,9.8,4.5,47054.0,16.6,92.6,17.8,1.4,0.4987,3.311541958401195
30109,Wibaux County,Montana,546,463,71,0.847985347985348,0.13003663003663,0.717948717948718,1148,44.2,93.64,0.87,0.09,6.01,23.69,0.0,21.6,10.6,2.4,0.8,7.7,7.3,64792.0,14.0,97.3,25.8,3.8,0.4149,3.059941888061955
30111,Yellowstone County,Montana,81391,50460,28392,0.619970266982836,0.348834637736359,0.271135629246477,167340,38.7,86.77,0.88,0.82,6.4,17.84,2.3,2.8,8.5,4.7,2.8,12.4,6.2,74400.0,7.3,95.3,33.9,1.8,0.4582,5.223599764649694
31001,Adams County,Nebraska,14364,10077,4100,0.7015455304928989,0.2854358117516012,0.4161097187412977,31034,38.8,85.23,1.36,1.02,12.05,18.47,1.5,5.9,6.4,14.7,2.4,12.0,4.8,65680.0,8.7,91.9,28.8,5.6,0.4631,4.491837755795883
31003,Antelope County,Nebraska,3447,3032,396,0.8796054540179866,0.1148825065274151,0.7647229474905715,6302,42.7,94.86,0.94,0.36,3.76,23.99,1.1,22.6,8.5,5.5,3.8,11.2,4.6,63750.0,6.8,93.1,19.9,2.1,0.4085,3.799478398837981
31005,Arthur County,Nebraska,282,264,17,0.9361702127659576,0.0602836879432624,0.8758865248226951,540,40.5,92.59,0.0,0.0,0.56,19.26,0.0,45.8,5.1,3.8,3.8,8.9,1.7,67500.0,5.6,97.9,32.7,3.0,0.4114,2.7323937598229686
31007,Banner County,Nebraska,386,348,34,0.9015544041450776,0.0880829015544041,0.8134715025906735,657,56.6,92.69,0.0,1.07,4.41,28.77,2.2,35.6,1.2,0.6,0.6,9.8,3.1,71250.0,6.3,90.5,32.6,6.5,0.3672,2.8175653695597807
31009,Blaine County,Nebraska,291,250,37,0.8591065292096219,0.127147766323024,0.731958762886598,385,56.8,100.0,0.0,0.0,0.0,34.03,0.6,33.2,12.2,1.5,1.0,7.3,5.9,61250.0,6.6,96.0,25.6,0.0,0.5214,2.5854607295085006
31011,Boone County,Nebraska,3031,2499,496,0.8244803695150116,0.1636423622566809,0.6608380072583306,5366,43.2,95.21,0.02,0.32,3.86,23.52,0.9,22.2,5.5,9.2,2.2,12.6,6.3,71367.0,5.7,93.8,18.9,2.0,0.4266,3.7296506683359203
31013,Box Butte County,Nebraska,4931,3827,1043,0.7761103224498074,0.2115189616710606,0.5645913607787467,10754,40.7,84.69,3.39,0.94,12.28,20.22,1.1,5.7,4.1,11.8,1.1,10.2,17.6,68778.0,6.6,92.4,20.1,6.1,0.3903,4.031570032141101
31015,Boyd County,Nebraska,1075,938,132,0.8725581395348837,0.1227906976744186,0.7497674418604651,1704,54.9,92.25,0.29,0.0,3.93,33.8,1.5,15.5,7.4,7.7,3.0,12.0,15.1,58984.0,5.7,95.7,19.6,3.9,0.4221,3.2314695904306814
31017,Brown County,Nebraska,1642,1428,201,0.8696711327649208,0.1224116930572472,0.7472594397076736,2739,45.9,89.16,0.07,0.04,5.77,27.2,0.5,28.0,7.8,2.7,0.1,11.3,4.6,51538.0,11.1,92.3,21.2,4.1,0.5418,3.4375920322539613
31019,Buffalo County,Nebraska,23759,17064,6386,0.7182120459615303,0.268782356159771,0.44942968980175935,50323,34.6,87.76,0.9,1.63,10.37,15.99,2.0,4.2,7.4,10.8,3.3,13.4,4.7,74570.0,6.2,93.5,34.6,4.8,0.4385,4.701766523625792
31021,Burt County,Nebraska,3656,2632,983,0.7199124726477024,0.2688730853391685,0.45103938730853393,6730,44.8,91.58,0.45,0.42,3.24,24.5,1.6,13.6,11.1,9.1,2.9,8.8,5.9,57303.0,9.1,92.2,25.7,0.5,0.4538,3.828015064223977
31023,Butler County,Nebraska,4587,3642,906,0.7939829954218444,0.197514715500327,0.5964682799215173,8413,42.7,90.81,0.29,0.0,5.99,20.42,0.8,9.8,5.9,17.4,2.5,8.4,7.5,82603.0,3.9,91.8,25.2,2.5,0.4792,3.924950888915611
31025,Cass County,Nebraska,15755,10685,4824,0.6781973976515392,0.3061885115836242,0.372008886067915,26963,41.0,92.27,0.16,0.29,3.94,18.33,1.3,3.1,10.4,6.9,2.1,12.7,8.6,88255.0,2.7,95.8,31.9,1.2,0.4009,4.430768211711994
31027,Cedar County,Nebraska,4912,4141,702,0.8430374592833876,0.142915309446254,0.7001221498371336,8344,41.9,95.88,0.16,0.23,2.43,21.92,1.0,16.1,7.5,11.0,2.7,8.7,4.9,73977.0,4.1,96.1,25.0,0.9,0.4149,3.9213742954184743
31029,Chase County,Nebraska,1866,1648,204,0.8831725616291533,0.1093247588424437,0.7738478027867095,3639,41.8,85.93,0.44,2.23,18.36,23.88,1.0,17.6,8.5,4.2,7.8,10.2,3.2,62782.0,5.8,88.5,24.1,6.7,0.469,3.5609820555862353
31031,Cherry County,Nebraska,3069,2687,349,0.8755294884327143,0.1137178233952427,0.7618116650374716,5468,43.5,85.57,0.97,1.15,3.0,21.98,0.3,19.3,9.1,2.4,2.3,8.6,3.4,63750.0,2.7,97.4,24.2,2.2,0.4131,3.7378285058957847
31033,Cheyenne County,Nebraska,4530,3692,787,0.8150110375275939,0.1737306843267108,0.6412803532008831,9478,42.0,92.0,2.07,0.65,8.34,21.37,1.9,9.0,4.9,7.7,1.8,13.9,11.1,57594.0,6.6,92.9,22.1,1.5,0.4511,3.9767167043633824
31035,Clay County,Nebraska,3310,2677,577,0.808761329305136,0.1743202416918429,0.6344410876132931,6084,40.1,90.89,0.67,0.03,9.37,20.58,1.0,15.4,6.9,9.4,4.8,9.6,4.8,75938.0,5.8,94.1,22.9,2.3,0.4302,3.7841892053809607
31037,Colfax County,Nebraska,3516,2636,845,0.7497155858930603,0.24032992036405,0.5093856655290103,10541,35.0,51.73,3.41,0.02,47.27,13.49,1.1,11.0,2.9,37.6,4.1,6.9,5.6,79720.0,3.8,76.7,14.1,28.8,0.3997,4.022881813332031
31039,Cuming County,Nebraska,4445,3536,867,0.7955005624296962,0.1950506186726659,0.6004499437570303,8976,40.8,86.94,0.43,0.22,12.2,21.28,1.5,14.5,7.3,12.0,4.2,7.3,4.4,70708.0,4.8,92.1,24.8,6.6,0.4137,3.953082843912086
31041,Custer County,Nebraska,5886,5042,786,0.8566089024804621,0.1335372069317023,0.7230716955487597,10544,42.3,93.96,0.51,0.11,3.76,22.26,1.9,19.6,7.7,9.7,2.5,9.0,6.3,66310.0,5.3,94.0,25.6,2.0,0.4374,4.023005397249935
31043,Dakota County,Nebraska,6120,3934,2109,0.6428104575163399,0.3446078431372549,0.298202614379085,21331,32.1,47.73,8.12,2.81,41.16,12.97,3.1,2.6,7.8,28.9,2.1,8.9,6.2,71655.0,8.9,81.1,15.1,23.6,0.3812,4.329011215707369
31045,Dawes County,Nebraska,3868,2812,992,0.7269906928645294,0.2564632885211996,0.47052740434332985,8212,35.2,88.61,1.35,1.0,4.76,19.41,1.0,9.1,6.3,2.8,0.3,8.3,4.9,54381.0,6.8,95.7,35.2,0.8,0.4107,3.9144489406985543
31047,Dawson County,Nebraska,8491,6312,2101,0.7433753385938052,0.2474384642562713,0.4959368743375339,24020,35.8,62.03,6.98,0.58,36.3,16.42,1.3,10.9,8.7,23.4,1.8,9.8,6.7,65383.0,8.9,77.8,17.5,22.4,0.449,4.380573003066887
31049,Deuel County,Nebraska,1012,843,151,0.8330039525691699,0.1492094861660079,0.683794466403162,1865,50.7,90.29,0.0,0.48,10.08,26.38,1.8,15.7,5.2,4.2,4.6,11.8,7.3,61438.0,6.9,91.3,22.5,0.4,0.4951,3.2706788361447066
31051,Dixon County,Nebraska,2895,2271,573,0.7844559585492228,0.1979274611398963,0.5865284974093266,5561,42.1,83.65,0.29,1.02,15.07,21.2,1.5,8.8,7.0,19.1,1.7,7.2,6.4,69156.0,4.7,84.3,23.7,7.8,0.4754,3.7451528950769
31053,Dodge County,Nebraska,16443,10795,5434,0.6565103691540474,0.3304749741531351,0.3260353950009123,37146,38.9,86.03,0.52,0.43,17.09,19.02,2.0,3.1,8.6,17.0,3.3,10.6,5.3,71294.0,6.9,89.2,21.5,6.7,0.3931,4.569912054396548
31055,Douglas County,Nebraska,273403,120919,148733,0.4422738594675259,0.5440064666444772,-0.10173260717695126,585461,35.5,70.83,10.59,4.21,14.12,13.75,2.7,0.9,7.2,8.4,2.3,9.9,5.6,79081.0,7.2,91.5,42.2,10.2,0.4824,5.76749797020442
31057,Dundy County,Nebraska,929,829,96,0.8923573735199138,0.1033369214208826,0.7890204520990313,1811,45.6,96.13,0.33,0.0,2.43,24.74,0.2,23.6,8.3,3.9,6.0,9.4,2.5,56563.0,8.8,95.2,23.3,0.8,0.4489,3.2579184503140586
31059,Fillmore County,Nebraska,3013,2315,662,0.76833720544308,0.2197145701958181,0.548622635247262,5551,46.3,94.78,0.27,0.16,3.68,23.76,0.4,12.8,7.6,10.8,4.1,11.5,6.5,76354.0,5.8,94.7,21.9,1.0,0.4809,3.7443712273318606
31061,Franklin County,Nebraska,1600,1351,236,0.844375,0.1475,0.696875,2868,49.0,94.32,0.24,0.03,3.14,27.86,1.9,21.4,4.9,6.9,5.1,10.0,8.7,57692.0,10.1,94.2,20.0,0.5,0.4923,3.4575791469957626
31063,Frontier County,Nebraska,1410,1213,185,0.8602836879432624,0.1312056737588652,0.7290780141843972,2562,42.8,93.25,1.17,0.0,3.75,25.45,2.3,16.2,9.0,5.1,1.7,11.9,5.0,68207.0,10.3,92.9,26.1,2.0,0.3801,3.4085791254086675
31065,Furnas County,Nebraska,2413,2043,358,0.8466639038541235,0.1483630335681724,0.6983008702859511,4605,46.4,94.57,0.28,0.11,5.06,25.49,0.7,17.7,7.2,7.2,1.2,11.0,6.8,60625.0,8.1,90.6,22.3,1.5,0.4366,3.663229634532868
31067,Gage County,Nebraska,10916,7523,3242,0.6891718578233785,0.2969952363503114,0.39217662147306714,21646,42.8,94.77,0.97,0.59,3.21,21.87,0.9,4.8,7.4,16.1,2.1,11.8,6.0,64426.0,9.0,92.8,22.1,1.5,0.4306,4.33537765411083
31069,Garden County,Nebraska,1117,949,162,0.8495971351835273,0.1450313339301701,0.7045658012533572,1620,54.1,94.81,0.06,0.25,3.27,31.85,1.3,19.8,11.1,0.9,4.5,6.5,7.0,44777.0,6.3,95.2,20.7,0.4,0.4464,3.2095150145426308
31071,Garfield County,Nebraska,1015,893,116,0.8798029556650246,0.1142857142857142,0.7655172413793104,1797,45.0,97.38,0.39,0.0,2.11,27.6,1.2,15.6,3.3,6.3,2.1,8.4,0.9,68611.0,8.3,95.4,32.7,0.2,0.4519,3.2545480771089736
31073,Gosper County,Nebraska,1118,907,203,0.8112701252236136,0.1815742397137746,0.629695885509839,1929,49.2,95.02,0.0,0.0,6.38,25.25,1.1,23.9,4.5,7.1,2.7,11.7,3.9,79145.0,3.8,95.5,28.8,1.9,0.4043,3.2853322276438846
31075,Grant County,Nebraska,366,351,15,0.9590163934426228,0.040983606557377,0.9180327868852458,695,37.8,94.53,0.29,0.72,0.14,20.58,1.4,25.5,9.1,1.9,3.6,8.8,7.1,69063.0,6.1,92.6,29.4,3.5,0.4437,2.8419848045901137
31077,Greeley County,Nebraska,1235,1030,192,0.8340080971659919,0.1554655870445344,0.6785425101214575,2211,44.5,92.81,0.63,0.0,2.17,25.83,1.4,16.7,9.0,6.1,3.8,15.2,6.0,58894.0,7.4,93.5,18.4,1.2,0.3929,3.344588742578714
31079,Hall County,Nebraska,22804,15566,6956,0.6825995439396597,0.3050342045255218,0.3775653394141379,62431,36.0,68.21,3.6,1.1,31.34,15.43,2.3,2.9,9.3,21.0,1.7,13.3,5.7,67549.0,9.2,84.7,21.1,16.1,0.4528,4.795400291378569
31081,Hamilton County,Nebraska,5547,4416,1067,0.7961060032449973,0.1923562285920317,0.6037497746529655,9438,41.3,93.45,0.22,0.38,4.07,20.49,2.2,9.9,6.7,8.8,5.5,8.3,5.1,79884.0,4.1,97.1,29.6,1.0,0.3804,3.9748799730069306
31083,Harlan County,Nebraska,1802,1506,280,0.8357380688124306,0.1553829078801331,0.6803551609322975,3006,47.1,94.15,0.2,1.33,2.33,26.91,1.0,15.2,4.7,10.0,6.3,8.4,3.7,70536.0,5.0,92.5,24.2,2.7,0.4868,3.4779889762508893
31085,Hayes County,Nebraska,494,472,19,0.9554655870445344,0.0384615384615384,0.917004048582996,854,48.7,92.74,0.0,0.0,6.44,25.88,0.1,43.5,8.7,2.6,2.0,2.0,5.1,60313.0,9.2,94.7,15.9,5.4,0.4381,2.931457870689005
31087,Hitchcock County,Nebraska,1433,1269,152,0.8855547801814375,0.1060711793440335,0.779483600837404,2601,44.7,95.08,0.08,0.31,3.88,26.07,1.2,20.0,4.7,4.3,6.7,15.8,8.3,52016.0,12.1,93.2,19.8,1.0,0.445,3.4151403521958725
31089,Holt County,Nebraska,5442,4708,681,0.8651231165012863,0.1251378169790518,0.7399852995222345,10093,41.8,93.7,0.32,0.46,5.51,22.45,0.9,18.1,4.5,7.3,2.8,10.4,7.8,67225.0,8.3,93.0,27.0,2.7,0.457,4.004020273253242
31091,Hooker County,Nebraska,427,369,55,0.8641686182669789,0.1288056206088993,0.7353629976580796,613,44.8,87.11,1.79,0.0,0.0,27.57,2.4,20.2,7.3,2.5,0.0,10.1,10.4,45854.0,0.0,93.7,20.7,0.0,0.3865,2.787460474518415
31093,Howard County,Nebraska,3550,2868,642,0.8078873239436619,0.1808450704225352,0.6270422535211267,6492,42.3,93.42,0.51,0.0,2.99,22.18,2.2,10.4,4.7,10.0,4.4,13.0,7.1,74508.0,2.2,95.2,23.0,1.7,0.408,3.8123785111541943
31095,Jefferson County,Nebraska,3631,2614,968,0.7199118700082622,0.2665932250068851,0.4533186450013771,7155,44.7,93.36,0.63,0.03,5.3,24.67,0.6,15.0,6.7,10.0,3.7,9.4,9.4,60568.0,8.4,93.1,19.7,2.7,0.4003,3.8546096380957953
31097,Johnson County,Nebraska,2152,1496,625,0.6951672862453532,0.2904275092936803,0.4047397769516729,5263,40.1,79.92,4.66,1.06,11.69,18.43,1.0,6.3,8.7,10.6,1.3,12.4,6.8,59457.0,4.2,88.4,19.0,3.7,0.3763,3.7212333700172775
31099,Kearney County,Nebraska,3604,2828,736,0.7846836847946725,0.2042175360710321,0.5804661487236404,6697,40.3,93.09,0.03,0.61,6.48,20.07,1.0,12.8,6.7,11.0,3.1,9.9,7.8,79167.0,6.0,94.0,32.9,1.4,0.4512,3.8258802989361795
31101,Keith County,Nebraska,4199,3416,731,0.8135270302452965,0.1740890688259109,0.6394379614193856,8239,49.0,88.29,1.32,0.67,8.99,27.58,1.2,14.7,6.2,4.9,3.4,18.4,9.6,58132.0,5.9,90.8,21.3,2.5,0.4301,3.9158745028576916
31103,Keya Paha County,Nebraska,544,500,44,0.9191176470588236,0.0808823529411764,0.8382352941176472,939,49.0,93.82,0.11,0.0,3.62,24.81,0.8,32.3,17.9,4.4,0.2,8.8,2.1,60313.0,8.3,96.8,25.7,3.0,0.4638,2.972665592266111
31105,Kimball County,Nebraska,1720,1424,272,0.827906976744186,0.1581395348837209,0.6697674418604651,3348,48.5,87.1,1.31,0.39,9.92,27.24,0.1,7.2,9.2,22.5,0.1,8.7,7.3,59438.0,6.4,89.2,14.3,2.2,0.445,3.5247854493212225
31107,Knox County,Nebraska,4436,3593,786,0.8099639314697926,0.1771866546438232,0.6327772768259694,8362,44.5,86.06,0.6,0.43,2.79,25.39,2.4,17.3,6.3,7.7,3.2,12.2,4.5,64821.0,7.2,92.7,19.7,0.9,0.4235,3.9223101632143957
31109,Lancaster County,Nebraska,157633,74215,81012,0.4708087773499204,0.5139279211840161,-0.04311914383409571,323673,34.3,82.29,3.77,4.06,8.24,14.89,2.2,1.4,6.4,9.5,1.9,11.2,4.5,72625.0,6.7,93.5,41.1,8.5,0.4608,5.510106473143467
31111,Lincoln County,Nebraska,16464,12674,3586,0.7698007774538387,0.2178085519922254,0.5519922254616133,34122,42.4,89.5,0.84,0.81,9.08,20.52,1.9,5.6,6.7,2.2,1.6,13.7,16.0,64342.0,8.4,93.4,20.4,2.5,0.4162,4.533034478635811
31113,Logan County,Nebraska,440,409,25,0.9295454545454546,0.0568181818181818,0.8727272727272728,812,44.8,90.15,1.6,0.0,1.35,21.06,0.5,26.4,4.3,3.3,2.1,7.6,16.9,71650.0,6.5,98.2,26.7,0.5,0.5147,2.909556029241175
31115,Loup County,Nebraska,428,354,73,0.8271028037383178,0.1705607476635514,0.6565420560747663,564,47.1,86.17,0.0,0.0,9.4,26.95,0.0,27.8,9.5,3.5,2.8,5.1,2.2,60156.0,3.1,100.0,26.0,2.8,0.406,2.751279103983342
31117,McPherson County,Nebraska,283,267,12,0.9434628975265018,0.0424028268551236,0.9010600706713782,463,46.6,99.35,0.0,0.0,0.0,21.6,0.0,33.7,0.7,0.0,1.1,3.0,15.0,61316.0,2.7,96.4,24.4,2.4,0.376,2.6655809910179533
31119,Madison County,Nebraska,15690,12145,3360,0.7740599107711919,0.2141491395793499,0.559910771191842,35535,37.1,81.44,0.91,1.22,15.92,17.01,1.7,4.7,6.5,16.3,3.2,11.9,4.9,64637.0,6.9,92.2,23.5,7.2,0.4668,4.550656319778446
31121,Merrick County,Nebraska,4342,3551,730,0.8178258866881621,0.1681252878857669,0.6497005988023953,7696,42.8,92.55,0.06,0.9,5.42,21.24,0.4,9.5,8.0,10.9,2.8,9.7,4.5,62849.0,4.5,92.4,17.6,2.3,0.4304,3.8862650590297565
31123,Morrill County,Nebraska,2426,2026,366,0.8351195383347073,0.1508656224237428,0.6842539159109645,4544,41.3,85.3,0.09,1.06,14.48,21.35,2.5,11.5,9.6,4.9,2.5,7.8,11.6,59773.0,7.3,90.9,21.8,3.9,0.462,3.6574383227029625
31125,Nance County,Nebraska,1837,1462,352,0.7958628198149156,0.1916167664670658,0.6042460533478498,3342,43.6,95.06,0.33,0.12,2.33,21.01,2.0,18.3,8.6,5.5,0.8,12.8,6.7,65438.0,7.4,92.6,18.4,0.4,0.4242,3.5240064455573723
31127,Nemaha County,Nebraska,3418,2443,915,0.7147454651843184,0.2677004095962551,0.4470450555880633,7035,39.0,90.33,1.24,0.26,3.11,20.58,3.9,8.8,8.2,10.2,0.9,11.1,14.7,60132.0,6.8,89.4,29.2,1.0,0.481,3.8472641017707643
31129,Nuckolls County,Nebraska,2258,1836,399,0.8131089459698848,0.1767050487156776,0.6364038972542072,4089,50.5,94.25,0.2,0.0,3.45,28.34,0.6,16.2,5.7,4.1,2.7,14.9,8.9,70201.0,3.2,92.1,26.6,1.4,0.4577,3.6116171105543358
31131,Otoe County,Nebraska,8198,5651,2463,0.6893144669431569,0.3004391314954867,0.3888753354476702,16075,41.8,88.34,0.8,0.08,8.28,20.44,1.9,6.2,5.3,13.1,3.3,7.6,8.8,81430.0,8.4,93.5,27.2,6.6,0.4336,4.206150981596259
31133,Pawnee County,Nebraska,1379,1085,284,0.7868020304568528,0.2059463379260333,0.5808556925308195,2539,47.1,95.39,0.24,0.0,1.85,28.36,1.0,15.5,10.7,17.7,5.6,6.2,3.2,54926.0,8.7,87.9,20.4,0.8,0.4402,3.4046627008737222
31135,Perkins County,Nebraska,1426,1224,187,0.8583450210378681,0.1311360448807854,0.7272089761570828,2835,41.0,91.68,0.0,0.63,5.08,23.35,1.0,19.5,10.4,3.7,3.3,8.1,9.2,67500.0,5.5,92.7,25.7,3.1,0.4153,3.452553063228925
31137,Phelps County,Nebraska,4965,4158,758,0.8374622356495468,0.1526686807653575,0.6847935548841892,8983,40.7,92.81,0.81,0.11,6.47,20.61,0.8,11.9,8.7,13.4,3.3,8.5,5.9,65988.0,11.9,92.1,26.7,2.6,0.4898,3.953421399681035
31139,Pierce County,Nebraska,3897,3420,446,0.8775981524249422,0.1144470105209135,0.7631511419040287,7312,39.7,95.28,0.4,0.22,2.48,19.63,1.5,12.8,7.4,10.9,2.8,9.0,7.2,75938.0,5.2,94.4,22.9,1.4,0.4075,3.864036182725775
31141,Platte County,Nebraska,15658,12326,3191,0.7872014305786179,0.2037935879422659,0.583407842636352,34358,38.4,79.64,0.81,0.36,22.24,17.84,1.8,6.5,7.5,28.6,1.2,10.5,6.0,72335.0,6.8,89.8,24.1,12.1,0.4221,4.536027875350012
31143,Polk County,Nebraska,2819,2296,501,0.8144732174529975,0.1777225966654842,0.6367506207875133,5209,43.7,92.17,0.08,0.08,5.78,23.09,1.0,17.2,5.9,14.5,2.7,8.4,6.3,71771.0,4.8,93.3,18.6,1.9,0.3788,3.716754357432697
31145,Red Willow County,Nebraska,5323,4457,815,0.8373097877136952,0.1531091489761412,0.6842006387375541,10611,41.2,90.16,0.85,0.0,6.17,20.97,0.9,7.3,5.0,10.7,2.9,10.9,6.5,60000.0,9.2,95.3,26.0,0.9,0.4749,4.025756314534414
31147,Richardson County,Nebraska,3942,2962,934,0.7513952308472857,0.2369355657026889,0.5144596651445967,7797,45.9,91.56,1.24,0.03,2.19,24.42,2.8,11.2,8.2,10.8,2.0,9.0,10.0,55578.0,7.2,91.7,22.4,0.9,0.4631,3.891927534220675
31149,Rock County,Nebraska,834,745,85,0.8932853717026379,0.1019184652278177,0.7913669064748202,1335,45.2,98.5,0.15,0.0,0.45,25.62,0.7,31.5,5.6,0.9,2.1,14.4,7.0,57500.0,10.2,94.3,29.0,0.5,0.4791,3.125481265700594
31151,Saline County,Nebraska,5655,3734,1855,0.6603006189213085,0.3280282935455349,0.3322723253757736,14642,37.4,72.8,0.46,2.89,28.71,15.53,1.8,3.8,7.9,24.4,2.4,8.1,6.1,77027.0,7.2,79.8,20.1,16.8,0.4035,4.165600402517412
31153,Sarpy County,Nebraska,100735,55567,43825,0.55161562515511,0.4350523651163945,0.11656326003871548,194051,35.5,81.72,4.09,2.72,11.06,12.49,1.7,1.1,7.8,6.4,2.6,10.2,6.1,101402.0,3.8,95.7,41.9,6.2,0.3969,5.287915885124799
31155,Saunders County,Nebraska,13565,9854,3558,0.7264283081459639,0.2622926649465536,0.4641356431994103,22761,40.4,94.07,0.67,0.32,2.71,18.23,1.4,4.4,9.0,11.8,2.2,10.5,7.3,89395.0,4.3,96.1,30.3,0.9,0.3998,4.357191338783729
31157,Scotts Bluff County,Nebraska,15040,11033,3856,0.7335771276595745,0.2563829787234042,0.4771941489361703,35937,39.8,79.72,0.57,0.65,23.43,20.43,2.1,4.7,6.5,6.5,2.7,10.8,7.1,60960.0,10.1,89.5,25.9,4.0,0.4439,4.555541819633662
31159,Seward County,Nebraska,9184,6667,2388,0.7259364111498258,0.2600174216027874,0.46591898954703836,17636,37.6,95.2,0.67,0.46,2.82,17.76,1.3,5.6,8.2,15.8,1.7,7.3,6.0,81122.0,4.5,94.9,31.6,1.1,0.3781,4.246400090154285
31161,Sheridan County,Nebraska,2484,2102,362,0.8462157809983897,0.1457326892109501,0.7004830917874396,5058,46.6,82.09,0.61,1.32,5.14,27.16,0.8,17.9,5.4,6.7,1.8,12.7,8.3,56900.0,7.3,90.0,21.7,2.1,0.4667,3.703978825008386
31163,Sherman County,Nebraska,1687,1344,328,0.7966804979253111,0.1944279786603438,0.6022525192649674,2974,47.9,93.91,0.64,0.34,2.62,27.51,2.9,18.0,5.2,8.6,3.4,7.3,8.8,61935.0,4.6,91.3,18.8,0.5,0.3931,3.4733409641859354
31165,Sioux County,Nebraska,678,597,77,0.8805309734513275,0.1135693215339233,0.7669616519174042,1197,41.5,94.74,0.33,0.08,3.84,23.89,2.6,34.7,2.6,2.8,1.7,21.1,4.7,54076.0,8.0,95.4,25.1,2.8,0.3858,3.0780941504064105
31167,Stanton County,Nebraska,3064,2536,492,0.8276762402088773,0.160574412532637,0.6671018276762404,5835,42.0,91.12,0.21,0.29,6.65,20.21,0.3,7.7,8.3,13.6,2.5,15.1,7.3,78275.0,7.0,95.2,22.3,1.7,0.4359,3.766040860381389
31169,Thayer County,Nebraska,2852,2278,544,0.7987377279102384,0.1907433380084151,0.6079943899018234,4938,46.2,94.17,0.1,0.02,3.1,25.03,1.9,21.1,6.6,14.2,1.8,9.3,3.8,63095.0,6.7,94.4,23.0,0.7,0.4226,3.6935510855959133
31171,Thomas County,Nebraska,393,348,44,0.8854961832061069,0.1119592875318066,0.7735368956743003,626,45.1,88.18,1.28,0.0,3.99,33.07,0.8,30.7,3.9,1.7,0.3,1.4,19.8,72708.0,1.8,93.1,26.9,2.1,0.3715,2.7965743332104296
31173,Thurston County,Nebraska,2123,1125,978,0.5299105040037683,0.4606688648139425,0.06924163918982579,6666,28.7,36.93,0.15,0.93,4.4,12.53,6.7,8.1,4.2,10.6,1.0,7.5,4.2,64838.0,13.5,92.4,20.2,1.5,0.4151,3.8238653093245114
31175,Valley County,Nebraska,2299,1872,403,0.8142670726402784,0.1752936059156155,0.6389734667246629,4094,45.4,96.31,0.15,0.27,2.61,24.74,0.2,17.9,5.0,7.5,2.7,12.6,5.2,58902.0,7.7,94.4,27.6,2.0,0.4556,3.6121478383264867
31177,Washington County,Nebraska,12545,8855,3538,0.7058589079314468,0.282024711040255,0.4238341968911918,20989,42.6,94.7,0.24,0.25,3.16,18.89,1.3,3.8,10.3,9.3,1.8,9.2,7.2,90188.0,6.0,95.9,36.5,1.7,0.4176,4.321991747547265
31179,Wayne County,Nebraska,4073,3011,1006,0.7392585317947459,0.2469923889025288,0.49226614289221704,9786,31.6,89.71,1.01,0.35,10.06,16.3,2.4,8.6,3.7,11.3,2.2,10.1,6.0,67687.0,6.4,95.1,29.4,5.5,0.4256,3.990605211423919
31181,Webster County,Nebraska,1763,1449,296,0.8218944980147476,0.1678956324446965,0.653998865570051,3385,44.6,93.65,0.15,0.12,5.49,22.51,0.5,15.9,7.1,7.3,3.3,10.4,7.1,65197.0,8.6,93.9,21.9,0.5,0.4398,3.529558673021163
31183,Wheeler County,Nebraska,486,424,57,0.8724279835390947,0.1172839506172839,0.7551440329218108,785,59.9,97.32,0.0,0.13,1.91,32.23,1.1,40.8,6.0,7.3,0.5,5.0,2.8,55893.0,5.4,97.8,29.6,1.4,0.4543,2.8948696567452523
31185,York County,Nebraska,6984,5234,1648,0.7494272623138603,0.2359679266895761,0.5134593356242841,14231,39.0,90.26,1.24,0.54,6.04,20.13,1.4,10.0,6.7,13.8,2.0,12.0,6.0,74058.0,4.7,91.7,23.9,2.6,0.4139,4.1532354186522955
32001,Churchill County,Nevada,13503,9962,3179,0.7377619788195215,0.235429163889506,0.5023328149300156,25614,39.8,75.73,2.54,2.17,14.82,19.51,3.7,4.1,10.2,11.7,0.9,10.6,7.9,73268.0,3.9,92.0,18.6,4.9,0.4278,4.408477405187591
32003,Clark County,Nevada,1031223,493052,520187,0.4781235484468442,0.5044369646526503,-0.02631341620580613,2293764,38.3,47.11,12.13,10.47,31.45,15.58,4.7,0.4,7.4,3.9,1.7,11.4,7.3,73845.0,9.9,86.8,27.3,21.7,0.4697,6.360548732322788
32005,Douglas County,Nevada,35556,23237,11553,0.653532455844302,0.3249240634492069,0.3286083923950951,49624,54.2,81.87,0.07,2.7,12.75,31.57,1.6,1.9,9.9,7.0,0.9,12.1,4.1,88018.0,5.5,93.7,32.1,5.7,0.4723,4.69569176815691
32007,Elko County,Nevada,22465,17352,4632,0.7724015134653907,0.2061874026263075,0.5662141108390831,53852,35.4,69.65,0.85,1.42,25.66,12.72,2.9,21.5,7.5,3.9,2.4,8.4,4.9,83427.0,7.2,87.2,17.5,7.9,0.4229,4.731201837120247
32011,Eureka County,Nevada,1036,910,104,0.8783783783783784,0.1003861003861003,0.7779922779922781,1660,50.1,84.7,0.12,3.31,2.95,23.13,0.0,38.3,6.4,3.9,6.6,2.1,9.9,73095.0,13.5,95.5,18.1,3.8,0.3868,3.220108088040055
32013,Humboldt County,Nevada,8030,6141,1711,0.7647571606475716,0.2130759651307596,0.5516811955168119,17299,37.6,72.3,0.69,1.35,26.88,16.07,3.4,24.6,7.8,4.3,2.6,7.1,4.5,79946.0,8.6,87.2,19.8,9.9,0.4368,4.238020998675949
32015,Lander County,Nevada,2725,2180,482,0.8,0.1768807339449541,0.623119266055046,5745,37.3,82.12,2.45,0.54,22.04,13.19,5.7,29.7,1.3,3.6,0.7,6.4,10.3,84474.0,8.3,89.2,16.6,3.1,0.4184,3.759290033024304
32017,Lincoln County,Nevada,2472,2108,314,0.8527508090614887,0.1270226537216828,0.7257281553398058,4452,43.6,85.6,4.18,0.0,5.28,18.89,0.9,4.5,10.9,2.8,3.7,12.4,9.1,69496.0,4.1,94.1,19.0,0.6,0.3908,3.6485551556626707
32019,Lyon County,Nevada,33541,23861,8954,0.7113979905190663,0.2669568587698637,0.4444411317492026,60630,42.9,77.04,1.19,1.37,18.69,21.72,3.7,3.1,7.0,15.3,3.7,10.4,6.3,73460.0,7.2,87.7,17.2,6.5,0.4121,4.782687568234967
32021,Mineral County,Nevada,2295,1528,711,0.6657952069716776,0.3098039215686274,0.3559912854030502,4557,41.9,59.64,2.9,0.07,18.19,27.01,2.4,6.6,3.1,9.8,1.4,7.9,9.1,50584.0,16.7,90.7,11.5,2.0,0.4095,3.6586790285824486
32023,Nye County,Nevada,26997,18946,7559,0.7017816794458643,0.2799940734155647,0.42178760603029963,53207,52.4,75.32,2.58,1.96,16.41,30.95,3.9,9.1,9.1,6.5,2.4,12.4,7.0,55975.0,10.7,86.7,12.7,7.9,0.4427,4.72596877254668
32027,Pershing County,Nevada,2308,1764,496,0.7642980935875217,0.2149046793760831,0.5493934142114385,6505,40.9,73.53,4.24,1.15,23.27,16.6,2.5,24.7,10.0,2.1,2.8,12.1,0.9,72007.0,5.1,85.6,9.3,10.2,0.3923,3.813247300897605
32029,Storey County,Nevada,3075,2108,913,0.6855284552845529,0.2969105691056911,0.3886178861788618,4139,56.8,87.65,1.93,1.01,7.03,39.04,3.2,0.3,7.7,17.9,3.2,10.4,4.0,96000.0,1.9,89.9,31.6,5.1,0.4186,3.61689542640076
32031,Washoe County,Nevada,263734,127443,130071,0.4832255226857364,0.4931901082150955,-0.009964585529359138,491770,38.9,65.47,2.39,5.56,25.64,17.3,3.3,0.8,8.1,9.6,2.7,10.9,7.3,85600.0,6.5,88.7,33.2,14.3,0.4661,5.6917620314546395
32033,White Pine County,Nevada,4351,3364,883,0.7731555964146173,0.2029418524477131,0.5702137439669042,8856,41.7,77.46,7.0,0.82,16.38,19.9,2.5,16.3,5.0,1.8,2.1,7.9,8.9,72294.0,4.2,88.3,14.2,2.5,0.3571,3.9472376078706666
32510,Carson City,Nevada,31068,16873,13375,0.5430990086262392,0.430507274365907,0.11259173426033214,58364,42.1,72.0,1.96,2.67,25.88,20.78,2.4,0.4,8.1,10.3,1.8,10.9,3.3,71809.0,8.2,89.1,24.5,12.6,0.4464,4.7661450487868215
33001,Belknap County,New Hampshire,40550,22765,17469,0.5614056720098644,0.4308014796547472,0.13060419235511717,64300,48.3,93.76,0.63,1.2,2.16,23.37,1.6,0.5,8.5,10.6,2.2,12.0,3.5,87983.0,7.0,93.8,32.6,3.0,0.4492,4.808210972924222
33003,Carroll County,New Hampshire,34498,17407,16827,0.5045799756507624,0.4877674068061917,0.01681256884457072,51259,54.2,94.82,0.53,0.84,1.69,30.09,3.1,1.2,11.0,9.0,0.8,12.0,3.1,82961.0,4.2,95.6,38.8,2.6,0.4598,4.70977012938006
33005,Cheshire County,New Hampshire,45200,20142,24579,0.4456194690265487,0.543783185840708,-0.09816371681415925,76945,43.5,92.53,0.8,0.69,2.47,21.63,2.0,1.3,7.5,14.1,4.5,13.5,4.4,81001.0,5.3,94.0,35.3,2.7,0.4201,4.886180403986072
33007,Coos County,New Hampshire,17230,9731,7355,0.5647707486941381,0.4268717353453279,0.13789901334881022,31386,49.9,94.34,1.71,0.26,2.28,25.22,2.3,1.7,10.1,9.6,1.0,13.0,4.5,58439.0,8.7,89.5,20.2,2.8,0.4748,4.49673597041108
33009,Grafton County,New Hampshire,55603,21911,32998,0.3940614715033361,0.5934571875618222,-0.1993957160584861,91759,44.0,88.92,1.33,3.49,2.84,22.5,1.8,1.6,5.8,9.5,1.6,9.4,3.2,84021.0,5.9,93.9,44.8,6.2,0.4918,4.962648671928429
33011,Hillsborough County,New Hampshire,233234,112068,118780,0.4804959825754392,0.5092739480521707,-0.02877796547673156,424732,41.0,83.3,2.58,4.23,8.25,16.73,2.3,0.4,7.3,14.5,2.2,12.3,4.5,100436.0,4.1,93.0,40.6,10.4,0.428,5.628114982676294
33013,Merrimack County,New Hampshire,92475,43365,48181,0.4689375506893755,0.5210164909434982,-0.05207894025412274,155018,42.6,91.39,1.6,1.62,2.63,19.34,2.0,1.0,7.6,9.8,3.2,12.2,3.3,93944.0,3.7,93.7,38.1,4.6,0.4348,5.190382129439979
33015,Rockingham County,New Hampshire,201949,102542,97616,0.5077618606677924,0.4833695636026918,0.0243922970651006,317163,44.8,91.43,0.86,2.08,3.52,19.55,2.4,0.4,7.0,12.7,2.6,10.9,4.2,113927.0,3.1,96.1,44.8,5.3,0.4285,5.5012825171288995
33017,Strafford County,New Hampshire,76323,33163,42374,0.4345086016010901,0.5551930610694024,-0.12068445946831224,131743,37.9,88.95,1.21,2.65,3.12,16.53,2.5,1.0,4.8,14.7,1.4,12.3,3.7,86564.0,5.1,94.7,38.5,4.0,0.418,5.119727548801952
33019,Sullivan County,New Hampshire,25091,12484,12317,0.4975489219241959,0.4908931489378662,0.006655772986329744,43529,47.3,92.29,0.85,0.55,2.0,23.12,1.3,1.4,6.3,14.0,2.7,15.3,3.2,75929.0,7.0,91.1,30.5,2.2,0.4785,4.638778690142226
34001,Atlantic County,New Jersey,129759,65817,61879,0.507224932374633,0.476876363103908,0.030348569270724934,274704,42.2,58.13,13.85,7.82,19.91,19.25,5.1,0.4,6.2,4.5,1.5,11.7,5.0,76819.0,9.9,88.9,31.2,16.1,0.4761,5.438864983283977
34003,Bergen County,New Jersey,459077,217096,232660,0.4728967036030992,0.5067995129357384,-0.03390280933263923,954717,42.1,58.79,5.71,16.67,22.11,17.84,3.7,0.1,5.2,7.7,3.7,10.2,5.2,123715.0,5.0,92.9,52.6,31.4,0.4725,5.979874655821905
34005,Burlington County,New Jersey,229466,94116,132275,0.4101522665667245,0.5764470553371741,-0.16629478877044962,464226,41.7,66.02,16.54,5.63,9.22,17.91,3.3,0.4,5.8,7.4,3.0,11.0,6.3,105271.0,4.9,94.4,42.0,10.8,0.433,5.666729460420451
34007,Camden County,New Jersey,246954,87767,155522,0.355398171319355,0.6297610081229703,-0.2743628368036153,524042,38.8,56.43,18.86,5.84,18.69,16.21,4.6,0.3,6.0,7.4,2.4,12.7,6.9,86384.0,9.1,89.8,35.3,12.2,0.4687,5.719366095451803
34009,Cape May County,New Jersey,54568,32151,21648,0.5891914675267556,0.3967160240433954,0.19247544348336015,95236,51.4,86.97,3.4,0.65,8.06,28.59,3.4,1.3,8.8,4.4,2.2,10.4,3.5,88046.0,6.1,94.6,37.4,4.8,0.4634,4.978801146346359
34011,Cumberland County,New Jersey,55885,28675,26577,0.5131072738659748,0.4755658942471146,0.03754137961886017,152915,37.6,51.98,18.13,1.43,34.96,15.57,4.3,2.4,7.3,12.0,3.8,11.7,6.9,64499.0,12.7,81.3,17.9,12.1,0.5027,5.184450089059844
34013,Essex County,New Jersey,313283,83908,224596,0.2678345138421172,0.7169109080288429,-0.44907639418672574,854130,37.7,33.17,36.9,5.85,24.67,13.98,5.5,0.1,7.1,6.7,2.3,9.3,8.6,76712.0,11.7,86.8,37.9,29.3,0.5487,5.93152397605892
34015,Gloucester County,New Jersey,164635,83326,78708,0.5061256719409603,0.4780757433109606,0.028049928629999665,304504,40.1,77.08,10.72,3.07,7.84,16.46,3.4,0.3,6.9,7.5,3.5,11.8,7.4,102807.0,4.5,94.0,35.8,5.8,0.418,5.483593001949248
34017,Hudson County,New Jersey,231181,79913,144765,0.3456728710404402,0.6261976546515501,-0.2805247836111099,710478,35.8,37.03,12.2,16.53,40.71,12.44,4.1,0.1,5.4,6.6,2.9,8.8,7.7,90032.0,10.9,87.9,47.9,42.6,0.5006,5.8515506345132735
34019,Hunterdon County,New Jersey,80925,42391,36995,0.5238307074451652,0.4571516836577077,0.06667902378745755,129448,46.2,83.69,2.62,4.51,8.85,20.14,3.0,1.3,6.6,12.6,2.6,10.3,3.2,139453.0,2.3,95.8,56.5,11.2,0.4425,5.112095344877699
34021,Mercer County,New Jersey,163270,52274,107558,0.3201690451399522,0.6587738102529552,-0.338604765113003,383286,39.2,49.79,19.19,12.06,22.25,15.66,3.9,0.3,5.2,7.6,3.2,8.9,5.9,96333.0,7.5,89.9,44.9,25.7,0.5021,5.5835229563955275
34023,Middlesex County,New Jersey,365187,162459,191802,0.4448652334283531,0.5252158483188065,-0.08035061489045342,861535,39.4,44.23,10.41,25.07,23.0,15.77,4.3,0.2,4.9,9.0,3.3,10.3,8.2,109028.0,6.2,89.3,45.1,34.7,0.4342,5.935272925426653
34025,Monmouth County,New Jersey,360143,197409,156382,0.5481405997062277,0.4342219618318279,0.11391863787439988,643615,43.2,76.18,6.2,5.3,12.67,18.57,3.5,0.4,7.0,6.2,2.5,10.5,4.4,122727.0,4.2,94.2,50.6,13.6,0.476,5.808626157150603
34027,Morris County,New Jersey,284666,143439,135672,0.5038852550005972,0.4766006477766927,0.027284607223904522,510375,42.7,70.98,3.29,10.64,15.48,17.78,3.6,0.2,5.3,11.5,2.7,9.6,4.2,134929.0,3.4,95.1,57.2,19.6,0.4552,5.707889392931054
34029,Ocean County,New Jersey,337135,227232,105789,0.6740089281741736,0.3137882450650333,0.3602206831091403,646434,41.4,84.96,3.02,1.85,10.63,22.39,3.2,0.2,7.9,5.0,2.5,12.9,5.8,86411.0,6.5,93.3,33.7,8.0,0.4515,5.810524190625532
34031,Passaic County,New Jersey,202767,100954,95156,0.497881805224716,0.4692874087006268,0.028594396524089183,518289,38.1,46.71,10.62,5.48,43.44,15.51,5.2,0.2,6.8,11.6,3.3,12.1,7.4,87137.0,11.1,85.1,30.3,32.8,0.4671,5.714571991610136
34033,Salem County,New Jersey,31001,18229,12275,0.5880132898938744,0.3959549691945421,0.19205832069933226,64973,41.9,74.14,14.15,0.9,10.74,18.92,4.5,1.8,7.6,10.0,3.7,10.5,10.3,78412.0,8.6,90.1,24.0,3.0,0.438,4.812732919918612
34035,Somerset County,New Jersey,177412,74101,98790,0.4176774964489437,0.556839447162537,-0.13916195071359327,346203,41.9,54.11,9.63,19.12,17.05,16.56,3.3,0.3,4.3,13.4,3.0,9.3,4.6,135960.0,3.5,93.8,57.4,27.5,0.4615,5.539330826906794
34037,Sussex County,New Jersey,84629,52123,31019,0.6158999870020915,0.3665292039371846,0.2493707830649069,145117,44.1,84.79,2.34,1.88,11.05,18.45,3.6,1.2,8.1,9.9,2.5,11.7,4.7,114316.0,3.5,95.4,40.0,8.6,0.4174,5.1617182916501925
34039,Union County,New Jersey,240632,89063,147327,0.3701211808903221,0.6122502410319492,-0.24212906014162716,572549,39.1,41.7,20.51,5.61,34.37,14.82,4.4,0.2,6.9,8.6,3.2,9.5,10.4,100117.0,6.2,86.3,38.6,32.8,0.4838,5.757812660477383
34041,Warren County,New Jersey,60150,35772,23318,0.594713216957606,0.3876641729010806,0.20704904405652547,110238,43.9,80.06,5.51,2.98,12.1,19.01,3.7,1.1,7.2,11.0,3.0,9.9,5.9,99596.0,5.6,94.0,36.4,10.3,0.4134,5.042331325419474
35001,Bernalillo County,New Mexico,310844,118762,184117,0.3820630284000978,0.592313186035439,-0.21025015763534122,674357,39.3,54.83,3.03,2.88,48.93,17.78,3.3,1.0,6.7,4.7,2.0,10.2,4.0,66514.0,11.8,90.4,37.4,10.2,0.4725,5.828889869952838
35003,Catron County,New Mexico,2357,1752,571,0.7433177768349597,0.2422571064913025,0.5010606703436572,3685,62.6,85.1,0.38,0.35,15.17,44.48,2.5,12.6,7.7,19.2,0.0,6.6,3.9,46439.0,14.7,97.6,20.7,4.2,0.4263,3.56643749219507
35005,Chaves County,New Mexico,22200,15894,5941,0.715945945945946,0.2676126126126126,0.44833333333333336,64446,36.9,63.9,1.5,1.32,57.92,16.24,3.1,7.6,5.5,5.5,1.4,12.4,7.2,52029.0,18.5,80.9,18.2,10.8,0.4839,4.809195966967349
35006,Cibola County,New Mexico,8977,4311,4450,0.4802272474100479,0.495711262114292,-0.015484014704244098,27059,38.4,35.32,2.09,0.67,32.98,17.54,3.6,6.7,8.0,4.7,2.0,10.3,1.8,51765.0,25.7,85.4,18.8,2.5,0.453,4.432311742649381
35007,Colfax County,New Mexico,5813,3252,2436,0.5594357474625838,0.4190607259590573,0.14037502150352654,12336,49.1,67.74,0.62,0.21,47.41,28.41,1.7,4.9,5.0,3.1,1.5,16.4,4.2,52690.0,12.9,90.5,24.0,3.9,0.4262,4.091174360706882
35009,Curry County,New Mexico,15223,10714,4230,0.7038034552979044,0.2778690139919858,0.4259344413059186,47932,31.9,58.1,5.64,1.53,45.44,12.85,4.1,6.4,7.2,8.0,1.7,12.5,8.6,56259.0,17.4,82.2,21.3,8.2,0.4621,4.68062555064508
35011,De Baca County,New Mexico,874,649,206,0.7425629290617849,0.2356979405034324,0.5068649885583525,1580,35.1,39.24,0.06,0.0,63.54,23.92,7.2,25.8,9.6,5.7,0.9,2.8,22.2,40804.0,9.4,87.7,8.3,0.4,0.4193,3.1986570869544226
35013,Doña Ana County,New Mexico,85407,37594,45937,0.4401746929408596,0.5378598943880478,-0.09768520144718823,221665,34.0,48.87,1.68,1.31,67.62,16.76,3.9,4.1,8.5,4.6,1.5,10.5,5.0,55663.0,18.4,82.7,31.4,14.9,0.4781,5.345697125199122
35015,Eddy County,New Mexico,23472,18141,5032,0.7728783231083844,0.2143830947511929,0.5584952283571916,61114,35.9,64.86,1.46,0.62,50.9,14.62,2.7,17.2,8.9,4.7,2.2,9.8,4.2,79605.0,8.7,84.3,19.8,6.3,0.4434,4.786140709854272
35017,Grant County,New Mexico,14224,6580,7301,0.4625984251968504,0.5132874015748031,-0.05068897637795272,27856,49.0,67.08,0.67,0.91,48.01,29.54,3.8,9.7,7.7,3.4,1.5,11.2,2.6,45921.0,10.5,89.7,28.8,4.1,0.4707,4.444918753773256
35019,Guadalupe County,New Mexico,1938,945,959,0.4876160990712074,0.4948400412796697,-0.007223942208462286,4379,41.6,43.05,1.71,0.23,74.51,20.55,2.3,4.7,13.3,7.6,0.0,20.6,4.0,40149.0,21.5,83.2,15.5,8.5,0.6192,3.6413749451921253
35021,Harding County,New Mexico,431,297,128,0.6890951276102089,0.296983758700696,0.39211136890951287,748,43.1,50.53,1.74,0.0,40.64,27.81,6.5,8.7,9.1,0.0,4.9,3.0,4.5,41250.0,11.6,88.8,30.3,4.0,0.7095,2.8739015978644615
35023,Hidalgo County,New Mexico,1862,1140,705,0.6122448979591837,0.378625134264232,0.2336197636949517,4097,42.3,63.61,0.0,0.83,57.19,22.38,2.1,16.4,2.0,0.8,0.3,10.1,8.3,49076.0,18.4,84.9,17.8,8.3,0.4267,3.6124659639531425
35025,Lea County,New Mexico,21209,16997,3930,0.8014050638879721,0.1852986939506813,0.6161063699372907,73154,32.5,52.26,4.04,0.94,61.64,11.23,4.3,17.9,9.4,3.3,2.5,10.6,10.5,68750.0,15.3,75.6,15.3,18.0,0.4864,4.8642380779723755
35027,Lincoln County,New Mexico,10165,6942,3033,0.6829316281357599,0.2983767830791933,0.3845548450565666,20227,52.7,73.21,0.82,0.52,32.59,30.54,3.1,5.4,13.7,2.0,0.2,10.4,6.0,51643.0,9.4,91.8,28.8,6.0,0.4912,4.305931474463313
35028,Los Alamos County,New Mexico,12187,4047,7726,0.3320751620579306,0.6339542135061951,-0.3018790514482645,19374,41.1,76.3,1.2,4.98,17.88,18.16,1.4,0.5,2.0,1.5,0.4,3.0,1.1,143188.0,3.0,98.3,68.2,11.1,0.3732,4.2872192954008055
35029,Luna County,New Mexico,8056,4698,3176,0.5831678252234359,0.394240317775571,0.1889275074478649,25420,36.6,54.94,1.9,0.92,66.55,20.72,2.5,11.4,8.1,9.1,0.3,12.8,6.3,37917.0,21.0,75.9,14.7,16.5,0.4417,4.40517554621799
35031,McKinley County,New Mexico,25867,9364,15711,0.3620056442571616,0.6073761936057525,-0.24537054934859087,71172,34.1,9.83,0.46,1.37,12.15,13.24,4.5,1.7,6.1,3.5,0.6,15.8,3.6,44496.0,30.5,80.9,12.5,2.2,0.5005,4.85230917008096
35033,Mora County,New Mexico,2487,1010,1439,0.4061117812625653,0.5786087655810213,-0.17249698431845595,4176,58.5,52.25,0.0,0.0,76.1,32.71,2.6,2.4,8.4,1.3,0.0,7.9,17.0,50178.0,8.1,93.8,25.4,0.5,0.5155,3.620760489994206
35035,Otero County,New Mexico,24242,15117,8582,0.6235871627753485,0.3540136952396667,0.26957346753568184,68235,36.3,60.02,3.65,1.47,39.1,17.18,4.4,2.8,11.6,1.3,1.3,12.8,5.2,52717.0,15.4,87.3,21.6,10.1,0.4318,4.834007195885636
35037,Quay County,New Mexico,3704,2570,1055,0.6938444924406048,0.2848272138228941,0.40901727861771064,8616,48.1,65.1,1.57,0.0,44.59,25.82,2.4,7.7,6.1,1.5,0.9,8.0,6.2,43698.0,20.0,87.7,20.4,1.2,0.4704,3.9353056902899253
35039,Rio Arriba County,New Mexico,15989,6268,9373,0.3920195134154731,0.5862155231721808,-0.19419600975670775,40165,42.4,27.92,0.74,0.59,67.32,21.18,2.7,2.3,8.6,1.0,0.6,9.8,2.8,53901.0,15.4,86.4,18.8,6.0,0.4723,4.6038477712994235
35041,Roosevelt County,New Mexico,6639,4687,1820,0.7059798162373851,0.2741376713360446,0.43184214490134054,19002,32.0,70.23,1.01,0.44,44.42,14.72,3.6,7.9,5.4,6.5,3.5,9.9,8.7,52445.0,16.8,85.9,21.3,6.6,0.4349,4.278799313755556
35043,Sandoval County,New Mexico,79540,36605,41205,0.4602087000251446,0.5180412371134021,-0.05783253708825753,151538,41.1,56.11,2.19,1.6,39.54,19.61,3.2,1.0,6.7,6.1,2.6,11.0,4.4,84053.0,7.3,92.6,33.4,5.7,0.423,5.1805215511284315
35045,San Juan County,New Mexico,52926,34264,17464,0.647394475305143,0.3299701469976949,0.31742432830744816,121178,38.0,42.61,0.72,0.7,19.71,16.31,4.1,9.4,6.5,3.4,1.3,11.3,7.0,53020.0,17.6,86.4,16.6,3.0,0.4746,5.083423780342954
35047,San Miguel County,New Mexico,11108,3887,6985,0.3499279798343536,0.628826071299964,-0.27889809146561045,27036,46.8,50.38,1.56,0.4,75.33,24.43,2.7,2.6,6.2,1.7,0.7,9.4,4.4,47400.0,15.5,85.7,26.2,3.0,0.4682,4.431942437771456
35049,Santa Fe County,New Mexico,83719,20457,61405,0.2443531336972491,0.7334655215661917,-0.4891123878689426,155175,48.5,61.95,0.98,1.46,48.0,27.29,3.1,0.8,7.2,2.6,1.1,10.5,2.8,74689.0,9.0,91.4,44.2,12.0,0.4858,5.190821754057435
35051,Sierra County,New Mexico,5953,3473,2332,0.5834033260540904,0.3917352595330086,0.19166806652108181,11511,57.3,73.64,0.23,0.24,29.42,36.93,1.3,11.7,5.0,1.9,0.0,15.2,2.4,37840.0,17.6,90.2,16.3,8.4,0.4419,4.061113053917979
35053,Socorro County,New Mexico,7233,3651,3384,0.504769805060141,0.4678556615512235,0.03691414350891753,16308,39.7,52.16,0.23,1.85,50.26,20.16,1.1,2.9,4.7,3.3,1.2,11.2,2.8,47556.0,22.8,84.7,21.0,5.8,0.506,4.212400702780119
35055,Taos County,New Mexico,16636,4139,12038,0.2487977879297908,0.7236114450589084,-0.4748136571291176,34516,51.9,60.57,0.3,0.75,50.79,29.68,2.6,2.4,11.4,1.8,0.9,13.8,1.5,58908.0,11.0,93.4,37.1,6.2,0.5115,4.538020460317129
35057,Torrance County,New Mexico,7179,4880,2144,0.6797604123136927,0.2986488368853601,0.38111157542833257,15290,42.5,62.39,2.45,0.6,42.5,22.08,5.7,5.7,9.3,5.2,1.6,11.3,6.4,46250.0,12.9,86.5,14.9,5.1,0.4245,4.18440748541232
35059,Union County,New Mexico,1665,1247,378,0.7489489489489489,0.227027027027027,0.5219219219219219,4039,40.3,69.47,0.97,0.0,39.69,22.56,3.2,20.3,4.8,5.1,1.1,13.9,5.1,45319.0,16.7,88.9,18.1,2.3,0.6371,3.6062738531699883
35061,Valencia County,New Mexico,33277,19057,13609,0.5726778255251375,0.4089611443339243,0.1637166811912132,77382,39.0,55.79,1.37,0.8,60.57,18.53,3.6,2.5,8.4,5.3,0.9,11.0,6.1,58333.0,13.3,85.9,20.8,7.7,0.4528,4.888639950220313
36001,Albany County,New York,147149,54560,92589,0.3707806373131995,0.6292193626868005,-0.25843872537360096,315374,38.3,70.79,12.27,7.28,7.03,17.8,3.3,0.4,4.0,6.1,1.6,10.3,4.4,83149.0,7.2,93.2,45.2,11.3,0.4526,5.49882588645018
36003,Allegany County,New York,19309,13826,5483,0.7160391527267077,0.2839608472732922,0.4320783054534155,47027,38.9,93.76,1.7,1.33,2.13,19.73,3.9,2.7,7.7,10.9,0.8,11.6,3.6,61233.0,9.9,91.6,24.6,1.8,0.4422,4.6723472746210035
36005,Bronx County,New York,359844,98174,261670,0.2728237791932059,0.727176220806794,-0.4543524416135881,1419250,35.6,15.77,34.11,4.07,54.89,13.93,6.5,0.2,5.2,3.0,1.4,10.2,8.7,49036.0,22.1,75.3,22.0,34.2,0.5135,6.15205890289745
36007,Broome County,New York,89905,44763,45142,0.4978922195650965,0.5021077804349036,-0.004215560869807067,197738,39.4,81.43,5.46,4.99,5.38,19.91,3.8,0.8,5.3,9.7,1.9,11.9,4.7,61059.0,11.4,91.0,30.6,6.9,0.4748,5.2960901372169245
36009,Cattaraugus County,New York,34010,22586,11424,0.6640987944722141,0.3359012055277859,0.3281975889444282,76479,42.5,89.38,1.47,0.73,2.28,20.27,2.9,2.6,7.7,13.2,1.7,11.8,4.1,58248.0,12.5,89.2,20.7,1.8,0.4407,4.883542200694284
36011,Cayuga County,New York,36254,20482,15772,0.5649583494235119,0.4350416505764881,0.12991669884702378,75464,43.7,88.53,3.07,0.63,3.49,20.55,2.3,3.7,8.6,13.1,2.0,10.5,4.6,66583.0,9.0,88.9,23.9,2.2,0.4466,4.877739821430666
36013,Chautauqua County,New York,56613,34528,22085,0.609895253740307,0.390104746259693,0.21979050748061396,126329,42.7,87.31,2.68,0.65,9.33,20.96,3.1,2.0,5.4,15.6,1.7,11.1,4.2,56507.0,10.7,90.0,25.1,2.4,0.4457,5.101503058348423
36015,Chemung County,New York,37433,21861,15572,0.5840034194427377,0.4159965805572623,0.1680068388854754,82805,41.9,85.76,5.93,1.53,3.6,19.92,3.7,1.1,5.1,13.8,1.6,11.8,4.9,63469.0,11.7,90.9,26.9,3.6,0.4558,4.918056561505271
36017,Chenango County,New York,22471,14294,8177,0.6361087624048773,0.3638912375951226,0.27221752480975475,46685,44.9,93.71,0.61,0.48,2.44,21.68,4.1,2.8,8.5,18.3,1.2,10.1,4.0,62093.0,7.8,88.7,19.2,2.1,0.4115,4.6691773631428735
36019,Clinton County,New York,35725,18247,17478,0.5107627711686494,0.4892372288313505,0.02152554233729892,78961,41.5,90.05,3.13,1.46,3.44,18.3,2.3,1.3,6.0,11.8,1.8,12.4,5.7,69208.0,8.6,88.2,26.8,4.7,0.457,4.89741263981016
36021,Columbia County,New York,35564,15168,20396,0.4264987065571927,0.5735012934428073,-0.14700258688561463,61245,49.5,84.8,3.23,2.25,5.97,25.42,3.1,2.7,7.1,6.4,1.8,11.5,4.6,83619.0,8.9,91.5,38.1,6.8,0.4976,4.787070638978678
36023,Cortland County,New York,21996,11706,10290,0.5321876704855428,0.4678123295144571,0.06437534097108571,46401,36.5,90.52,2.11,1.39,3.51,16.74,3.6,2.2,6.4,9.8,1.5,11.1,3.3,67527.0,6.9,90.9,28.3,2.7,0.4179,4.666527340248891
36025,Delaware County,New York,23026,13789,9237,0.5988447841570399,0.4011552158429601,0.1976895683140798,44551,48.8,90.75,1.57,0.85,4.71,25.68,3.4,3.5,7.3,9.6,1.2,12.6,3.3,60226.0,11.4,90.4,26.7,4.3,0.4559,4.648857456736704
36027,Dutchess County,New York,151772,71778,79994,0.4729330838362807,0.5270669161637193,-0.05413383232743857,297144,42.6,70.84,9.89,3.43,14.86,18.63,3.0,1.2,6.0,6.8,1.9,10.5,5.2,97273.0,4.9,91.8,39.7,11.9,0.4626,5.472966965308684
36029,Erie County,New York,453425,204774,248651,0.4516160335226333,0.5483839664773668,-0.09676793295473346,950044,40.3,74.59,12.69,4.54,6.3,18.81,3.0,0.4,4.9,10.2,2.2,10.9,5.0,71175.0,9.6,92.4,36.9,7.2,0.4656,5.977743719514842
36031,Essex County,New York,19162,9533,9629,0.4974950422711616,0.5025049577288383,-0.005009915457676706,37077,49.5,92.86,2.46,0.35,2.77,25.69,2.8,2.2,9.1,8.9,0.9,8.3,3.3,70215.0,8.7,91.5,31.3,4.1,0.4515,4.569104586956974
36033,Franklin County,New York,19390,10569,8821,0.545074780814853,0.454925219185147,0.09014956162970605,47066,41.8,84.33,3.39,0.69,2.82,18.91,2.5,3.4,6.7,3.9,1.1,13.9,3.9,63747.0,11.2,87.3,23.8,3.2,0.4294,4.672707290472642
36035,Fulton County,New York,23903,16237,7666,0.6792871187717023,0.3207128812282977,0.3585742375434046,52787,44.1,89.88,1.53,0.88,4.15,20.36,2.2,1.2,7.5,10.7,2.3,14.9,5.7,62615.0,10.8,88.5,21.2,2.2,0.4297,4.722526980802477
36037,Genesee County,New York,28364,18997,9367,0.6697574390071922,0.3302425609928078,0.3395148780143844,57943,42.4,89.66,1.82,0.7,4.73,19.62,2.6,2.4,7.7,15.5,3.4,11.3,4.3,72055.0,6.5,92.5,23.6,3.0,0.4017,4.763000977055467
36039,Greene County,New York,25138,14702,10436,0.5848516190627735,0.4151483809372265,0.169703238125547,47554,47.4,85.42,4.43,1.1,6.59,23.44,1.8,2.2,7.6,7.5,2.9,11.9,5.3,74011.0,6.8,88.8,28.9,4.9,0.4699,4.677187053447235
36041,Hamilton County,New York,3434,2223,1211,0.6473500291205592,0.3526499708794409,0.2947000582411183,5102,57.2,92.0,0.96,0.39,1.98,32.75,2.8,4.3,16.5,2.6,1.3,8.7,4.9,68950.0,3.4,89.3,26.9,1.2,0.4297,3.7077404542737713
36043,Herkimer County,New York,28667,19557,9110,0.6822129975232846,0.3177870024767154,0.3644259950465692,59932,44.6,92.68,0.97,0.65,2.69,21.6,2.6,2.2,8.0,10.1,2.1,12.1,4.7,68858.0,8.8,91.7,22.6,2.8,0.4285,4.7776587708463385
36045,Jefferson County,New York,42743,26417,16326,0.618042720445453,0.3819572795545469,0.23608544089090616,116130,33.2,83.3,5.0,1.84,7.3,14.64,3.3,1.6,6.7,7.5,1.8,14.6,4.5,64978.0,9.2,91.3,25.7,4.7,0.4331,5.064944426038617
36047,Kings County,New York,835229,233964,601265,0.2801195839703841,0.7198804160296158,-0.4397608320592317,2646306,36.3,39.26,28.99,12.04,18.89,14.97,4.8,0.1,4.7,2.9,1.8,8.6,6.6,78548.0,14.9,84.2,41.3,35.2,0.5312,6.422640061479488
36049,Lewis County,New York,12953,9353,3600,0.7220721068478345,0.2779278931521655,0.44414421369566903,26618,42.0,94.35,0.92,0.21,1.73,19.86,3.2,5.9,11.1,10.7,1.2,9.8,4.3,68329.0,8.8,91.4,19.4,1.2,0.3931,4.425175420725635
36051,Livingston County,New York,30928,18780,12148,0.6072167615106053,0.3927832384893947,0.2144335230212106,61588,41.4,90.31,1.9,1.01,4.48,19.47,2.6,3.7,8.9,11.4,1.8,11.4,3.3,72464.0,5.9,92.6,30.6,3.5,0.4286,4.789496101101671
36053,Madison County,New York,33654,19025,14629,0.565311701432222,0.4346882985677779,0.13062340286444407,67572,42.6,91.36,1.61,1.04,2.54,19.73,2.4,3.0,6.5,10.2,1.7,10.2,4.9,73141.0,6.9,93.3,28.0,2.7,0.448,4.829766773388633
36055,Monroe County,New York,360697,145940,214757,0.4046055276312251,0.5953944723687749,-0.19078894473754976,754068,39.5,71.15,14.63,3.8,9.75,18.27,3.2,0.5,4.2,10.7,1.9,10.5,4.1,74409.0,8.8,91.8,41.2,7.9,0.4669,5.877410511245326
36057,Montgomery County,New York,20642,13286,7356,0.643639182249782,0.356360817750218,0.287278364499564,49461,40.1,82.98,3.11,0.73,15.15,18.96,2.9,2.5,7.8,12.2,1.6,13.0,7.2,62923.0,10.7,88.5,20.5,3.1,0.4286,4.694262892657943
36059,Nassau County,New York,706541,368117,338424,0.5210129348473762,0.4789870651526238,0.042025869694752416,1388138,41.8,59.36,11.36,11.53,18.47,18.25,3.1,0.2,6.1,4.2,2.7,9.1,5.7,143408.0,3.5,92.1,48.7,22.9,0.4505,6.142432643106833
36061,New York County,New York,647703,113921,533782,0.1758846261326564,0.8241153738673436,-0.6482307477346871,1627788,38.9,50.4,13.99,12.4,24.29,17.78,4.7,0.1,1.8,2.7,1.6,6.9,3.0,104553.0,12.0,89.2,64.0,28.1,0.5956,6.211597842552297
36063,Niagara County,New York,102116,58678,43438,0.5746210192330291,0.4253789807669709,0.1492420384660582,211341,43.2,83.91,6.59,1.2,3.86,20.16,3.6,0.8,6.5,13.9,1.5,12.6,5.9,67809.0,9.1,92.0,27.2,3.9,0.4404,5.32498375803889
36065,Oneida County,New York,100102,60687,39415,0.6062516233441889,0.3937483766558111,0.21250324668837783,229645,40.8,81.46,5.58,4.16,6.79,19.39,2.7,1.1,5.2,9.4,1.6,11.2,4.9,68819.0,10.1,88.9,27.8,8.5,0.4448,5.361056994077701
36067,Onondaga County,New York,227071,93916,133155,0.4135975091491207,0.5864024908508793,-0.17280498170175856,471611,39.5,75.94,10.8,3.97,5.75,18.19,3.2,0.5,5.3,8.1,2.3,10.6,5.8,74740.0,9.5,91.7,38.1,7.6,0.4627,5.6735839261592425
36069,Ontario County,New York,59741,30221,29520,0.5058669925177014,0.4941330074822986,0.011733985035402794,112405,43.9,89.49,2.31,1.35,5.57,21.52,2.5,1.9,6.7,11.1,2.5,11.8,3.5,79814.0,4.9,93.3,37.2,4.0,0.4391,5.05078562995291
36071,Orange County,New York,175189,94936,80253,0.5419061699079281,0.458093830092072,0.08381233981585606,403840,36.9,64.33,11.41,2.84,23.18,14.35,3.4,0.7,7.3,6.4,3.0,12.6,6.7,96497.0,9.1,89.7,32.2,13.0,0.4438,5.606209333228022
36073,Orleans County,New York,18025,12659,5366,0.7023023578363384,0.2976976421636615,0.4046047156726769,39686,43.6,87.54,4.62,0.67,5.24,19.0,3.3,5.0,6.7,15.5,1.8,11.0,4.2,63838.0,9.4,86.7,17.5,3.0,0.4297,4.598637328046221
36075,Oswego County,New York,54031,33548,20483,0.6209028150506191,0.3790971849493809,0.24180563010123818,117945,40.6,92.76,1.1,0.78,3.2,17.44,4.1,1.7,8.0,11.0,2.4,14.2,8.0,68461.0,11.2,90.0,21.9,2.0,0.4416,5.0716795347219445
36077,Otsego County,New York,28287,15256,13031,0.5393290203980627,0.4606709796019372,0.07865804079612554,59738,40.4,90.1,2.35,1.52,4.31,21.26,2.9,3.3,7.2,7.3,1.3,12.7,3.0,67086.0,8.3,92.1,33.9,4.2,0.4577,4.77625067853755
36079,Putnam County,New York,55509,31553,23956,0.5684303446287989,0.431569655371201,0.13686068925759792,97988,44.2,77.17,3.36,2.35,19.06,18.7,2.7,0.4,9.7,4.3,1.5,9.0,4.4,127405.0,3.7,93.3,43.5,13.8,0.4149,4.9911728935202255
36081,Queens County,New York,701910,264628,437282,0.3770112977447251,0.6229887022552749,-0.24597740451054984,2330124,40.4,28.35,17.39,26.05,27.9,17.16,4.4,0.1,7.2,3.2,1.8,9.0,8.5,84961.0,9.4,82.7,35.3,47.6,0.4645,6.367379033078732
36083,Rensselaer County,New York,78269,38601,39668,0.4931837636867725,0.5068162363132275,-0.01363247262645495,160341,40.2,81.41,6.75,3.1,5.95,17.87,3.6,0.7,6.6,9.8,1.7,8.0,5.1,86663.0,8.0,92.7,37.3,6.0,0.4282,5.205044587837692
36085,Richmond County,New York,197496,128151,69345,0.6488789646372585,0.3511210353627415,0.297757929274517,492734,40.4,62.85,9.94,12.1,19.51,16.83,3.3,0.1,6.9,2.5,1.7,8.8,7.7,98290.0,8.0,88.5,35.8,25.2,0.4495,5.69261253082154
36087,Rockland County,New York,149423,83543,65880,0.5591040201307697,0.4408959798692303,0.11820804026153936,338936,35.1,64.17,11.04,5.93,20.05,15.59,3.7,0.3,6.7,5.9,2.3,9.5,4.9,110631.0,10.7,87.7,42.1,21.8,0.4689,5.530117699763925
36089,St. Lawrence County,New York,43929,25919,18010,0.5900202599649434,0.4099797400350565,0.18004051992988696,107796,39.0,92.11,1.96,1.03,2.52,18.38,3.0,3.1,5.5,8.2,1.2,10.8,5.4,61900.0,11.9,89.1,24.6,3.5,0.4516,5.03260264572866
36091,Saratoga County,New York,130261,63940,66321,0.4908606566815854,0.5091393433184146,-0.01827868663682919,237075,43.4,89.28,1.64,2.95,3.82,19.38,2.0,0.7,6.0,10.7,2.5,10.0,4.2,99653.0,4.3,94.2,43.8,5.7,0.4385,5.3748857592312795
36093,Schenectady County,New York,71708,31975,39733,0.4459056172254141,0.5540943827745858,-0.10818876554917167,159603,39.6,70.23,10.82,4.89,8.05,17.6,3.6,0.6,5.2,7.1,1.6,10.7,5.0,76989.0,9.0,91.8,35.1,10.2,0.4378,5.203041050368099
36095,Schoharie County,New York,15970,10423,5547,0.6526612398246713,0.3473387601753287,0.30532247964934256,29979,45.7,90.07,1.59,0.92,3.89,23.3,3.1,2.9,10.4,8.0,2.4,10.9,5.1,71188.0,6.1,92.0,25.0,3.0,0.4354,4.476817142130502
36097,Schuyler County,New York,9453,5717,3736,0.6047815508304242,0.3952184491695757,0.20956310166084846,17749,47.4,93.53,1.07,0.67,1.97,22.51,3.6,2.1,6.7,12.0,1.9,11.2,4.2,65625.0,10.3,90.8,25.4,1.9,0.4385,4.249173889407112
36099,Seneca County,New York,14989,8379,6610,0.5590099406231236,0.4409900593768763,0.1180198812462473,33125,42.8,89.42,3.8,0.69,4.11,20.78,2.7,4.3,7.5,12.4,2.7,10.1,3.9,66007.0,7.3,84.6,24.1,2.9,0.4572,4.520155886944864
36101,Steuben County,New York,45190,29777,15413,0.6589289665855278,0.3410710334144722,0.3178579331710556,93034,43.1,92.29,1.65,1.59,1.89,20.31,3.4,2.6,6.6,17.9,1.3,11.3,3.4,64740.0,8.4,91.8,26.0,3.0,0.4504,4.96864169386446
36103,Suffolk County,New York,759361,417549,341812,0.5498689029328606,0.4501310970671393,0.09973780586572134,1525680,41.7,68.89,7.42,4.31,22.22,17.47,3.0,0.4,7.8,6.4,2.6,10.8,5.7,128329.0,4.0,90.5,39.9,16.6,0.4417,6.183463453142063
36105,Sullivan County,New York,34935,20386,14549,0.5835408616001145,0.4164591383998855,0.16708172320022902,79147,41.7,71.56,8.74,2.0,18.38,19.03,3.6,1.2,7.2,5.9,1.8,9.9,6.2,69826.0,9.9,87.7,29.7,11.2,0.499,4.898434457945845
36107,Tioga County,New York,24475,15038,9437,0.6144228804902963,0.3855771195097038,0.22884576098059245,48106,44.8,93.63,1.11,0.97,2.32,21.21,3.1,2.2,7.7,13.1,2.4,11.6,4.5,71791.0,8.5,92.0,25.6,2.3,0.4529,4.682199246943127
36109,Tompkins County,New York,45985,11354,34631,0.2469065999782538,0.7530934000217462,-0.5061868000434924,102879,32.8,76.78,3.99,9.54,6.5,16.03,3.1,1.6,2.3,5.9,0.7,7.3,2.3,73012.0,5.9,95.9,59.2,13.1,0.4928,5.01232673419025
36111,Ulster County,New York,97717,39743,57974,0.4067153105396195,0.5932846894603805,-0.18656937892076098,182109,44.2,76.38,6.14,2.07,11.84,20.76,3.0,1.3,7.1,5.9,1.8,10.9,5.3,81804.0,6.6,91.7,37.1,8.3,0.4797,5.260331409571696
36113,Warren County,New York,35705,18606,17099,0.5211034869065957,0.4788965130934043,0.042206973813191384,65560,46.8,93.26,1.26,0.77,2.84,23.57,2.3,1.0,7.1,8.6,1.4,11.9,3.7,78239.0,4.7,91.9,34.6,3.3,0.4418,4.816638944898462
36115,Washington County,New York,28492,17268,11224,0.6060648603116664,0.3939351396883335,0.2121297206233329,60883,45.0,90.55,2.47,0.62,2.94,20.89,3.2,3.4,8.3,13.1,1.6,13.4,3.9,72342.0,7.5,90.3,21.2,3.2,0.4036,4.784496044080281
36117,Wayne County,New York,44342,27286,17056,0.6153533895629426,0.3846466104370574,0.23070677912588522,91128,43.6,88.79,2.37,0.86,5.08,20.18,2.1,3.9,7.7,16.2,2.4,11.1,4.1,73914.0,6.8,91.0,25.5,2.7,0.4169,4.9596518388514035
36119,Westchester County,New York,455229,167795,287434,0.3685947072791935,0.6314052927208065,-0.26281058544161295,996888,41.5,54.7,13.96,6.12,26.99,17.72,3.9,0.2,6.4,4.2,2.2,8.0,4.4,118411.0,6.0,89.4,52.5,25.6,0.5351,5.998646368227133
36121,Wyoming County,New York,19041,14112,4929,0.7411375452969907,0.2588624547030093,0.48227509059398144,39980,43.1,89.71,3.83,0.63,3.6,19.85,2.1,7.0,9.4,12.9,2.0,11.5,3.2,68913.0,6.4,86.7,18.2,2.5,0.4023,4.601842789782098
36123,Yates County,New York,10499,6098,4401,0.5808172206876845,0.4191827793123154,0.1616344413753691,24637,41.6,95.33,0.67,0.69,2.57,21.89,1.6,6.7,11.1,14.5,1.4,11.9,3.3,67521.0,8.9,84.4,25.0,1.6,0.4536,4.3915878235099495
37001,Alamance County,North Carolina,89568,47937,40624,0.5352023043944266,0.4535548410146481,0.08164746337977852,174286,38.7,62.81,19.92,1.67,14.76,16.93,3.1,0.5,7.7,13.6,2.3,12.9,4.6,64445.0,10.4,88.5,27.7,9.1,0.4345,5.241262502618075
37003,Alexander County,North Carolina,20625,16404,4060,0.7953454545454546,0.1968484848484848,0.5984969696969697,36440,43.8,87.28,4.03,1.08,5.35,20.58,2.9,2.1,5.7,24.9,2.0,10.7,6.8,65268.0,8.3,85.6,15.4,2.5,0.4371,4.56157836830096
37005,Alleghany County,North Carolina,6480,4900,1533,0.7561728395061729,0.236574074074074,0.5195987654320988,11075,51.4,91.33,1.48,0.77,11.46,29.72,2.6,5.4,10.2,12.8,0.8,11.0,3.0,44272.0,9.8,83.1,22.8,6.1,0.5083,4.044343734895107
37007,Anson County,North Carolina,10859,5525,5253,0.5087945483009485,0.483746201307671,0.025048346993277515,21903,42.4,45.31,47.24,1.55,3.65,19.92,3.5,3.9,7.4,28.7,1.2,8.2,8.5,44245.0,16.4,82.4,10.9,3.1,0.4509,4.3405036031604505
37009,Ashe County,North Carolina,16187,11629,4431,0.7184160128498177,0.2737381849632421,0.4446778278865756,26831,49.8,93.98,1.08,0.37,5.85,26.97,2.8,2.4,11.6,14.2,2.4,12.5,4.3,50827.0,9.4,87.5,22.4,3.0,0.4491,4.428636859268609
37011,Avery County,North Carolina,9468,7181,2220,0.7584495141529362,0.2344740177439797,0.5239754964089565,17643,46.5,88.37,4.21,0.44,5.7,23.01,2.2,4.9,10.1,8.9,1.6,13.2,4.3,57657.0,7.1,86.4,21.9,4.1,0.4854,4.2465724341217
37013,Beaufort County,North Carolina,26521,17296,9049,0.6521624373138267,0.3412013121677161,0.31096112514611063,44597,47.1,68.83,22.83,0.3,7.81,24.96,3.0,3.6,9.7,14.5,2.1,10.8,3.4,57997.0,12.8,88.1,20.6,3.4,0.4669,4.649305645096298
37015,Bertie County,North Carolina,9170,3840,5279,0.4187568157033806,0.5756815703380589,-0.1569247546346783,17482,45.9,34.68,60.05,0.78,2.17,24.28,3.6,6.1,5.2,18.1,0.2,7.8,6.3,45931.0,12.9,82.0,17.8,1.7,0.4971,4.242591115900052
37017,Bladen County,North Carolina,16743,10035,6620,0.5993549543092636,0.3953891178402914,0.20396583646897215,29591,44.8,54.91,33.55,0.21,8.96,23.18,2.1,7.2,8.6,11.1,2.0,11.3,6.7,44528.0,17.4,88.6,20.6,2.8,0.5117,4.471159641981976
37019,Brunswick County,North Carolina,109049,67658,40557,0.6204366844262671,0.3719153774908527,0.2485213069354144,145889,56.1,82.34,8.09,0.62,5.51,33.26,2.5,0.7,9.8,6.7,2.2,13.5,7.1,74034.0,6.2,93.3,33.2,3.4,0.4461,5.1640225474150565
37021,Buncombe County,North Carolina,159885,59016,98662,0.3691153016230415,0.6170810269881477,-0.2479657253651062,271790,42.4,83.13,5.41,1.16,8.26,20.81,2.1,0.9,8.2,9.4,1.9,11.7,3.3,70578.0,6.7,92.3,44.6,7.0,0.4759,5.434233473644771
37023,Burke County,North Carolina,45733,32130,13272,0.7025561410797455,0.2902061968381694,0.4123499442415761,87863,44.9,81.11,6.05,3.36,8.23,21.24,2.7,1.1,5.7,23.3,2.2,11.5,4.3,55684.0,12.9,85.1,20.2,5.6,0.4448,4.943806027761564
37025,Cabarrus County,North Carolina,119820,63746,54494,0.5320146886997162,0.4547988649641128,0.07721582373560343,231262,37.7,61.85,18.88,5.37,12.37,13.4,3.1,0.7,6.7,9.0,2.9,12.9,6.0,86084.0,6.3,91.8,37.7,9.8,0.438,5.364104277188668
37027,Caldwell County,North Carolina,43451,33009,10146,0.7596833214425445,0.2335044072633541,0.5261789141791904,80618,45.5,86.64,4.12,0.5,6.4,21.16,2.8,0.4,7.6,21.5,4.9,11.6,5.5,55401.0,10.1,82.8,18.6,3.3,0.4281,4.906432019818795
37029,Camden County,North Carolina,6292,4716,1522,0.7495232040686586,0.2418944691671964,0.5076287349014622,10743,40.9,79.46,8.29,0.72,3.9,15.95,3.1,1.5,4.0,6.1,2.4,11.0,2.2,87781.0,5.0,93.0,25.8,0.8,0.3793,4.031125575731565
37031,Carteret County,North Carolina,45693,32508,12813,0.7114437660035454,0.2804149432079312,0.4310288227956142,68652,50.1,86.74,4.37,0.88,4.7,26.29,2.3,2.2,7.1,6.0,1.8,13.1,5.7,70235.0,6.8,92.7,32.3,3.2,0.4628,4.836653193813293
37033,Caswell County,North Carolina,12025,7445,4493,0.6191268191268191,0.3736382536382536,0.2454885654885655,22689,46.2,60.25,31.46,0.43,4.86,22.46,2.9,2.2,9.4,17.0,1.8,11.5,5.2,59407.0,11.5,83.7,16.0,3.1,0.4246,4.355815355115771
37035,Catawba County,North Carolina,86885,59577,26569,0.6856994878287391,0.3057950164009898,0.3799044714277493,162051,41.8,75.81,8.01,4.14,11.08,18.42,2.6,0.6,5.3,26.5,2.9,11.4,4.9,64544.0,8.6,87.5,24.9,6.7,0.4636,5.209651715362933
37037,Chatham County,North Carolina,52098,22507,29014,0.4320127452109486,0.5569119735882375,-0.1248992283772889,78319,47.6,72.53,10.52,2.03,13.43,24.94,1.7,1.2,7.3,12.6,1.6,9.6,2.6,88534.0,8.8,90.4,48.0,10.7,0.495,4.893867133630954
37039,Cherokee County,North Carolina,17748,13883,3686,0.782228983547442,0.2076853729997746,0.5745436105476673,29197,53.3,91.22,1.54,0.53,3.49,31.26,2.7,2.0,10.3,9.9,0.8,17.7,3.1,51496.0,9.3,91.4,24.2,1.9,0.4319,4.465338229860088
37041,Chowan County,North Carolina,7533,4587,2895,0.6089207487056949,0.3843090402230187,0.2246117084826762,13814,47.9,60.22,33.25,0.07,3.87,27.29,3.4,1.4,8.5,9.6,2.1,12.4,5.4,56982.0,17.5,87.4,24.5,1.8,0.458,4.140319451670128
37043,Clay County,North Carolina,7708,5761,1899,0.7474052932018682,0.2463674104826154,0.5010378827192528,11391,54.5,93.11,1.79,0.77,3.94,32.3,1.9,1.8,8.2,5.0,0.2,16.4,7.0,53645.0,6.6,89.9,31.4,3.8,0.4688,4.05656185185946
37045,Cleveland County,North Carolina,51602,34654,16603,0.671563117708616,0.3217510949188016,0.3498120227898144,100170,41.2,72.53,18.37,1.02,4.42,18.74,3.4,1.2,6.8,18.6,1.3,14.6,7.0,55769.0,13.2,87.5,21.1,3.0,0.4634,5.000737673774033
37047,Columbus County,North Carolina,26363,17592,8648,0.6672988658346926,0.3280355043052763,0.3392633615294163,50453,42.4,60.16,28.68,0.42,5.48,20.43,2.3,3.3,7.9,11.6,1.1,15.0,6.1,48184.0,15.9,86.5,15.1,2.2,0.4746,4.7028869950468515
37049,Craven County,North Carolina,56028,33477,22011,0.5975048190190619,0.3928571428571428,0.20464767616191915,101074,39.2,67.37,20.28,2.74,7.44,20.46,2.4,1.6,4.9,11.5,1.4,12.7,4.7,64635.0,10.4,91.8,26.0,4.1,0.4627,5.004639453229751
37051,Cumberland County,North Carolina,140175,59840,78631,0.4268949527376494,0.5609488139825218,-0.13405386124487245,336749,31.8,43.91,37.34,2.64,12.37,12.69,4.0,0.7,6.2,8.7,1.7,12.9,5.8,58780.0,13.7,92.6,27.2,6.7,0.4467,5.5273063147287225
37053,Currituck County,North Carolina,18010,13235,4604,0.7348695169350361,0.2556357579122709,0.4792337590227652,29612,41.7,85.64,5.1,1.01,4.88,17.24,1.9,0.5,9.5,7.9,0.8,13.4,5.0,91548.0,5.8,93.9,29.3,2.6,0.4054,4.471467740710164
37055,Dare County,North Carolina,25115,14792,10074,0.5889707346207446,0.4011148715906829,0.1878558630300617,37534,48.5,87.27,2.8,0.52,7.1,24.27,3.7,2.3,10.6,5.8,1.5,12.6,3.0,81214.0,4.8,95.2,42.8,4.9,0.4228,4.574424849661118
37057,Davidson County,North Carolina,93091,67959,24150,0.7300276073949147,0.2594235747816653,0.4706040326132494,171063,42.3,79.08,9.29,1.52,8.55,18.61,2.4,0.6,8.3,17.4,2.7,12.3,7.5,62426.0,10.6,87.7,20.7,5.7,0.4358,5.233156084155286
37059,Davie County,North Carolina,26704,19398,6988,0.7264080287597364,0.26168364289994,0.4647243858597964,43526,45.0,84.25,3.98,0.71,8.03,21.76,2.7,1.9,7.9,18.4,2.2,12.1,5.1,73234.0,7.6,90.7,26.8,5.1,0.4211,4.63874875772143
37061,Duplin County,North Carolina,22864,14677,8057,0.6419261721483555,0.352388033589923,0.28953813855843247,49053,40.7,57.47,22.8,0.61,22.7,19.65,2.8,6.1,11.2,18.0,1.9,10.0,7.4,51880.0,12.5,81.9,17.5,11.8,0.4295,4.690665573257329
37063,Durham County,North Carolina,180189,32853,144450,0.1823252251802274,0.8016582588282304,-0.619333033648003,329405,35.8,45.53,33.06,5.15,15.27,14.04,2.8,0.4,6.4,7.1,1.4,7.9,3.0,79501.0,8.1,90.7,53.5,15.2,0.4636,5.517730186988954
37065,Edgecombe County,North Carolina,24416,9355,14900,0.3831503931847969,0.6102555701179554,-0.22710517693315851,48777,41.7,37.84,55.91,0.25,5.82,20.46,4.6,2.3,6.3,17.4,2.1,12.5,5.5,48480.0,19.0,84.4,16.7,3.1,0.4566,4.688215085778626
37067,Forsyth County,North Carolina,203928,87292,114145,0.4280530383272528,0.5597318661488369,-0.13167882782158408,386740,38.3,58.19,25.49,2.37,14.62,16.61,3.3,0.4,6.7,12.7,2.1,10.7,5.2,65541.0,9.9,89.9,36.9,9.2,0.4735,5.5874190928925
37069,Franklin County,North Carolina,42526,23938,18167,0.5629026948219913,0.4271974791892019,0.13570521563278937,71962,40.9,62.99,23.73,0.81,10.61,17.06,3.4,1.2,12.3,11.4,2.9,13.5,5.3,71386.0,7.1,87.7,24.4,5.4,0.4162,4.8571032249471875
37071,Gaston County,North Carolina,118959,73828,44062,0.6206171874343261,0.3703965231718491,0.250220664262477,231485,39.5,70.42,17.57,1.65,9.3,16.31,3.0,0.5,8.1,13.9,2.4,12.0,8.2,65472.0,9.4,88.1,26.0,5.7,0.4628,5.364522854411043
37073,Gates County,North Carolina,5860,3538,2268,0.6037542662116041,0.3870307167235495,0.2167235494880546,10437,47.7,63.47,31.18,0.0,2.1,22.0,5.0,3.4,9.9,13.6,2.9,12.7,6.4,61612.0,7.2,89.6,10.8,1.3,0.4032,4.018575683467251
37075,Graham County,North Carolina,4769,3883,839,0.8142168169427553,0.1759278674774586,0.6382889494652967,8041,45.5,85.24,0.7,1.12,2.93,24.82,3.4,3.0,16.4,3.3,0.0,12.0,3.7,49038.0,6.4,84.8,16.8,2.4,0.4288,3.9053100621160857
37077,Granville County,North Carolina,32044,17383,14365,0.5424728498314817,0.4482898514542504,0.09418299837723132,61439,42.5,57.07,29.46,0.59,10.65,17.28,2.5,1.3,9.2,11.5,2.0,9.6,5.1,70975.0,11.1,86.6,24.0,5.8,0.4365,4.788444138370847
37079,Greene County,North Carolina,8442,4965,3437,0.5881307746979388,0.4071310116086235,0.1809997630893153,20421,39.6,49.32,32.17,0.02,15.07,16.94,2.8,6.1,9.7,14.8,3.1,11.6,6.0,50904.0,16.4,77.8,12.2,6.5,0.3958,4.310077005324261
37081,Guilford County,North Carolina,284114,109077,171118,0.3839198349958115,0.6022864061609072,-0.21836657116509572,542987,37.4,49.13,34.01,5.17,9.8,15.62,3.0,0.4,5.1,12.9,3.1,11.5,6.9,66027.0,10.8,90.3,38.1,11.4,0.4793,5.734789431990597
37083,Halifax County,North Carolina,23938,9778,14014,0.4084718857047372,0.5854290249812014,-0.17695713927646423,48219,43.8,37.2,51.93,0.92,3.23,21.62,4.4,2.2,4.7,17.7,1.3,10.6,8.5,45071.0,20.7,80.9,15.5,2.5,0.4891,4.683218199426229
37085,Harnett County,North Carolina,63597,39440,23472,0.6201550387596899,0.369074012925138,0.25108102583455194,136503,35.4,62.95,20.79,1.18,14.63,13.41,2.8,1.0,10.5,12.2,1.4,12.5,5.5,69012.0,11.0,88.7,23.9,6.3,0.4299,5.135142196205555
37087,Haywood County,North Carolina,37724,23393,13913,0.6201092142932881,0.368810306436221,0.25129890785706716,62432,47.8,91.86,1.0,0.41,4.73,25.35,1.9,1.2,6.5,13.1,0.9,11.1,4.8,61001.0,7.9,91.6,29.4,2.2,0.4286,4.795407247714424
37089,Henderson County,North Carolina,69651,39497,29361,0.5670701066747067,0.4215445578670801,0.14552554880762658,117387,47.2,84.14,3.27,1.29,12.81,26.03,1.9,1.2,9.1,11.6,1.9,13.5,4.4,67623.0,9.1,91.1,35.1,7.7,0.4482,5.069620003718442
37091,Hertford County,North Carolina,9819,3561,6191,0.3626642224259089,0.630512272125471,-0.2678480496995621,20492,42.3,35.16,56.78,1.03,6.48,21.31,2.7,3.1,5.3,16.3,1.8,10.8,6.6,47472.0,14.1,84.7,16.7,4.5,0.4818,4.311584347204303
37093,Hoke County,North Carolina,22724,10547,11896,0.4641348354162999,0.5234993839112833,-0.05936454849498335,53102,33.7,40.83,33.51,1.44,15.26,11.4,3.8,1.3,6.8,11.0,0.7,12.6,5.7,60095.0,13.1,88.9,21.3,6.2,0.4864,4.725110878381028
37095,Hyde County,North Carolina,2417,1465,931,0.6061232933388498,0.3851882498965659,0.22093504344228393,4625,48.5,60.71,24.95,0.0,7.74,22.79,1.2,15.4,6.7,4.6,0.7,3.2,5.2,47338.0,17.3,86.8,13.7,2.0,0.3937,3.6651117370750512
37097,Iredell County,North Carolina,110560,72801,36739,0.65847503617945,0.3322992040520984,0.32617583212735163,191800,40.9,75.53,11.58,2.55,8.86,16.45,2.9,1.1,7.0,16.1,3.9,14.0,5.6,78678.0,7.3,91.2,33.3,7.0,0.4615,5.282848602834645
37099,Jackson County,North Carolina,21864,11796,9746,0.539517014270033,0.4457555799487742,0.09376143432125877,43089,38.9,79.49,2.37,1.18,7.68,20.42,3.6,1.2,8.1,5.3,0.5,12.6,3.0,53479.0,10.3,89.8,30.0,4.6,0.4884,4.634366415194857
37101,Johnston County,North Carolina,124360,74878,48116,0.6021067867481505,0.3869089739466066,0.21519781280154393,226623,38.3,66.64,16.6,0.79,16.24,13.51,2.6,1.0,12.3,11.4,2.5,11.6,4.9,79838.0,8.1,89.5,27.6,8.5,0.4225,5.355303984371975
37103,Jones County,North Carolina,5458,3409,2007,0.6245877610846464,0.3677171124954195,0.2568706485892269,9245,48.1,63.35,27.29,0.72,4.77,23.82,2.2,4.4,7.4,11.6,1.9,11.3,6.7,55659.0,16.9,86.5,17.9,2.3,0.4276,3.965906915495192
37105,Lee County,North Carolina,30007,17489,12245,0.5828306728430033,0.4080714499950011,0.17475922284800216,64565,39.9,65.68,18.58,1.23,21.05,16.88,2.4,1.0,9.3,19.8,1.9,10.4,5.4,63060.0,13.1,85.1,21.6,9.6,0.4268,4.809997155362193
37107,Lenoir County,North Carolina,27465,14564,12700,0.530274895321318,0.4624066994356454,0.06786819588567261,54917,42.2,50.58,39.69,0.8,8.41,21.08,4.0,3.5,9.1,15.4,2.3,9.8,4.2,44795.0,17.4,82.5,15.8,4.2,0.4669,4.7397068046202175
37109,Lincoln County,North Carolina,55433,40183,14842,0.7248931142099472,0.2677466491079321,0.45714646510201506,90359,44.3,84.75,5.83,0.78,7.82,19.0,2.2,0.8,10.1,16.3,2.6,10.9,7.1,78490.0,6.8,90.0,27.0,5.1,0.4566,4.955971415952563
37111,McDowell County,North Carolina,23600,17520,5911,0.7423728813559322,0.2504661016949152,0.491906779661017,44679,44.3,88.46,3.87,1.08,6.78,20.72,2.5,2.4,7.2,24.0,1.3,12.1,6.8,55527.0,9.2,86.1,17.6,3.8,0.4286,4.650103444225532
37113,Macon County,North Carolina,21846,14981,6675,0.6857548292593609,0.3055479263938478,0.3802069028655131,37533,50.1,88.64,1.19,0.93,9.68,28.86,1.6,1.6,13.3,4.4,1.9,11.4,4.4,53298.0,8.7,90.0,24.6,5.7,0.4875,4.574413278811559
37115,Madison County,North Carolina,13561,8275,5090,0.6102057370400413,0.3753410515448713,0.23486468549517003,21640,44.5,92.03,1.03,0.43,3.51,23.13,1.4,2.1,12.0,5.9,1.3,14.7,6.4,58628.0,7.6,90.9,31.5,1.4,0.476,4.335257256434532
37117,Martin County,North Carolina,12028,6601,5360,0.5488027934818757,0.4456268706351846,0.10317592284669108,21773,46.7,51.62,41.03,0.57,4.31,25.0,3.9,4.1,5.4,15.4,1.4,8.7,5.1,46793.0,14.9,83.3,15.1,1.7,0.4295,4.337918272572673
37119,Mecklenburg County,North Carolina,573679,187770,376454,0.327308477388923,0.6562101802576005,-0.3289017028686775,1130906,35.4,46.55,30.47,6.15,15.44,11.7,3.0,0.3,7.2,7.9,2.5,10.3,6.8,83765.0,7.5,90.8,48.6,16.9,0.4935,6.053426508216465
37121,Mitchell County,North Carolina,8821,6843,1915,0.7757623852170956,0.2170955673959868,0.5586668178211088,14973,48.0,92.13,0.79,0.42,5.28,25.46,3.7,6.9,5.0,13.3,1.5,8.2,3.3,58089.0,8.7,89.7,23.1,3.1,0.4613,4.175308824585785
37123,Montgomery County,North Carolina,13188,9044,4055,0.6857749469214437,0.3074764937822262,0.3782984531392175,25874,43.6,66.82,16.69,1.56,15.46,21.82,1.5,3.9,11.1,20.6,0.6,10.2,2.4,55849.0,12.8,84.0,19.3,8.0,0.4754,4.412863573812828
37125,Moore County,North Carolina,61590,39617,21436,0.6432375385614548,0.3480435135573956,0.2951940250040592,102840,42.8,77.99,9.62,1.28,7.58,24.05,2.4,2.3,6.9,8.8,1.8,10.0,4.1,82837.0,5.8,92.7,40.9,5.0,0.4514,5.012162067970823
37127,Nash County,North Carolina,52364,26431,25508,0.5047551753112826,0.4871285616072111,0.01762661370407148,95451,41.6,48.19,40.64,0.86,7.94,18.95,3.7,1.8,8.8,17.7,2.7,12.2,6.0,60704.0,10.4,86.4,21.7,4.0,0.4504,4.979780482674232
37129,New Hanover County,North Carolina,138243,67949,68814,0.4915185579016659,0.497775655910245,-0.006257098008579098,231214,40.1,77.41,11.27,1.39,7.64,18.7,3.0,0.5,7.6,6.5,2.1,11.7,3.6,72892.0,7.0,93.6,44.8,6.1,0.4801,5.364014127061067
37131,Northampton County,North Carolina,9197,3905,5239,0.4245949766228117,0.5696422746547787,-0.14504729803196698,17212,51.6,39.66,54.91,0.12,2.31,28.52,3.3,3.8,8.9,16.7,1.9,13.9,6.8,47935.0,15.2,84.5,19.0,1.6,0.4966,4.235831337410518
37133,Onslow County,North Carolina,81476,54960,25684,0.6745544700279837,0.3152339339191909,0.35932053610879283,208537,27.1,69.24,12.54,1.83,13.78,9.74,2.6,0.7,8.8,5.2,1.3,14.4,5.9,64568.0,9.9,93.2,26.1,4.0,0.416,5.319183121517075
37135,Orange County,North Carolina,87426,20806,65444,0.237984123716057,0.7485645002630796,-0.5105803765470226,147292,36.2,70.47,10.59,7.88,10.55,15.68,2.2,0.6,5.0,5.7,1.1,8.0,2.1,88553.0,5.4,93.2,61.8,12.6,0.5126,5.168179159264855
37137,Pamlico County,North Carolina,7961,5229,2676,0.6568270317799272,0.3361386760457229,0.3206883557342043,12315,54.1,74.58,18.56,0.6,4.6,30.65,1.9,9.7,8.9,9.3,1.0,11.3,6.1,61624.0,8.0,90.0,25.4,2.8,0.453,4.090434416175122
37139,Pasquotank County,North Carolina,20277,10537,9549,0.5196528086008778,0.4709276520195295,0.048725156581348295,40830,39.0,55.57,35.17,1.23,5.88,18.08,3.8,2.0,6.8,9.5,2.3,10.0,4.0,63912.0,6.5,90.0,26.9,2.6,0.4318,4.6109793799229974
37141,Pender County,North Carolina,38837,26042,12460,0.6705461286917115,0.3208280763189742,0.3497180523727373,63475,41.8,75.75,12.36,0.69,8.51,18.04,3.6,1.8,12.5,7.8,1.3,12.6,5.5,76838.0,7.0,90.5,29.8,4.1,0.4343,4.80260270954576
37143,Perquimans County,North Carolina,7640,5278,2269,0.6908376963350785,0.2969895287958115,0.39384816753926705,13146,50.5,70.31,21.76,0.81,2.97,28.39,2.4,2.4,7.6,9.9,2.5,9.7,8.1,61224.0,7.7,86.7,20.4,2.3,0.4118,4.118793627944349
37145,Person County,North Carolina,21993,13509,8295,0.6142408948301732,0.3771654617378256,0.23707543309234758,39275,43.9,65.68,25.47,0.43,5.86,21.01,2.4,1.6,7.6,14.5,2.4,11.3,5.2,64927.0,13.8,89.1,19.8,3.1,0.4804,4.5941161937120105
37147,Pitt County,North Carolina,86924,40403,45595,0.4648083383185311,0.5245386774653721,-0.059730339146841005,172279,33.6,52.96,35.1,1.79,7.7,14.29,4.7,0.9,5.6,10.0,2.3,10.8,4.9,58851.0,11.6,90.9,33.9,5.6,0.4799,5.23623234221906
37149,Polk County,North Carolina,13032,8107,4827,0.6220841006752609,0.3703959484346225,0.2516881522406384,19689,54.4,87.71,5.09,0.1,5.46,32.06,2.3,4.4,9.3,10.7,1.3,10.5,2.5,61005.0,9.7,91.9,32.9,4.4,0.479,4.294223658976586
37151,Randolph County,North Carolina,75841,59357,15951,0.7826505452196042,0.2103215938608404,0.5723289513587638,145322,41.4,80.2,6.13,1.11,13.57,18.15,2.2,1.1,8.0,23.3,2.3,11.8,6.2,59047.0,11.2,84.0,17.6,6.1,0.415,5.162331366227471
37153,Richmond County,North Carolina,19848,11931,7787,0.6011185006045949,0.3923317210802096,0.20878677952438535,42818,40.3,56.89,31.76,0.8,7.52,17.86,5.5,4.8,5.1,15.8,1.5,9.8,7.4,43626.0,21.0,84.2,16.2,3.7,0.4667,4.6316263778288285
37155,Robeson County,North Carolina,46677,29647,16728,0.6351522162949632,0.358377787775564,0.2767744285193992,116858,36.5,24.84,23.3,0.82,10.45,15.82,3.2,2.3,9.8,16.5,1.4,10.4,6.0,40318.0,22.4,78.9,14.6,5.1,0.5107,5.06765844917948
37157,Rockingham County,North Carolina,49492,33447,15676,0.6758061908995393,0.3167380586761497,0.3590681322233896,91585,44.7,72.64,17.59,0.2,6.89,20.75,3.6,0.5,8.4,19.8,2.5,9.3,5.8,55796.0,13.2,84.4,16.1,3.2,0.4531,4.961824349752212
37159,Rowan County,North Carolina,75236,50807,23788,0.6753017172630124,0.3161784252219682,0.35912329204104415,148487,40.5,71.33,15.68,0.98,11.3,17.51,3.5,1.3,9.2,15.3,3.3,11.4,5.8,63196.0,12.2,88.1,21.5,6.0,0.4511,5.171688432943447
37161,Rutherford County,North Carolina,34600,25456,8914,0.7357225433526011,0.2576300578034682,0.4780924855491329,64850,45.3,82.96,8.08,0.53,5.45,22.1,3.0,1.3,8.3,16.1,0.7,10.9,6.0,49771.0,13.3,86.6,20.7,3.2,0.4655,4.811909980420099
37163,Sampson County,North Carolina,28138,18178,9797,0.6460302793375506,0.3481768427038169,0.29785343663373376,59245,39.7,53.23,24.93,0.49,21.27,17.95,2.9,8.0,11.6,12.3,2.1,13.0,5.3,53159.0,13.6,84.3,15.8,10.6,0.452,4.772651703812302
37165,Scotland County,North Carolina,14613,7767,6754,0.5315130363375077,0.4621911996167795,0.06932183672072817,34353,38.3,41.03,37.76,1.01,3.7,17.86,5.4,3.0,5.5,20.5,1.5,11.0,7.3,43500.0,23.2,82.4,14.8,2.8,0.5291,4.535964669388424
37167,Stanly County,North Carolina,36651,27518,8881,0.7508117104581048,0.2423126244850072,0.5084990859730976,63557,40.6,80.36,11.01,1.9,5.26,19.04,2.4,2.5,10.9,15.4,2.1,11.7,4.3,61631.0,10.4,87.1,19.7,4.3,0.4464,4.803163389570672
37169,Stokes County,North Carolina,27127,21548,5380,0.7943377446824197,0.1983263906808714,0.5960113540015483,44889,47.6,91.32,3.44,0.04,3.61,22.5,2.5,0.6,6.9,18.1,2.3,11.0,7.1,60039.0,9.2,89.9,18.5,1.8,0.4212,4.652139930656291
37171,Surry County,North Carolina,37424,28565,8613,0.7632802479692176,0.2301464300983326,0.533133817870885,71407,43.7,86.17,3.75,0.64,12.15,20.61,2.9,2.4,9.3,18.0,1.5,13.2,5.8,56095.0,13.3,82.6,19.4,5.9,0.4746,4.853740787579542
37173,Swain County,North Carolina,7036,4311,2643,0.6127060830017055,0.3756395679363274,0.23706651506537807,14065,42.6,61.15,1.51,0.4,5.1,19.7,4.6,3.4,9.0,2.4,2.3,7.9,2.2,55429.0,14.3,87.1,21.3,1.6,0.4522,4.14813973650122
37175,Transylvania County,North Carolina,20706,11492,8972,0.555008210180624,0.4333043562252487,0.12170385395537525,33243,51.9,89.27,3.92,0.54,4.92,30.82,1.9,1.6,10.1,10.5,0.8,11.7,3.5,64523.0,8.7,93.8,38.6,3.5,0.4594,4.5217002095962755
37177,Tyrrell County,North Carolina,1752,1057,680,0.603310502283105,0.3881278538812785,0.2151826484018265,3376,46.0,56.37,32.67,0.86,9.98,25.53,2.2,7.1,15.5,1.8,0.7,9.7,2.3,43952.0,12.5,80.5,14.7,8.5,0.4201,3.5284024379536176
37179,Union County,North Carolina,138875,86271,51168,0.6212133213321333,0.3684464446444644,0.25276687668766884,244975,39.1,71.09,11.18,4.08,12.93,13.23,2.8,1.0,8.9,11.5,2.9,11.7,4.9,99243.0,5.7,90.4,39.0,11.5,0.4455,5.389121766339911
37181,Vance County,North Carolina,20059,8614,11292,0.4294331721421806,0.5629393289795105,-0.13350615683732991,42361,39.9,38.5,48.97,0.64,9.1,18.79,4.0,1.9,6.8,15.7,1.9,13.4,4.3,46943.0,14.2,85.4,18.5,4.9,0.4591,4.626966203780956
37183,Wake County,North Carolina,650796,236735,402984,0.3637622234924615,0.6192170818505338,-0.2554548583580723,1151009,37.2,59.39,19.29,8.1,11.39,12.52,2.9,0.5,6.1,8.7,2.1,9.3,3.9,101763.0,4.9,94.0,56.3,14.5,0.4486,6.061078719489962
37185,Warren County,North Carolina,9985,3976,5872,0.3981972959439159,0.5880821231847772,-0.18988482724086125,18751,48.6,38.48,47.07,0.66,4.43,26.92,4.0,3.6,6.7,18.7,1.2,13.9,6.5,45279.0,17.0,86.7,19.0,3.0,0.5175,4.273024433818464
37187,Washington County,North Carolina,5939,2768,3138,0.466071729247348,0.5283717797609025,-0.06230005051355453,10905,49.3,46.6,49.62,0.1,3.91,27.36,5.4,5.1,7.4,9.5,2.3,11.0,3.3,41750.0,18.5,85.6,12.2,0.7,0.5016,4.0376256699147195
37189,Watauga County,North Carolina,32934,15254,17225,0.4631687617659561,0.5230157284265501,-0.05984696666059397,54607,32.2,90.34,2.19,1.22,6.05,16.73,5.4,0.6,7.8,5.0,1.3,15.2,2.7,51367.0,7.9,92.4,47.7,3.7,0.5143,4.737248317915621
37191,Wayne County,North Carolina,54667,31580,22618,0.5776794043938757,0.413741379625734,0.16393802476814168,117606,37.4,55.0,30.59,1.16,13.18,16.74,3.1,2.6,5.7,14.3,2.8,13.6,5.0,58082.0,12.2,86.4,21.3,6.9,0.4487,5.0704294790566165
37193,Wilkes County,North Carolina,36240,28812,7194,0.7950331125827814,0.1985099337748344,0.596523178807947,65983,45.3,87.24,3.73,0.58,7.25,22.7,2.7,2.2,8.1,16.9,2.1,14.2,7.0,50438.0,12.4,81.9,16.7,3.3,0.4192,4.819432057402515
37195,Wilson County,North Carolina,39978,19750,19909,0.4940217119415678,0.497998899394667,-0.003977187453099218,78648,40.7,46.07,39.27,1.02,11.89,18.99,3.4,1.7,8.0,17.6,2.5,11.1,3.6,51381.0,15.5,84.4,20.3,6.0,0.4831,4.895687683093982
37197,Yadkin County,North Carolina,20346,16439,3739,0.8079720829647105,0.183770765752482,0.6242013172122285,37419,44.3,86.2,2.93,0.08,12.05,20.73,3.2,2.2,11.5,17.9,2.9,9.1,6.5,60321.0,8.1,86.5,15.8,5.3,0.4651,4.573092177063377
37199,Yancey County,North Carolina,11247,7509,3635,0.6676447052547346,0.3231972970569929,0.3444474081977417,18676,47.9,92.46,0.58,0.41,5.63,26.48,3.1,2.3,9.9,15.2,1.2,12.8,6.0,54961.0,8.5,88.1,23.0,3.0,0.4913,4.271283865258768
38001,Adams County,North Dakota,1191,962,215,0.8077246011754828,0.1805205709487825,0.6272040302267003,2179,50.0,87.98,0.69,0.69,4.5,28.13,1.2,19.7,5.7,1.8,3.4,12.2,4.0,55417.0,9.4,92.4,20.8,2.9,0.4573,3.3382572302462554
38003,Barnes County,North Dakota,5294,3531,1661,0.6669814884775217,0.3137514166981488,0.3532300717793729,10794,42.9,91.0,1.27,1.34,1.99,22.75,1.9,10.9,8.5,8.6,3.3,8.8,2.3,70230.0,6.7,95.3,30.0,2.4,0.4824,4.033182413729195
38005,Benson County,North Dakota,1994,1163,795,0.5832497492477432,0.3986960882647943,0.1845536609829489,5861,32.4,42.98,0.55,0.67,1.67,15.39,1.0,9.0,6.1,3.9,3.5,7.4,4.3,68049.0,21.6,88.5,22.1,1.3,0.4926,3.7679717213816186
38007,Billings County,North Dakota,644,543,93,0.843167701863354,0.1444099378881987,0.6987577639751553,948,44.7,98.84,0.0,0.0,3.69,27.0,1.0,28.5,3.3,1.9,6.4,5.8,6.2,81250.0,12.4,94.6,32.4,1.2,0.4151,2.976808337338066
38009,Bottineau County,North Dakota,3422,2628,735,0.7679719462302746,0.2147866744593805,0.5531852717708942,6390,43.8,90.86,0.42,0.63,2.44,24.8,0.9,16.8,9.2,3.4,3.3,9.8,7.9,83460.0,4.0,94.0,27.4,3.3,0.4669,3.8055008581584002
38011,Bowman County,North Dakota,1611,1384,207,0.8590937306021105,0.1284916201117318,0.7306021104903787,2935,42.7,94.24,0.0,0.0,4.67,23.82,2.3,26.5,6.2,3.9,3.3,12.9,1.7,83773.0,8.3,90.2,27.3,1.7,0.3626,3.467608105583633
38013,Burke County,North Dakota,1051,909,130,0.8648905803996194,0.1236917221693625,0.7411988582302569,2163,41.1,91.59,0.74,2.77,0.88,21.22,2.9,24.6,9.4,3.0,4.1,5.7,6.0,96339.0,0.7,92.7,23.5,4.0,0.4368,3.3350565194390915
38015,Burleigh County,North Dakota,51764,36595,14215,0.7069585039795997,0.2746116992504443,0.4323468047291554,98986,38.0,86.58,1.89,0.86,3.28,17.38,2.0,2.9,8.0,5.1,2.8,10.3,7.1,84948.0,5.1,95.2,38.7,3.0,0.4361,4.9955737748733595
38017,Cass County,North Dakota,89842,47873,40304,0.5328576834887915,0.4486097816166158,0.08424790187217568,189286,32.9,83.5,6.47,3.1,3.47,12.76,2.3,2.1,7.1,8.7,3.4,10.6,4.0,75023.0,5.0,95.8,43.3,7.7,0.4596,5.277118493796916
38019,Cavalier County,North Dakota,1977,1461,491,0.7389984825493171,0.2483560950935761,0.490642387455741,3663,47.1,92.82,0.0,0.08,2.65,27.3,0.7,25.1,8.1,3.4,5.3,8.4,7.3,67064.0,5.2,93.1,22.2,2.0,0.4727,3.5638369186645447
38021,Dickey County,North Dakota,2435,1829,557,0.751129363449692,0.228747433264887,0.5223819301848049,4959,38.6,92.66,0.28,1.13,3.91,19.6,1.9,16.2,5.0,13.4,3.4,12.9,6.0,63125.0,7.3,91.4,27.1,3.2,0.4945,3.6953941082911097
38023,Divide County,North Dakota,1194,914,253,0.7654941373534339,0.211892797319933,0.5536013400335009,2174,47.3,89.42,3.54,0.32,5.57,24.56,1.8,28.3,5.0,0.6,1.8,12.8,8.1,89297.0,6.4,88.4,20.4,1.7,0.4134,3.3372595397502756
38025,Dunn County,North Dakota,2231,1877,332,0.841326759300762,0.1488121918422232,0.6925145674585388,4043,40.8,82.12,0.57,0.64,3.73,18.65,1.6,21.1,8.3,9.7,1.7,11.5,8.2,94688.0,3.6,92.7,20.6,3.0,0.4659,3.6067037413336744
38027,Eddy County,North Dakota,1201,862,316,0.7177352206494588,0.2631140716069942,0.45462114904246465,2319,48.7,91.25,0.0,0.0,3.92,26.82,1.3,18.9,6.8,8.0,6.1,9.2,2.9,55389.0,9.4,92.7,28.2,0.4,0.4539,3.3653007486379876
38029,Emmons County,North Dakota,1923,1697,205,0.8824752990119604,0.1066042641705668,0.7758710348413936,3269,51.5,94.34,0.06,0.55,0.95,28.85,1.1,22.2,8.1,5.0,5.0,12.3,5.2,67368.0,4.7,88.9,20.7,1.3,0.4547,3.514414920580369
38031,Foster County,North Dakota,1692,1326,335,0.7836879432624113,0.1979905437352246,0.5856973995271867,3372,43.3,94.25,0.36,1.33,0.83,23.07,0.1,8.8,5.2,14.7,3.6,14.0,5.7,83412.0,5.4,93.2,27.2,1.4,0.4189,3.527887565952705
38033,Golden Valley County,North Dakota,984,847,122,0.8607723577235772,0.1239837398373983,0.7367886178861789,1679,45.7,91.24,0.06,0.54,1.61,25.25,2.7,24.4,5.8,5.7,4.9,7.1,2.3,76528.0,12.4,96.6,18.0,1.1,0.4077,3.225050696138049
38035,Grand Forks County,North Dakota,31089,18123,12469,0.5829393032905529,0.4010743349737849,0.18186496831676796,72764,30.6,83.92,3.59,2.7,5.2,14.01,1.9,3.3,5.7,7.8,2.1,13.0,5.0,68450.0,7.3,95.7,37.2,5.8,0.4592,4.861916565187742
38037,Grant County,North Dakota,1304,1076,205,0.8251533742331288,0.1572085889570552,0.6679447852760736,2276,48.8,93.63,0.09,2.59,0.92,28.87,2.1,24.2,5.9,1.6,2.0,9.9,6.8,56750.0,10.6,89.4,21.2,3.6,0.5102,3.3571722577230334
38039,Griggs County,North Dakota,1285,963,301,0.7494163424124514,0.2342412451361867,0.5151750972762646,2340,50.6,94.83,1.15,0.13,1.28,28.8,0.9,27.0,4.9,11.2,1.2,6.4,5.4,64737.0,7.9,93.5,27.4,1.7,0.5254,3.369215857410143
38041,Hettinger County,North Dakota,1294,1089,192,0.8415765069551777,0.1483771251931993,0.6931993817619784,2453,42.6,94.9,0.33,0.33,0.12,26.21,3.7,25.4,10.3,4.3,3.1,7.6,4.8,70827.0,5.4,93.1,18.7,0.6,0.473,3.3896975482063856
38043,Kidder County,North Dakota,1391,1137,238,0.8173975557153127,0.1710999281092739,0.6462976276060388,2374,47.8,96.21,0.21,0.0,2.91,26.92,0.8,22.0,10.7,4.8,0.7,12.0,7.9,61850.0,7.0,91.8,21.3,0.9,0.4057,3.3754807146185724
38045,LaMoure County,North Dakota,2109,1614,453,0.7652916073968705,0.2147937411095306,0.5504978662873399,4107,46.7,96.08,0.27,0.1,2.0,26.93,1.0,20.4,7.0,7.4,4.6,9.5,3.8,70263.0,5.2,92.0,24.2,0.5,0.4564,3.6135247028536526
38047,Logan County,North Dakota,1031,898,117,0.8709990300678953,0.113482056256062,0.7575169738118332,1848,49.9,94.16,0.05,0.0,3.14,27.76,0.7,24.3,3.4,2.1,4.2,9.9,7.8,61339.0,7.6,89.9,26.2,1.9,0.4365,3.2667019668840878
38049,McHenry County,North Dakota,2735,2223,479,0.8127970749542962,0.1751371115173674,0.6376599634369288,5264,43.4,95.21,0.7,0.49,2.18,21.81,3.0,22.1,6.8,4.0,3.8,8.9,8.0,80614.0,5.9,91.4,20.9,1.6,0.4282,3.721315880605899
38051,McIntosh County,North Dakota,1381,1132,229,0.8196958725561188,0.165821868211441,0.6538740043446778,2512,53.8,92.52,0.08,1.47,2.95,31.01,0.6,20.8,5.8,4.3,4.8,7.8,7.2,64236.0,14.6,88.4,17.0,4.9,0.4361,3.4000196350651586
38053,McKenzie County,North Dakota,5483,4627,809,0.8438810869961699,0.1475469633412365,0.6963341236549334,14280,31.2,80.1,2.14,0.92,11.22,9.14,1.1,23.3,12.2,3.7,2.9,10.5,7.7,88289.0,10.2,92.3,22.8,3.9,0.4727,4.154728207440155
38055,McLean County,North Dakota,5398,4231,1093,0.7838088180807706,0.2024824008892182,0.5813264171915524,9807,47.4,88.8,0.16,0.38,1.98,25.6,0.9,18.4,7.4,4.9,2.4,8.1,9.9,81847.0,5.0,93.6,23.9,1.8,0.389,3.9915361753000314
38057,Mercer County,North Dakota,4530,3798,672,0.83841059602649,0.1483443708609271,0.6900662251655629,8341,42.8,90.96,0.6,0.42,2.7,21.87,1.0,12.4,7.6,4.6,0.7,12.5,12.3,79405.0,7.5,90.4,22.6,1.8,0.3963,3.92121812119495
38059,Morton County,North Dakota,16906,12839,3748,0.7594345202886549,0.2216964391340352,0.5377380811546197,33479,37.7,87.86,1.74,0.22,4.22,16.81,1.0,5.1,8.0,5.8,1.6,13.2,6.5,79483.0,2.9,94.5,29.3,1.0,0.4591,4.524772477368776
38061,Mountrail County,North Dakota,4060,2877,1125,0.7086206896551724,0.2770935960591133,0.4315270935960591,9567,35.1,59.84,2.01,0.73,8.24,13.06,1.9,14.7,5.0,5.5,3.1,9.7,7.7,81292.0,10.7,88.6,22.4,3.0,0.4562,3.9807757739626215
38063,Nelson County,North Dakota,1755,1141,580,0.6501424501424501,0.3304843304843304,0.3196581196581197,3015,50.4,93.3,0.0,1.03,2.85,27.86,0.6,17.6,8.2,5.0,5.7,11.3,3.2,68051.0,5.6,93.3,28.2,3.5,0.454,3.47928731647617
38065,Oliver County,North Dakota,1084,909,156,0.8385608856088561,0.1439114391143911,0.694649446494465,1821,46.1,91.93,0.0,1.81,3.02,25.81,0.6,16.5,8.0,6.2,1.8,5.6,12.7,76953.0,4.1,94.6,20.5,0.9,0.3809,3.26030994579492
38067,Pembina County,North Dakota,3088,2350,704,0.7610103626943006,0.2279792746113989,0.5330310880829017,6787,45.5,90.29,0.96,0.49,3.98,25.53,2.4,14.3,6.9,13.4,4.4,10.7,4.3,66884.0,6.2,91.9,22.9,4.6,0.4535,3.8316778491914665
38069,Pierce County,North Dakota,1955,1493,439,0.7636828644501279,0.2245524296675191,0.5391304347826088,3961,44.3,93.31,0.28,0.76,1.06,24.64,0.8,14.0,6.5,6.4,4.2,10.7,5.5,63214.0,4.8,93.9,27.9,0.7,0.4488,3.597804842404293
38071,Ramsey County,North Dakota,5204,3609,1513,0.6935049961568025,0.2907378939277479,0.4027671022290546,11563,40.2,82.12,1.03,0.87,2.77,21.71,1.3,7.4,5.2,3.9,2.7,15.6,4.7,61319.0,11.7,93.1,27.6,2.7,0.4567,4.06307052564296
38073,Ransom County,North Dakota,2632,1661,920,0.631079027355623,0.3495440729483283,0.28153495440729476,5662,41.1,92.74,0.87,0.67,2.68,21.58,1.3,16.2,4.8,23.2,1.5,10.4,3.3,74521.0,7.5,90.6,21.0,2.4,0.4163,3.752969865029084
38075,Renville County,North Dakota,1203,993,179,0.8254364089775561,0.1487946799667498,0.6766417290108063,2277,42.5,96.84,0.0,0.4,0.92,20.03,0.5,19.1,9.4,4.8,1.4,10.7,8.8,76311.0,5.3,92.0,22.0,3.0,0.3638,3.3573630306151427
38077,Richland County,North Dakota,8199,5576,2473,0.6800829369435297,0.3016221490425662,0.37846078790096355,16550,38.0,90.13,0.94,0.21,3.69,19.57,1.2,11.2,5.5,14.4,3.3,9.5,4.7,72524.0,5.9,94.9,25.0,0.8,0.4673,4.218797998111738
38079,Rolette County,North Dakota,4060,1427,2567,0.3514778325123153,0.6322660098522167,-0.2807881773399014,12065,32.1,18.54,0.2,0.47,1.06,13.01,3.0,7.4,6.7,3.9,1.1,9.8,2.3,57355.0,19.0,83.9,16.6,0.8,0.4595,4.081527326244805
38081,Sargent County,North Dakota,2024,1325,663,0.6546442687747036,0.3275691699604743,0.3270750988142293,3822,44.1,90.74,2.75,0.26,2.88,22.68,0.8,12.3,6.7,31.3,2.5,5.6,4.3,77697.0,4.5,92.2,19.1,4.6,0.4154,3.582290682718994
38083,Sheridan County,North Dakota,753,644,101,0.8552456839309429,0.1341301460823373,0.7211155378486056,1327,50.8,95.7,0.0,0.9,0.38,31.65,0.6,24.8,13.9,1.2,1.7,7.3,5.8,67361.0,8.7,90.8,20.3,0.9,0.4029,3.1228709228644354
38085,Sioux County,North Dakota,950,285,654,0.3,0.6884210526315789,-0.38842105263157894,3789,28.7,12.35,0.18,0.0,1.0,9.21,11.0,11.6,3.1,1.2,1.3,6.8,2.7,41676.0,35.0,86.9,11.2,0.1,0.5414,3.578524605274993
38087,Slope County,North Dakota,387,351,33,0.9069767441860463,0.0852713178294573,0.821705426356589,795,54.2,93.84,0.0,0.0,0.13,27.55,3.4,51.0,5.0,3.5,0.8,6.0,4.5,62500.0,9.7,91.3,22.8,0.4,0.4704,2.9003671286564705
38089,Stark County,North Dakota,15017,12323,2473,0.8206033162415929,0.1646800293001265,0.6559232869414664,33116,34.5,86.75,2.35,1.22,6.96,13.45,2.1,14.0,10.3,8.6,3.4,12.8,6.9,80744.0,5.6,91.2,27.2,3.9,0.4365,4.520037873920871
38091,Steele County,North Dakota,1005,622,367,0.618905472636816,0.3651741293532338,0.25373134328358216,1731,46.4,94.11,0.29,0.0,2.6,28.83,2.1,32.8,6.8,8.2,2.5,8.8,4.4,80313.0,13.5,94.5,29.6,0.6,0.4374,3.238297067875394
38093,Stutsman County,North Dakota,10073,7185,2692,0.713292961381912,0.267249081703564,0.446043879678348,21525,40.6,91.95,2.14,0.5,2.95,20.11,2.3,7.1,5.6,11.0,3.4,11.4,3.5,60172.0,7.2,92.8,24.4,2.8,0.5109,4.3329431601256925
38095,Towner County,North Dakota,1110,796,289,0.7171171171171171,0.2603603603603603,0.4567567567567568,2113,50.3,84.52,0.71,0.0,3.74,24.94,0.9,27.2,3.0,3.5,3.8,11.4,7.9,63017.0,7.2,89.5,18.9,2.5,0.4613,3.3248994970523134
38097,Traill County,North Dakota,4080,2650,1359,0.6495098039215687,0.3330882352941176,0.3164215686274511,7980,40.7,91.1,0.86,0.43,3.75,20.04,1.5,10.5,6.1,13.1,3.8,10.3,5.2,88289.0,3.7,93.7,31.2,2.6,0.4198,3.902002891350729
38099,Walsh County,North Dakota,4456,3186,1173,0.7149910233393177,0.2632405745062837,0.45175044883303406,10488,43.8,85.25,0.88,0.69,12.7,21.55,1.4,15.2,8.5,7.7,2.8,11.5,6.3,69976.0,6.2,87.6,19.5,3.8,0.4184,4.020692678682028
38101,Ward County,North Dakota,28326,20635,7215,0.7284826661018146,0.2547129845371743,0.4737696815646403,69232,33.3,82.2,4.13,1.56,6.93,13.66,2.2,8.2,8.1,5.4,3.1,12.0,6.8,79273.0,4.5,95.1,29.7,4.0,0.4311,4.840306877854649
38103,Wells County,North Dakota,2242,1815,405,0.8095450490633364,0.1806422836752899,0.6289027653880465,3942,47.9,96.5,0.0,0.23,1.27,25.6,1.0,17.5,6.2,2.9,3.1,12.6,6.7,61346.0,6.7,91.8,22.3,0.6,0.5051,3.5957166199434245
38105,Williams County,North Dakota,15010,12501,2276,0.8328447701532312,0.1516322451698867,0.6812125249833445,39368,32.3,81.25,5.23,1.17,9.67,9.87,1.9,20.6,6.0,4.3,3.6,9.2,7.9,90224.0,5.7,90.6,23.7,7.5,0.4598,4.5951433520260245
39001,Adams County,Ohio,12429,10269,2098,0.8262128892107169,0.1687987770536648,0.657414112157052,27510,42.3,96.53,0.43,0.4,0.89,18.54,3.3,1.7,10.4,13.9,0.2,14.4,8.8,49521.0,14.8,85.2,14.3,1.2,0.4491,4.439490590389683
39003,Allen County,Ohio,46361,33201,12754,0.7161407217273139,0.2751019175600181,0.4410388041672958,101685,39.7,80.89,10.63,0.89,3.44,18.67,3.6,1.1,5.7,21.3,2.1,11.8,6.0,62001.0,9.8,92.4,19.9,1.9,0.4342,5.007256892965124
39005,Ashland County,Ohio,26662,19863,6544,0.7449928737529068,0.2454429525166904,0.4995499212362164,52296,41.4,95.05,1.15,0.59,1.69,20.04,2.2,2.4,7.4,22.0,1.6,11.9,6.2,64991.0,7.5,91.0,22.1,1.2,0.4117,4.718468471957862
39007,Ashtabula County,Ohio,43368,27656,15345,0.6377052204390334,0.3538323187603763,0.28387290167865714,97343,42.7,89.6,3.81,0.37,4.8,19.87,4.0,1.7,7.1,23.4,2.0,11.5,5.6,55507.0,13.7,87.5,16.0,1.7,0.4445,4.988304726573286
39009,Athens County,Ohio,25726,11369,14134,0.4419264557257249,0.5494052709321309,-0.10747881520640595,61573,32.8,90.65,2.5,2.11,2.24,14.7,3.3,1.0,5.4,9.0,1.7,9.7,3.4,53837.0,7.7,91.8,35.4,3.8,0.4906,4.789390314086938
39011,Auglaize County,Ohio,25623,20988,4442,0.8191078328064629,0.173359871990009,0.6457479608164539,46209,40.6,95.35,0.89,0.32,1.79,19.16,1.6,2.0,5.6,33.4,1.6,8.5,3.7,76454.0,5.5,93.6,20.8,0.5,0.3936,4.664726570137811
39013,Belmont County,Ohio,31032,22758,8080,0.7333720030935809,0.2603763856664088,0.47299561742717205,65982,44.1,91.37,3.09,0.59,1.27,21.38,3.1,5.7,7.0,7.8,3.0,16.4,6.4,58411.0,9.7,92.0,18.7,1.2,0.4417,4.819425475437874
39015,Brown County,Ohio,21442,17257,4069,0.804822311351553,0.1897677455461244,0.6150545658054286,43710,42.1,95.69,0.87,0.2,1.21,18.77,2.5,2.1,8.5,15.4,1.5,11.2,7.1,69990.0,11.8,87.8,15.8,0.5,0.4462,4.640580806489653
39017,Butler County,Ohio,183142,114831,66713,0.6270052745956689,0.364269255550338,0.2627360190453309,389910,37.1,77.93,8.29,4.09,6.62,15.53,3.0,0.4,6.2,16.6,2.2,12.1,5.5,81194.0,7.6,91.2,32.5,8.0,0.4403,5.590964373657149
39019,Carroll County,Ohio,13818,10634,3071,0.769575915472572,0.2222463453466493,0.5473295701259226,26731,45.5,95.07,0.73,0.05,1.26,21.89,2.2,4.5,8.7,22.0,3.3,11.8,4.2,64675.0,9.5,89.8,14.0,0.3,0.4279,4.427015205907992
39021,Champaign County,Ohio,20468,15334,4944,0.7491694352159468,0.241547781903459,0.5076216533124878,38772,41.6,92.32,1.7,0.39,1.76,18.93,3.3,3.7,5.5,25.0,1.6,9.0,5.8,74239.0,6.0,91.8,19.1,1.0,0.387,4.588518204065269
39023,Clark County,Ohio,62835,40403,21847,0.6430015118962362,0.3476883902283759,0.29531312166786033,135445,41.2,83.54,8.22,0.63,4.05,20.02,3.8,1.4,6.9,17.2,3.0,11.2,5.6,60846.0,11.3,89.3,18.5,2.2,0.4299,5.131762977530949
39025,Clermont County,Ohio,114115,76964,36130,0.6744424484073084,0.3166104368400298,0.35783201156727856,209862,40.8,92.44,1.49,1.12,2.44,17.86,2.7,0.5,7.1,15.0,2.1,12.2,5.7,83178.0,5.9,91.9,31.4,2.1,0.4349,5.321933807403983
39027,Clinton County,Ohio,20779,15984,4633,0.7692381731555897,0.2229654940083738,0.5462726791472159,42014,41.0,92.56,1.87,0.71,2.07,18.11,2.9,2.6,7.5,18.7,2.1,11.5,10.2,68125.0,11.3,91.6,20.1,2.2,0.4418,4.623394031103091
39029,Columbiana County,Ohio,48046,35607,12064,0.7411022769845564,0.2510927028264579,0.49000957415809854,101203,44.7,93.19,1.91,0.43,1.85,21.41,2.8,2.2,7.7,18.2,1.7,9.0,8.0,58474.0,10.8,89.7,16.0,0.9,0.4486,5.005193386655308
39031,Coshocton County,Ohio,16333,12362,3835,0.756872589236515,0.2348007102185758,0.5220718790179393,36679,41.0,94.73,0.7,0.42,0.26,19.68,3.0,3.0,7.3,23.0,1.9,12.0,5.6,54687.0,13.3,85.0,16.7,0.5,0.4393,4.56441748674711
39033,Crawford County,Ohio,20241,15402,4683,0.7609307840521713,0.2313620868534163,0.529568697198755,41767,43.3,95.47,0.85,0.75,1.73,20.82,3.4,2.3,6.4,26.0,1.2,10.7,3.7,55477.0,9.5,90.5,15.5,1.3,0.4239,4.6208332822980225
39035,Cuyahoga County,Ohio,575890,195164,376384,0.3388911076768133,0.6535692580180242,-0.31467815034121094,1249418,40.5,58.73,28.97,3.25,6.79,19.02,4.4,0.2,4.5,11.5,2.4,10.5,5.4,62823.0,11.5,91.2,35.9,7.6,0.5041,6.096707758408757
39037,Darke County,Ohio,27000,22234,4583,0.8234814814814815,0.1697407407407407,0.6537407407407407,51655,42.0,95.59,0.55,0.47,1.79,20.19,1.6,3.7,7.8,26.3,2.7,11.7,6.2,64654.0,8.3,90.7,16.5,0.9,0.4469,4.713112365881025
39039,Defiance County,Ohio,19153,13302,5667,0.6945126089907586,0.2958805409074296,0.398632068083329,38258,40.8,88.63,1.69,0.32,10.71,19.5,2.6,2.3,7.2,25.2,1.4,12.1,5.7,73615.0,5.4,92.3,20.1,1.6,0.3965,4.582722262824919
39041,Delaware County,Ohio,133357,70448,61657,0.528266232743688,0.4623454336855208,0.06592079905816722,221160,39.9,81.36,4.17,7.88,3.33,14.7,2.1,0.5,4.2,9.6,2.3,9.6,4.1,130088.0,3.4,97.1,58.0,8.9,0.4163,5.344706581266698
39043,Erie County,Ohio,39737,22493,16871,0.5660467574301029,0.4245665249012255,0.14148023252887743,74938,45.2,82.18,8.45,0.68,4.4,23.04,3.8,1.8,4.7,17.7,1.9,11.3,5.5,68431.0,8.7,92.4,27.9,1.5,0.4621,4.874702098144562
39045,Fairfield County,Ohio,84431,51999,31695,0.6158756854709763,0.3753952931979959,0.24048039227298035,161289,39.5,82.63,8.88,2.59,2.66,16.4,2.3,0.6,7.8,9.0,2.4,12.1,7.3,87069.0,5.2,94.0,31.9,4.0,0.416,5.207604749272393
39047,Fayette County,Ohio,12571,9706,2773,0.7720945032217007,0.2205870654681409,0.5515074377535598,28880,40.8,91.33,2.91,0.37,2.42,17.92,2.6,2.8,9.0,21.5,1.2,10.6,8.1,60047.0,10.7,85.8,13.8,1.7,0.4354,4.4605971888976015
39049,Franklin County,Ohio,597530,210830,380518,0.3528358408782822,0.6368182350676953,-0.2839823941894131,1321635,34.7,60.47,23.03,5.4,7.08,12.71,3.2,0.3,4.7,7.5,2.5,11.1,7.6,73795.0,10.5,91.2,42.0,12.5,0.4692,6.12111153126686
39051,Fulton County,Ohio,22452,15893,6374,0.7078656689827187,0.2838945305540709,0.42397113842864786,42434,41.6,90.32,0.4,0.44,9.13,18.94,2.3,2.7,7.9,23.9,2.4,10.3,5.0,72866.0,6.6,94.8,18.8,1.7,0.4249,4.627713972045861
39053,Gallia County,Ohio,13000,10314,2592,0.7933846153846154,0.1993846153846153,0.5940000000000001,29162,41.3,92.43,2.0,0.83,1.03,19.36,2.0,1.1,6.1,12.7,0.8,9.7,8.2,56455.0,11.6,86.9,17.9,1.1,0.4683,4.464817305625984
39055,Geauga County,Ohio,54886,33844,20604,0.616623546988303,0.3753962759173559,0.2412272710709471,95479,45.0,93.7,0.94,0.53,1.86,21.72,1.9,1.1,11.1,16.7,2.3,10.6,3.7,100783.0,3.9,91.2,38.7,2.7,0.4476,4.9799078617721255
39057,Greene County,Ohio,90031,53399,35575,0.5931179260476946,0.3951416734235985,0.19797625262409613,168531,38.7,82.86,5.88,2.85,3.21,18.2,2.5,0.6,5.2,10.3,1.4,11.0,4.1,85218.0,6.2,94.5,41.3,4.7,0.4332,5.226679797733428
39059,Guernsey County,Ohio,17594,13314,4154,0.7567352506536319,0.2361032170057974,0.5206320336478345,38283,42.7,94.14,1.65,0.49,1.28,19.94,2.8,5.7,6.9,14.9,1.7,13.3,6.8,55756.0,11.7,85.7,15.3,1.0,0.4515,4.583005963388896
39061,Hamilton County,Ohio,409753,172365,233360,0.4206558585294067,0.5695138290628745,-0.14885797053346783,827878,36.9,64.34,25.1,2.73,4.52,16.2,3.3,0.2,4.8,11.6,2.2,10.4,6.1,70816.0,10.1,92.5,41.4,6.2,0.5048,5.91796634182041
39063,Hancock County,Ohio,37937,26052,11467,0.6867174526188154,0.3022642802541055,0.38445317236470994,74885,39.6,89.89,1.83,1.94,5.86,18.33,2.1,1.5,5.4,24.1,2.1,10.6,7.2,69699.0,5.9,94.9,29.7,3.4,0.4439,4.874394834126341
39065,Hardin County,Ohio,12893,9911,2863,0.7687117040254402,0.222058481346467,0.5466532226789732,30527,35.3,93.4,1.13,0.89,2.3,16.07,2.5,3.6,4.9,26.4,1.0,10.0,4.4,58001.0,11.4,91.7,18.9,1.1,0.4213,4.484684126687683
39067,Harrison County,Ohio,7109,5484,1559,0.7714165142776762,0.2192994795329863,0.5521170347446899,14408,46.1,94.72,2.85,0.0,1.12,22.52,2.3,4.7,8.3,12.8,2.9,10.1,9.1,53851.0,9.6,89.8,13.0,0.4,0.4418,4.158603699811477
39069,Henry County,Ohio,14911,10873,3905,0.7291932130641808,0.2618871973710683,0.46730601569311253,27581,41.7,89.66,0.61,0.14,8.09,19.5,2.3,2.7,7.8,25.4,1.4,10.5,6.9,79267.0,5.7,92.6,18.7,1.9,0.4373,4.440610008272345
39071,Highland County,Ohio,19984,16269,3609,0.8141012810248198,0.1805944755804643,0.6335068054443556,43403,40.8,94.97,1.17,0.08,1.13,18.63,2.4,2.9,7.3,20.9,1.3,11.3,7.6,62008.0,10.5,86.9,15.6,0.6,0.421,4.63751974883088
39073,Hocking County,Ohio,13489,9679,3704,0.7175476314033657,0.2745941137222922,0.44295351768107355,27938,42.6,94.39,0.39,0.32,0.93,19.54,2.9,1.0,11.8,13.4,2.1,10.3,6.9,61366.0,11.4,88.1,14.4,0.8,0.4202,4.446195313014636
39075,Holmes County,Ohio,12335,10384,1854,0.8418321848398865,0.1503040129712201,0.6915281718686664,44312,32.5,98.08,0.16,0.18,1.06,14.25,1.3,5.3,12.6,32.9,2.3,12.2,4.7,74774.0,6.9,57.1,11.0,0.3,0.4242,4.6465213521386275
39077,Huron County,Ohio,27212,19484,7496,0.7160076436866089,0.2754667058650595,0.44054093782154935,58412,40.4,91.9,0.75,0.36,7.15,18.19,2.5,2.9,10.2,24.2,1.8,9.2,6.8,65972.0,8.9,90.7,16.9,1.7,0.4048,4.766502076537479
39079,Jackson County,Ohio,14285,11249,2953,0.7874693734686734,0.2067203360168008,0.5807490374518727,32588,40.2,96.19,0.99,0.57,0.98,17.79,2.3,1.1,9.3,21.5,1.2,13.2,4.9,58409.0,10.4,87.5,16.6,0.8,0.4658,4.513057707638605
39081,Jefferson County,Ohio,31257,22317,8592,0.7139840675688646,0.2748824263365006,0.43910164123236395,64855,44.2,89.64,5.37,0.56,1.82,22.11,2.8,2.1,6.9,9.8,1.5,13.2,7.2,56983.0,12.6,92.9,20.6,1.2,0.4469,4.811943463669174
39083,Knox County,Ohio,32090,23112,8698,0.7202243689622936,0.2710501713929573,0.4491741975693363,62888,39.4,93.96,0.94,0.71,1.96,18.68,1.5,2.3,9.1,15.3,2.2,9.7,4.6,73988.0,7.9,91.1,24.3,1.4,0.4103,4.798567783267658
39085,Lake County,Ohio,128535,72924,54484,0.5673474151009452,0.4238845450655463,0.14346287003539893,232101,44.0,86.92,4.89,1.43,5.1,21.07,2.8,0.5,5.6,20.0,3.0,10.7,4.2,77952.0,5.2,93.9,30.5,5.2,0.4278,5.36567701160433
39087,Lawrence County,Ohio,26712,20013,6514,0.7492138364779874,0.2438604372566636,0.5053533992213238,57385,41.9,94.02,1.67,0.59,1.07,18.83,1.6,0.9,6.3,10.8,2.3,11.9,6.6,54842.0,13.7,90.0,18.6,0.7,0.4577,4.758798385977002
39089,Licking County,Ohio,95045,61359,32832,0.6455784102267347,0.3454363722447262,0.3001420379820085,180311,40.2,87.01,4.01,3.14,2.34,17.11,2.0,1.0,6.4,11.0,2.3,13.0,6.1,81033.0,7.2,93.1,29.3,4.2,0.4502,5.2560222219724215
39091,Logan County,Ohio,23403,18182,5027,0.7769089432978677,0.2148015211724992,0.5621074221253686,46140,42.1,92.65,1.73,0.6,2.26,18.99,2.2,2.8,5.4,26.3,1.9,9.7,7.6,69183.0,8.3,92.9,18.3,1.7,0.4402,4.664077590185075
39093,Lorain County,Ohio,158959,83297,74207,0.5240156266710284,0.4668310696468901,0.05718455702413833,314588,42.1,79.55,7.5,1.32,10.81,19.39,2.7,0.4,6.3,15.5,2.3,11.5,5.0,70693.0,9.1,91.5,27.9,3.0,0.4677,5.497742152383966
39095,Lucas County,Ohio,190525,82398,106320,0.4324786773389319,0.5580370030179767,-0.12555832567904474,428748,38.3,69.2,19.49,1.74,7.66,17.1,4.3,0.4,4.9,15.8,2.9,12.2,6.3,60095.0,13.1,91.0,28.5,3.7,0.4876,5.632202107182629
39097,Madison County,Ohio,20668,14737,5713,0.7130346429262628,0.2764176504741629,0.43661699245209995,44126,41.5,87.51,4.71,0.87,2.95,16.07,2.3,2.7,8.5,16.3,2.3,11.1,10.2,83229.0,6.6,88.9,22.4,2.0,0.3966,4.644694560652214
39099,Mahoning County,Ohio,112678,61249,50636,0.543575498322654,0.4493867480785956,0.09418875024405837,227063,43.4,76.03,14.27,0.93,6.5,22.02,3.8,0.4,6.6,12.6,2.8,12.0,5.7,55576.0,13.9,91.6,26.4,2.4,0.4734,5.3561463715382045
39101,Marion County,Ohio,27355,19219,7902,0.7025772253701335,0.2888685797843173,0.41370864558581616,65145,40.5,87.62,5.21,0.67,3.12,18.36,3.2,1.8,6.3,22.7,1.1,10.9,4.1,57306.0,10.3,89.1,13.7,1.7,0.4568,4.813881088417911
39103,Medina County,Ohio,107017,66308,39771,0.61960249306185,0.3716325443621107,0.24796994869973932,183049,43.1,92.71,1.29,0.98,2.62,19.23,2.0,0.6,6.8,13.7,2.8,10.9,5.9,92660.0,4.0,94.5,36.2,3.2,0.4214,5.2625673606654155
39105,Meigs County,Ohio,10400,8127,2202,0.7814423076923077,0.2117307692307692,0.5697115384615385,22072,43.8,96.64,0.6,0.24,0.9,20.73,3.0,2.3,10.0,11.1,2.4,13.9,9.0,46701.0,13.9,86.7,11.8,0.7,0.4467,4.343841687471129
39107,Mercer County,Ohio,23750,19710,3865,0.8298947368421052,0.1627368421052631,0.6671578947368422,42438,39.1,94.98,0.7,0.5,2.17,18.62,1.2,4.6,6.4,29.9,2.5,10.8,3.8,78036.0,4.3,94.7,22.2,1.3,0.3873,4.627754908466091
39109,Miami County,Ohio,59176,42677,15969,0.7211876436393132,0.2698560227119102,0.451331620927403,109549,41.1,91.19,2.06,1.7,2.09,19.15,2.3,1.4,5.5,24.6,2.2,10.2,6.0,74175.0,5.7,92.8,24.9,2.9,0.416,5.039608417529183
39111,Monroe County,Ohio,6794,5396,1336,0.7942302031204004,0.196644097733294,0.5975861053871063,13308,46.0,95.43,0.53,0.53,0.18,23.42,3.2,9.0,10.0,11.9,2.1,11.2,8.4,58962.0,11.5,90.0,10.7,0.8,0.4729,4.124112792196785
39113,Montgomery County,Ohio,254715,125566,126767,0.4929666489998626,0.4976817227096951,-0.004715073709832485,535528,38.8,69.2,20.48,2.17,4.05,18.3,3.6,0.3,5.0,13.3,2.1,10.5,6.5,64403.0,10.7,92.1,30.5,5.1,0.4594,5.728782182782421
39115,Morgan County,Ohio,6782,5168,1560,0.7620171040990859,0.230020642878207,0.5319964612208788,13758,44.4,91.23,3.03,0.17,1.06,22.04,1.5,1.7,11.3,13.8,1.6,12.2,5.3,55971.0,9.8,88.5,14.2,0.7,0.4299,4.138555305113583
39117,Morrow County,Ohio,18855,14609,4100,0.7748077433041634,0.2174489525324847,0.5573587907716786,35214,43.3,95.05,0.53,0.34,1.82,18.75,1.8,2.6,10.3,17.1,3.1,11.4,6.1,71047.0,7.7,91.4,18.2,0.8,0.3889,4.546715359897217
39119,Muskingum County,Ohio,39327,28147,10874,0.7157169374729829,0.276502148651054,0.43921478882192894,86382,40.5,90.95,3.15,0.53,1.29,18.28,2.7,1.4,7.7,11.7,3.0,13.0,7.5,59203.0,12.1,90.3,20.3,0.9,0.4473,4.936423255035727
39121,Noble County,Ohio,6161,5050,1069,0.819672131147541,0.173510793702321,0.64616133744522,14252,51.3,93.61,4.01,0.03,1.27,27.28,1.1,2.5,8.4,17.1,3.3,13.4,7.4,55360.0,8.5,85.3,13.7,0.5,0.4961,4.153875813678978
39123,Ottawa County,Ohio,23956,14872,8866,0.620804808816163,0.3700951744865587,0.25070963432960425,40161,50.3,92.73,1.12,0.35,5.21,27.02,1.7,0.9,7.8,17.7,2.1,9.8,5.9,75728.0,5.0,94.1,28.5,0.7,0.4648,4.603804518107952
39125,Paulding County,Ohio,9276,7203,1987,0.7765200517464425,0.2142087106511427,0.5623113410952998,18800,41.7,92.21,0.79,0.26,5.55,19.0,2.4,5.3,6.1,30.6,2.3,8.3,3.9,68167.0,6.6,90.4,15.7,1.7,0.4234,4.27415784926368
39127,Perry County,Ohio,16991,13062,3800,0.7687599317285622,0.2236478135483491,0.5451121181802131,35474,41.1,96.07,0.23,0.12,0.81,17.91,2.3,1.2,11.6,14.4,1.2,10.8,9.7,64737.0,9.9,88.3,15.0,0.6,0.4346,4.549910161688267
39129,Pickaway County,Ohio,29275,21607,7397,0.7380700256191289,0.2526729291204099,0.48539709649871904,59407,39.5,91.97,2.99,0.28,1.76,16.06,2.4,1.9,11.1,10.3,2.7,12.1,8.0,72927.0,8.7,88.4,21.3,0.8,0.4176,4.773837621450204
39131,Pike County,Ohio,12218,9352,2793,0.7654280569651334,0.2285971517433295,0.5368309052218039,27080,41.1,95.18,1.07,0.33,0.61,18.37,2.7,1.6,7.3,13.1,0.8,10.9,7.0,49552.0,15.7,85.6,14.6,0.5,0.528,4.432648660013107
39133,Portage County,Ohio,83181,47681,34759,0.5732198458782655,0.4178718697779541,0.15534797610031137,161421,39.3,87.54,4.72,1.76,2.22,17.78,3.4,1.4,6.8,15.7,2.3,12.4,4.6,72822.0,7.0,92.9,31.5,3.4,0.445,5.207960033427259
39135,Preble County,Ohio,21653,17146,4343,0.7918533228651919,0.2005726689142382,0.5912806539509537,40802,43.2,95.74,0.79,0.19,1.08,19.82,2.2,2.5,8.5,22.8,1.9,9.2,5.4,71237.0,8.7,92.6,17.9,0.5,0.4077,4.6106814515133
39137,Putnam County,Ohio,19754,16576,2996,0.8391211906449326,0.1516654854712969,0.6874557051736357,34352,40.0,92.05,0.86,0.22,6.59,18.3,1.4,2.7,6.7,25.6,2.3,9.1,3.7,82785.0,5.3,94.7,26.3,1.6,0.4088,4.535952027092174
39139,Richland County,Ohio,58358,41298,16591,0.7076664724630728,0.2842969258713458,0.423369546591727,125138,40.9,84.98,7.44,0.88,2.2,19.79,2.7,1.3,5.8,20.3,2.4,12.2,5.0,57649.0,10.1,89.5,17.9,1.6,0.4326,5.097389209648177
39141,Ross County,Ohio,32930,22801,9846,0.6924081384755542,0.2989978742787731,0.39341026419678105,76748,41.0,89.06,5.38,0.54,1.39,17.5,2.4,1.0,6.8,17.5,1.6,12.3,5.7,59819.0,11.1,88.9,17.1,1.0,0.4485,4.885067066881717
39143,Sandusky County,Ohio,29713,19311,10139,0.6499175445091374,0.3412311109615319,0.3086864335476055,58770,42.5,85.67,3.22,0.42,10.63,19.86,2.4,2.1,6.5,26.5,2.1,10.2,5.4,62500.0,9.1,93.3,19.1,2.0,0.4405,4.769155690714399
39145,Scioto County,Ohio,31179,22978,8021,0.7369703967413964,0.2572564867378684,0.47971391000352803,73118,40.6,93.13,2.44,0.5,1.49,18.5,3.3,0.9,7.3,11.1,1.5,12.5,6.5,49571.0,17.6,88.7,18.0,0.9,0.4632,4.8640243036114015
39147,Seneca County,Ohio,25262,17241,7765,0.6824875306784894,0.3073786715224448,0.37510885915604464,54861,40.5,90.49,2.7,0.55,5.52,18.66,2.5,1.7,6.8,28.4,1.7,10.3,5.1,65020.0,8.3,93.2,20.7,1.5,0.416,4.73926371961054
39149,Shelby County,Ohio,25288,20740,4350,0.8201518506801645,0.1720183486238532,0.6481335020563113,48007,40.1,92.74,2.15,0.78,1.68,17.58,3.0,2.5,7.4,37.8,1.6,8.3,3.3,72822.0,8.5,91.4,20.6,1.5,0.4127,4.681304567369832
39151,Stark County,Ohio,184158,111478,71090,0.6053388937759967,0.3860272157603797,0.21931167801561702,373764,41.9,85.29,7.51,0.87,2.91,20.09,2.4,0.9,6.2,16.5,2.8,12.1,5.7,65740.0,8.9,92.8,25.0,2.1,0.4412,5.572597468914759
39153,Summit County,Ohio,273413,125910,145005,0.4605121190287221,0.5303515194961469,-0.06983940046742482,538087,41.2,75.0,14.0,4.05,2.58,18.98,3.4,0.3,5.9,14.4,3.0,11.3,5.2,71016.0,9.0,92.9,35.3,5.7,0.4817,5.730852499765385
39155,Trumbull County,Ohio,96514,55983,39758,0.580050562612678,0.4119402366496052,0.16811032596307274,201367,43.8,85.95,8.02,0.56,2.18,22.03,2.5,0.7,6.9,18.9,2.0,12.0,5.7,55088.0,12.6,90.0,20.3,1.3,0.4515,5.303988299920783
39157,Tuscarawas County,Ohio,43019,30652,12032,0.7125223738348172,0.2796903693716729,0.4328320044631443,92585,41.2,94.37,0.74,0.36,4.4,19.88,3.2,3.0,7.4,23.8,1.8,11.2,4.4,64494.0,9.3,88.9,19.6,2.3,0.4194,4.966540630905357
39159,Union County,Ohio,37288,23982,12934,0.6431559751126368,0.3468676249731817,0.2962883501394551,65293,38.1,86.57,2.4,4.83,2.92,12.94,1.6,1.8,5.2,17.3,3.7,9.2,5.0,109506.0,3.9,95.2,39.1,5.8,0.4159,4.8148666234752495
39161,Van Wert County,Ohio,14729,11616,3000,0.7886482449589246,0.2036798153303007,0.5849684296286239,28824,41.4,93.93,0.69,0.4,3.95,19.49,2.3,3.2,3.2,29.6,0.7,12.2,4.4,65344.0,7.5,93.6,17.0,0.9,0.375,4.459754249114512
39163,Vinton County,Ohio,5737,4531,1169,0.7897856022311313,0.2037650339898901,0.5860205682412412,12686,43.5,96.17,0.6,0.0,0.09,18.77,1.9,2.8,6.4,18.5,1.0,5.9,7.7,53813.0,9.6,83.1,15.1,0.2,0.4244,4.103324707061445
39165,Warren County,Ohio,139593,91132,47128,0.6528407584907553,0.3376100520799753,0.31523070641078,246364,39.8,83.71,3.38,6.82,3.32,15.33,2.1,0.4,4.4,17.6,2.0,10.8,4.0,107843.0,4.0,95.0,45.7,8.7,0.4425,5.391577246740773
39167,Washington County,Ohio,31000,22161,8600,0.7148709677419355,0.2774193548387096,0.4374516129032259,59318,44.1,94.35,1.17,0.66,1.21,21.69,2.7,2.0,7.0,12.8,1.8,11.3,6.5,61355.0,9.7,92.9,20.7,1.3,0.4635,4.773186499679228
39169,Wayne County,Ohio,53140,36764,15898,0.6918328942416259,0.2991719984945427,0.3926608957470832,116618,38.9,93.22,1.16,1.17,2.38,18.6,2.0,3.3,8.2,23.0,2.2,11.8,4.7,71769.0,5.0,86.3,24.7,2.6,0.4157,5.066765588993687
39171,Williams County,Ohio,18274,13461,4644,0.7366203349020466,0.2541315530261573,0.4824887818758893,36862,41.8,92.39,1.14,0.6,5.25,19.56,2.1,1.1,5.1,30.7,1.4,13.4,5.3,61834.0,9.4,91.4,14.2,1.5,0.4132,4.566578894784306
39173,Wood County,Ohio,67565,36877,30016,0.5458003404129357,0.4442536816399023,0.10154665877303337,131795,35.7,87.92,1.98,1.99,6.39,16.23,3.0,0.5,5.3,18.9,2.4,10.2,6.7,73124.0,6.1,95.2,37.4,3.4,0.4643,5.11989893443402
39175,Wyandot County,Ohio,11389,8564,2731,0.751953639476688,0.2397927825094389,0.5121608569672491,21699,41.6,95.04,0.21,0.13,3.06,20.29,1.6,2.2,6.8,29.8,3.5,10.3,4.3,71878.0,5.3,94.8,20.7,0.7,0.3931,4.336439719816778
40001,Adair County,Oklahoma,7256,5860,1289,0.8076074972436604,0.1776460859977949,0.6299614112458656,19595,38.1,40.4,0.32,1.31,6.78,15.82,3.7,5.9,6.7,14.9,1.6,11.4,4.1,48028.0,17.8,82.8,11.8,2.2,0.4514,4.292145267814122
40003,Alfalfa County,Oklahoma,2160,1891,236,0.875462962962963,0.1092592592592592,0.7662037037037038,5685,44.4,82.74,3.41,0.3,5.84,19.96,2.0,18.3,9.0,5.5,1.8,7.6,9.9,67870.0,9.1,85.8,20.7,1.4,0.3973,3.7547304690237535
40005,Atoka County,Oklahoma,5662,4832,779,0.8534086895090074,0.1375838926174496,0.7158247968915578,14255,40.2,69.2,3.89,0.76,4.24,18.75,2.1,8.4,11.5,6.0,1.0,12.5,6.2,52034.0,12.9,83.6,15.3,1.7,0.4503,4.153967221645479
40007,Beaver County,Oklahoma,2124,1938,158,0.9124293785310734,0.0743879472693032,0.8380414312617702,5041,41.1,70.64,0.28,0.1,27.4,19.4,1.1,20.2,7.5,7.0,2.5,11.4,5.2,64266.0,5.5,85.1,23.0,11.5,0.4069,3.7025166974381505
40009,Beckham County,Oklahoma,7678,6474,1093,0.8431883302943475,0.1423547798905965,0.700833550403751,22202,37.1,82.73,5.37,0.87,13.12,14.57,2.9,17.6,7.0,4.3,3.2,9.8,6.1,52323.0,14.2,84.3,13.3,3.0,0.4828,4.346392098317329
40011,Blaine County,Oklahoma,3786,3054,671,0.8066561014263075,0.1772319070258848,0.6294241944004227,8603,41.6,75.4,4.34,0.0,11.76,19.59,3.7,16.8,8.6,14.1,3.3,6.4,5.2,59304.0,12.0,84.7,18.0,5.5,0.4339,3.934649922900711
40013,Bryan County,Oklahoma,17812,13999,3569,0.7859308331461936,0.2003705367168201,0.5855602964293736,47237,36.8,70.37,2.38,0.68,7.65,17.36,2.8,2.9,6.9,9.0,2.0,12.2,4.5,54280.0,12.5,87.6,24.4,2.6,0.4412,4.674282307975821
40015,Caddo County,Oklahoma,9496,6886,2414,0.7251474304970514,0.254212299915754,0.47093513058129743,26626,37.8,58.4,3.64,0.15,16.41,15.65,2.9,12.5,7.1,5.6,2.4,11.1,8.4,52817.0,14.2,86.7,15.5,4.8,0.4201,4.425305927670319
40017,Canadian County,Oklahoma,73074,50551,21038,0.6917781974436872,0.2878999370501136,0.4038782603935736,162621,36.1,74.51,3.63,3.16,11.41,13.46,2.7,4.0,5.3,7.8,2.5,13.5,6.0,85427.0,5.8,92.2,31.8,5.2,0.3871,5.211176627329568
40019,Carter County,Oklahoma,19488,14945,4277,0.766882183908046,0.2194683908045977,0.5474137931034483,48255,38.3,69.39,5.95,1.17,8.19,16.92,2.3,6.2,6.2,11.7,1.6,14.3,7.3,58856.0,11.9,87.8,20.0,3.0,0.4578,4.683542319957651
40021,Cherokee County,Oklahoma,17823,11637,5826,0.6529203837737755,0.3268809964652415,0.326039387308534,47621,37.3,46.85,1.4,1.02,7.7,17.5,2.9,4.0,8.2,6.3,1.5,10.2,4.2,53668.0,13.6,89.9,29.4,3.2,0.4812,4.677798510974824
40023,Choctaw County,Oklahoma,5639,4633,944,0.8215995743926228,0.1674055683631849,0.6541940060294379,14299,42.1,59.45,9.46,0.68,4.76,20.72,2.2,6.3,6.8,11.8,2.2,10.1,6.3,45456.0,16.7,86.3,15.2,2.0,0.4697,4.1553056661596255
40025,Cimarron County,Oklahoma,935,860,66,0.9197860962566844,0.0705882352941176,0.8491978609625668,2247,38.3,80.51,0.09,0.0,24.79,25.06,0.2,33.4,7.6,0.5,0.1,26.5,4.8,57204.0,8.3,85.3,31.7,5.0,0.4828,3.351603072419129
40027,Cleveland County,Oklahoma,119294,67225,49432,0.5635237312857311,0.4143712173286167,0.14915251395711437,297545,35.1,71.27,4.9,4.63,10.63,14.46,3.1,1.7,6.5,6.3,2.4,12.2,5.1,74446.0,7.7,92.3,35.6,6.6,0.4415,5.473552656699102
40029,Coal County,Oklahoma,2538,2155,345,0.8490937746256895,0.1359338061465721,0.7131599684791173,5275,40.3,66.62,0.25,0.57,4.4,20.99,3.1,10.2,8.0,11.3,0.5,8.5,7.1,48162.0,15.2,84.4,16.8,1.1,0.4644,3.72222246396973
40031,Comanche County,Oklahoma,34284,20823,12823,0.6073678683934197,0.3740228678100571,0.2333450005833626,121699,33.7,58.71,15.32,2.59,14.36,13.38,3.5,1.3,5.6,9.8,1.3,11.3,4.7,59000.0,13.6,90.6,24.2,5.4,0.4437,5.085287009649406
40033,Cotton County,Oklahoma,2506,2067,392,0.8248204309656824,0.1564245810055866,0.6683958499600957,5475,43.2,78.76,1.64,0.05,7.43,19.03,1.2,7.5,6.8,14.0,0.8,12.4,5.4,60313.0,18.1,85.3,20.9,1.0,0.48,3.738384123512156
40035,Craig County,Oklahoma,6056,4740,1212,0.7826948480845443,0.2001321003963012,0.5825627476882431,14215,40.8,62.46,3.48,1.22,3.63,19.0,2.4,6.8,6.6,8.4,2.1,10.9,7.8,50182.0,14.4,86.2,14.9,1.8,0.444,4.152746864026461
40037,Creek County,Oklahoma,31312,24098,6643,0.76960909555442,0.2121550843127235,0.5574540112416966,72353,40.6,76.09,2.13,0.6,5.12,18.29,2.0,2.7,9.1,14.4,2.2,11.6,7.2,61849.0,11.3,90.5,18.4,1.8,0.4408,4.859456543145925
40039,Custer County,Oklahoma,10168,7693,2279,0.7565892997639654,0.2241345397324941,0.5324547600314713,28332,32.8,70.97,2.92,0.94,19.52,14.26,2.4,9.2,5.5,6.4,2.5,13.4,5.7,57562.0,10.0,88.4,33.3,5.4,0.4817,4.452277233126352
40041,Delaware County,Oklahoma,18108,14407,3475,0.7956151977026729,0.1919041307709299,0.6037110669317429,41017,47.0,63.53,0.45,1.51,4.33,25.25,2.5,5.4,9.6,13.3,1.5,11.7,5.6,55114.0,13.7,87.4,19.2,1.9,0.466,4.612963892719542
40043,Dewey County,Oklahoma,2215,1984,209,0.8957110609480813,0.0943566591422122,0.8013544018058691,4433,38.0,83.44,0.05,0.05,6.02,18.99,2.6,19.0,5.2,6.6,2.7,12.6,8.4,60550.0,10.2,92.6,19.8,1.2,0.4128,3.6466977312993345
40045,Ellis County,Oklahoma,1812,1585,197,0.8747240618101545,0.108719646799117,0.7660044150110374,3717,43.4,87.6,0.24,0.91,8.88,23.38,3.8,20.5,7.6,4.0,3.2,14.3,5.5,56992.0,12.2,88.2,20.0,4.5,0.4318,3.570192561095726
40047,Garfield County,Oklahoma,21844,16593,4849,0.7596136238784106,0.2219831532686321,0.5376304706097785,62322,35.7,74.68,2.03,1.29,14.82,16.63,2.6,6.2,7.3,11.1,2.6,13.5,6.0,67302.0,10.0,87.5,22.3,6.3,0.4408,4.794641382004472
40049,Garvin County,Oklahoma,10991,9063,1802,0.8245837503411882,0.1639523246292421,0.6606314257119461,25779,38.8,78.34,1.57,0.53,9.99,17.95,1.5,9.8,8.3,12.6,1.5,10.2,9.1,57127.0,11.5,87.6,17.7,4.0,0.433,4.411266066512139
40051,Grady County,Oklahoma,25283,20378,4536,0.8059961238777044,0.1794090891112605,0.6265870347664438,55868,39.9,81.53,2.15,0.49,6.77,16.74,3.1,7.1,8.3,9.1,2.3,11.9,6.6,75730.0,8.5,90.5,21.9,2.1,0.4305,4.747163124474344
40053,Grant County,Oklahoma,2125,1794,295,0.8442352941176471,0.1388235294117647,0.7054117647058824,4137,42.9,88.49,2.13,0.19,4.62,22.55,2.2,12.4,6.1,5.5,5.0,12.0,9.1,61824.0,9.6,91.2,22.7,0.3,0.4382,3.616685520895512
40055,Greer County,Oklahoma,1836,1511,304,0.8229847494553377,0.1655773420479303,0.6574074074074074,5498,40.6,80.54,6.75,0.45,12.79,17.41,2.2,8.3,1.2,6.6,0.6,6.1,10.3,60183.0,10.1,81.7,15.3,1.5,0.416,3.7402047355074495
40057,Harmon County,Oklahoma,882,709,165,0.8038548752834467,0.1870748299319728,0.6167800453514739,2452,40.3,68.07,11.13,0.0,31.53,20.23,5.6,27.2,3.0,4.0,0.9,5.5,2.9,54286.0,13.7,83.5,16.3,5.1,0.4781,3.3895204658463776
40059,Harper County,Oklahoma,1451,1284,147,0.8849069607167471,0.1013094417643004,0.7835975189524467,3231,41.3,76.48,0.06,0.06,23.31,20.37,1.3,23.7,7.1,2.8,0.0,11.7,9.1,59191.0,10.8,87.6,26.6,13.7,0.3872,3.509336958017644
40061,Haskell County,Oklahoma,4936,4156,718,0.8419773095623987,0.1454619124797407,0.696515397082658,11667,41.4,69.34,0.27,0.88,5.07,20.27,3.2,10.4,8.3,8.7,1.4,12.1,5.8,49930.0,15.6,85.7,15.2,2.3,0.4579,4.0669591978671225
40063,Hughes County,Oklahoma,4659,3744,831,0.8036059240180297,0.1783644558918223,0.6252414681262074,13411,39.2,64.52,4.67,0.41,6.09,18.69,2.4,10.3,7.7,10.2,1.8,8.1,3.8,47923.0,13.1,84.1,15.1,2.2,0.4158,4.127461162511537
40065,Jackson County,Oklahoma,8053,6295,1602,0.7816962622625109,0.1989320750031044,0.5827641872594065,24730,35.0,72.01,6.62,1.5,24.57,15.44,3.1,6.4,4.7,8.7,2.2,12.3,5.5,61497.0,11.5,86.7,24.2,6.2,0.4315,4.3932241163612975
40067,Jefferson County,Oklahoma,2375,2020,319,0.8505263157894737,0.1343157894736842,0.7162105263157895,5377,41.2,79.71,1.43,0.06,10.77,20.83,2.2,16.7,6.1,12.9,0.9,13.1,5.4,48750.0,17.5,84.8,15.7,3.2,0.53,3.730540036477119
40069,Johnston County,Oklahoma,4230,3462,684,0.8184397163120567,0.1617021276595744,0.6567375886524823,10334,39.5,68.8,2.4,0.07,6.03,18.5,2.6,9.7,6.2,10.9,0.8,9.9,5.4,50911.0,16.5,87.5,21.3,1.6,0.4336,4.014268457209643
40071,Kay County,Oklahoma,16913,12483,4136,0.7380713060959025,0.2445456157984982,0.49352569029740434,43731,38.3,74.38,2.16,0.58,8.76,19.17,3.5,4.4,6.4,15.0,1.6,13.4,6.3,56673.0,11.9,90.5,18.5,2.8,0.4537,4.640789408502331
40073,Kingfisher County,Oklahoma,6754,5745,923,0.8506070476754516,0.1366597571809298,0.7139472904945218,15288,38.5,81.26,1.14,0.55,17.96,16.95,1.2,13.2,7.3,6.9,2.0,8.7,5.1,70617.0,9.0,90.2,22.8,9.0,0.4584,4.184350674046956
40075,Kiowa County,Oklahoma,3278,2569,658,0.7837095790115924,0.2007321537522879,0.5829774252593045,8458,42.0,81.08,3.36,0.17,11.81,20.88,2.2,10.1,7.4,6.3,0.5,10.6,6.0,42063.0,22.7,86.0,18.4,1.2,0.46,3.9272676808108815
40077,Latimer County,Oklahoma,4079,3356,681,0.8227506741848493,0.1669526844814905,0.6557979897033588,9495,41.5,62.95,1.31,1.05,3.95,21.33,3.5,9.7,7.4,7.2,1.3,11.1,7.8,41048.0,16.6,84.7,10.4,1.2,0.4616,3.977494969073036
40079,Le Flore County,Oklahoma,18754,15333,3184,0.8175855817425616,0.169777114215634,0.6478084675269276,48728,38.8,70.95,1.85,0.85,7.76,17.81,2.7,5.7,8.3,11.9,1.8,13.0,7.9,50027.0,15.5,85.3,14.8,3.6,0.437,4.687778586493365
40081,Lincoln County,Oklahoma,15465,12495,2712,0.8079534432589719,0.1753637245392822,0.6325897187196897,33917,41.3,82.26,1.74,0.45,3.77,19.08,2.0,4.7,11.0,8.8,1.6,11.9,7.4,59425.0,12.8,89.0,15.5,1.0,0.4439,4.5304174314070575
40083,Logan County,Oklahoma,24149,17748,5901,0.7349372644830013,0.2443579444283407,0.49057932005466065,50905,40.2,78.03,6.48,0.58,8.6,16.86,1.9,4.4,9.2,4.9,3.3,10.8,5.6,82735.0,9.4,91.7,30.5,3.4,0.4686,4.706760441781998
40085,Love County,Oklahoma,4260,3510,689,0.823943661971831,0.1617370892018779,0.6622065727699531,10196,38.6,72.32,2.13,0.77,17.51,18.18,2.7,7.2,8.7,8.6,1.8,9.5,6.5,62940.0,10.5,85.3,16.0,6.3,0.4417,4.00842982679723
40087,McClain County,Oklahoma,21397,17005,4031,0.7947375800345843,0.1883908959199887,0.6063466841145956,43779,38.9,79.48,1.05,0.42,9.33,15.42,3.0,6.3,10.3,7.5,1.6,9.5,6.5,84778.0,6.3,88.6,28.0,3.5,0.415,4.64126583718984
40089,McCurtain County,Oklahoma,11309,9485,1696,0.8387125298434875,0.1499690511981607,0.6887434786453268,30825,37.9,60.77,7.73,1.06,6.64,17.82,2.3,5.4,8.1,19.2,1.1,11.0,5.4,50175.0,17.1,85.7,15.5,3.4,0.4601,4.488903085267769
40091,McIntosh County,Oklahoma,8439,6387,1937,0.7568432278706008,0.22952956511435,0.5273136627562508,19237,47.3,68.05,2.8,0.89,3.02,25.16,1.8,3.3,10.5,6.7,1.4,15.4,7.1,46203.0,15.4,86.6,14.4,1.0,0.4891,4.284137344987012
40093,Major County,Oklahoma,3478,3087,327,0.8875790684301322,0.0940195514663599,0.7935595169637724,7656,42.0,84.48,0.03,0.46,10.55,21.08,1.1,21.3,9.0,8.2,4.4,8.9,7.0,69229.0,7.0,90.1,18.0,4.2,0.4279,3.8840019247687874
40095,Marshall County,Oklahoma,6589,5348,1169,0.8116557899529518,0.1774169069661557,0.6342388829867962,15628,42.0,67.2,0.88,0.25,17.55,22.07,2.8,5.6,6.7,17.6,3.5,11.2,6.4,56495.0,12.7,84.7,16.9,6.5,0.4219,4.193903402552746
40097,Mayes County,Oklahoma,17374,13514,3529,0.7778289397950962,0.2031196040059859,0.5747093357891102,39406,40.5,63.76,0.41,0.55,3.79,18.7,3.8,3.4,8.0,16.0,2.0,11.1,7.4,57279.0,14.0,89.3,16.5,1.2,0.4429,4.595562353005851
40099,Murray County,Oklahoma,5885,4689,1080,0.7967714528462192,0.1835174171622769,0.6132540356839423,13807,41.5,71.59,1.27,0.0,6.99,20.24,1.2,4.9,7.7,10.2,1.9,17.1,5.0,61904.0,11.0,85.8,17.8,1.5,0.4712,4.1400993248507945
40101,Muskogee County,Oklahoma,24357,16550,7400,0.6794761259596831,0.3038140986164142,0.3756620273432689,66471,38.2,55.89,9.76,0.69,7.24,17.03,3.1,2.1,6.1,14.4,2.4,10.8,5.5,51999.0,14.7,87.0,19.0,2.7,0.4571,4.822632212416613
40103,Noble County,Oklahoma,4957,3853,1009,0.777284647972564,0.2035505345975388,0.5737341133750252,10909,41.7,80.55,1.22,0.12,4.35,21.61,1.3,6.1,11.0,18.0,5.2,6.9,4.0,70071.0,6.1,91.1,20.3,0.6,0.4054,4.037784941753637
40105,Nowata County,Oklahoma,4561,3774,720,0.8274501205875905,0.1578601183950888,0.6695900021925016,9392,41.6,65.93,1.63,0.53,3.0,19.94,2.8,5.7,7.7,15.9,1.0,10.0,6.2,52679.0,12.1,90.4,16.4,1.0,0.4672,3.9727580839035395
40107,Okfuskee County,Oklahoma,3988,3080,854,0.7723169508525577,0.2141424272818455,0.5581745235707122,11304,40.3,61.8,6.57,0.85,3.56,18.25,1.3,6.6,6.0,11.1,1.0,9.8,7.6,45441.0,22.6,83.3,13.1,2.4,0.4649,4.053232148840502
40109,Oklahoma County,Oklahoma,288923,143618,138769,0.497080537028897,0.4802975187160593,0.016783018312837683,800487,35.1,59.93,14.51,3.4,19.62,14.18,3.1,2.5,7.3,6.7,2.4,11.9,5.3,65374.0,11.6,88.5,35.1,10.7,0.4897,5.903354283320766
40111,Okmulgee County,Oklahoma,14349,10100,3979,0.7038818036100076,0.2773015541152693,0.42658024949473833,36922,39.4,63.03,7.06,0.52,4.98,18.39,3.9,2.4,8.0,10.2,2.0,12.9,6.8,53123.0,13.5,88.2,17.3,1.3,0.4703,4.567285217961632
40113,Osage County,Oklahoma,20628,14404,5867,0.6982741904207873,0.2844192359899166,0.4138549544308707,45963,43.3,63.33,10.17,0.21,4.46,20.89,2.9,3.9,7.3,11.0,1.8,12.2,7.4,60482.0,9.1,89.6,21.5,1.4,0.4452,4.662408367294865
40115,Ottawa County,Oklahoma,11178,8490,2511,0.7595276435856146,0.2246376811594203,0.5348899624261944,30360,37.3,63.85,1.1,0.75,5.9,18.08,1.9,4.4,6.7,13.3,1.7,10.6,4.8,48656.0,16.1,87.2,15.0,2.5,0.4384,4.482301767223443
40117,Pawnee County,Oklahoma,6880,5405,1355,0.7856104651162791,0.1969476744186046,0.5886627906976745,15689,41.7,76.38,0.96,0.34,3.56,19.75,1.9,6.0,9.9,11.7,1.4,11.1,7.9,57551.0,12.5,87.9,16.3,1.0,0.432,4.195595263005526
40119,Payne County,Oklahoma,29279,17962,10560,0.6134772362444073,0.3606680556029919,0.2528091806414154,82290,27.7,76.11,3.7,4.04,6.42,13.06,2.5,3.4,6.1,6.2,1.1,10.0,3.5,48937.0,12.1,93.2,40.1,6.7,0.5085,4.915347062324192
40121,Pittsburg County,Oklahoma,17572,13841,3473,0.7876735715911678,0.1976439790575916,0.5900295925335762,43629,40.3,70.26,2.32,0.52,5.57,19.93,3.0,4.8,6.0,10.4,1.7,11.3,4.8,54787.0,13.8,87.3,19.7,1.3,0.4688,4.639775258839238
40123,Pontotoc County,Oklahoma,15174,10967,3895,0.7227494398312904,0.256689073415052,0.4660603664162384,38158,37.5,65.08,2.51,1.04,6.29,16.98,2.1,3.2,7.4,8.3,2.3,9.8,3.4,62564.0,9.3,90.5,29.7,2.1,0.4287,4.581585603670256
40125,Pottawatomie County,Oklahoma,28774,20915,7266,0.726871481198304,0.2525196357823034,0.4743518454160006,73011,38.0,72.34,3.16,0.81,6.16,16.48,2.9,3.4,7.2,9.5,2.0,11.9,5.2,60828.0,11.7,88.5,21.0,1.9,0.4434,4.863388296824676
40127,Pushmataha County,Oklahoma,4702,4025,616,0.8560187154402382,0.1310080816673756,0.7250106337728626,10787,43.8,70.01,1.43,0.34,4.02,22.61,2.9,9.4,9.4,5.9,0.5,9.8,9.3,44634.0,19.1,85.4,14.3,0.8,0.4799,4.032900678732676
40129,Roger Mills County,Oklahoma,1733,1548,160,0.8932487016733988,0.0923254472013848,0.800923254472014,3378,42.0,83.3,0.09,0.3,8.35,22.0,1.9,21.8,3.3,5.1,0.8,5.7,10.3,62721.0,11.4,93.6,23.9,2.1,0.543,3.5286596452349897
40131,Rogers County,Oklahoma,46902,35942,10146,0.7663212656176709,0.2163233977229116,0.5499978678947592,97235,39.3,71.48,0.98,1.68,5.85,16.91,3.0,2.4,8.4,12.6,2.7,11.8,9.1,77688.0,7.2,92.2,25.6,2.8,0.4171,4.987822618535767
40133,Seminole County,Oklahoma,8044,5951,1951,0.7398060666335157,0.242541024365987,0.49726504226752866,23550,39.2,64.73,4.31,0.38,5.36,18.25,3.6,5.9,5.8,11.3,3.0,15.1,5.0,46191.0,20.4,85.3,15.1,2.0,0.4507,4.371990911464915
40135,Sequoyah County,Oklahoma,15583,12491,2907,0.8015786433934415,0.1865494449079124,0.6150291984855292,39676,40.6,62.39,2.06,0.69,4.85,18.52,2.5,4.2,7.5,12.7,1.8,10.6,5.3,49795.0,15.3,84.5,15.2,1.9,0.4417,4.598527881589679
40137,Stephens County,Oklahoma,18620,15092,3236,0.8105263157894737,0.1737916219119226,0.6367346938775511,43314,40.9,80.58,1.56,0.47,8.42,20.39,2.9,11.1,7.2,10.1,2.1,13.8,4.9,60236.0,11.4,88.3,19.5,2.6,0.4778,4.636628292196984
40139,Texas County,Oklahoma,5206,4319,793,0.8296196696119862,0.1523242412600845,0.6772954283519017,20880,33.4,51.18,4.16,2.46,51.14,12.07,1.6,12.6,8.7,23.0,0.7,12.1,5.1,59275.0,12.7,75.0,24.4,23.9,0.4103,4.319730494330225
40141,Tillman County,Oklahoma,2533,2006,500,0.7919463087248322,0.1973943939992104,0.5945519147256217,6967,39.6,64.93,7.59,0.5,27.66,20.07,3.2,9.9,9.3,15.9,2.3,11.4,7.5,47445.0,14.6,81.5,17.3,3.6,0.4606,3.8430458105345693
40143,Tulsa County,Oklahoma,256939,145241,106105,0.5652742479732543,0.412957939433095,0.15231630854015932,673708,36.0,62.64,9.73,3.7,15.21,14.86,3.5,1.8,7.0,10.7,2.7,11.4,6.5,67317.0,10.8,89.8,33.7,9.6,0.4861,5.8284717044481615
40145,Wagoner County,Oklahoma,38501,28487,9330,0.7399028596659827,0.2423313680164151,0.4975714916495676,84339,38.8,69.66,3.41,2.09,8.23,16.9,3.1,2.1,8.9,13.3,2.5,12.9,7.4,78520.0,6.2,91.7,26.9,4.9,0.4081,4.92602844731844
40147,Washington County,Oklahoma,23174,16836,5793,0.7265038405109174,0.2499784240959696,0.47652541641494783,52895,39.4,72.83,2.74,2.09,6.69,20.02,2.2,5.5,5.9,12.5,1.6,12.6,5.1,61205.0,11.1,91.5,30.5,3.7,0.4709,4.723414621467368
40149,Washita County,Oklahoma,4652,4030,551,0.8662940670679278,0.1184436801375752,0.7478503869303526,10857,40.7,86.17,1.42,0.09,9.4,19.07,3.6,11.9,9.5,5.3,3.8,9.4,9.9,61980.0,8.2,88.9,20.4,1.8,0.4123,4.035709837827862
40151,Woods County,Oklahoma,3638,2955,614,0.8122594832325454,0.1687740516767454,0.6434854315558,8619,33.9,87.56,2.53,0.05,7.37,17.42,4.2,17.2,2.8,4.2,0.5,13.8,4.0,50512.0,8.3,88.6,32.5,1.7,0.4638,3.9354568807116097
40153,Woodward County,Oklahoma,7312,6231,967,0.8521608315098468,0.1322483588621444,0.7199124726477024,20260,36.5,83.53,1.22,0.38,14.91,16.17,3.1,13.2,7.3,6.9,1.8,12.5,5.9,65060.0,11.6,88.0,21.6,5.0,0.4386,4.306639441024261
41001,Baker County,Oregon,9523,6984,2301,0.7333823374986874,0.2416255381707445,0.4917567993279429,16796,47.6,90.49,1.23,0.17,5.01,27.64,2.2,8.4,8.0,9.2,0.8,11.5,8.4,57844.0,9.4,92.4,27.0,1.7,0.4707,4.225205865965902
41003,Benton County,Oregon,49336,14041,33579,0.2845994811091292,0.6806186152099887,-0.3960191341008595,96359,33.8,80.42,1.4,6.62,9.08,17.17,4.1,3.0,4.7,8.3,1.7,9.5,2.5,76011.0,7.8,96.0,54.4,9.8,0.4771,4.983892284303315
41005,Clackamas County,Oregon,237953,103832,126979,0.4363550785239102,0.5336305909150126,-0.09727551239110244,422308,42.1,80.25,1.05,4.97,9.78,19.34,2.9,1.6,8.8,10.8,3.2,12.1,5.0,100360.0,5.0,94.7,39.7,8.6,0.4484,5.625629308568992
41007,Clatsop County,Oregon,22989,9829,12442,0.427552307625386,0.5412153638696768,-0.11366305624429085,41343,45.2,85.48,0.94,1.29,9.72,24.3,2.5,3.2,8.7,8.1,2.0,16.8,3.3,68705.0,5.0,92.8,26.3,4.1,0.4705,4.616401987438187
41009,Columbia County,Oregon,31094,17184,12865,0.5526468128899467,0.4137454171222744,0.13890139576767224,53178,43.2,86.99,0.57,0.64,6.37,19.63,2.6,2.5,8.8,15.3,1.9,12.5,8.6,86359.0,5.3,90.4,19.2,3.4,0.4057,4.725731999687966
41011,Coos County,Oregon,35166,20587,13596,0.5854234203492009,0.3866234430984474,0.19879997725075355,64832,48.6,85.64,0.56,1.2,7.0,27.38,2.8,4.9,6.4,5.2,1.2,13.8,4.8,60313.0,10.3,91.0,21.7,3.8,0.4543,4.8117894193441675
41013,Crook County,Oregon,15892,11804,3731,0.7427636546690158,0.234772212433929,0.5079914422350869,25651,47.7,89.26,0.25,0.24,7.64,25.09,3.0,5.1,10.8,9.3,1.3,14.4,3.7,81675.0,6.2,91.1,22.5,3.7,0.4147,4.4091043006765425
41015,Curry County,Oregon,14018,7943,5685,0.5666286203452704,0.4055500071336853,0.16107861321158512,23463,57.2,86.27,0.26,0.71,7.54,35.57,2.4,8.7,7.5,8.9,0.5,7.9,3.5,64769.0,8.6,90.6,24.2,6.0,0.4496,4.370383540607654
41017,Deschutes County,Oregon,122417,53318,65677,0.4355440829296584,0.5365022831796238,-0.10095820024996538,203026,42.6,88.47,0.41,1.14,8.93,20.85,3.0,2.2,8.3,7.3,2.4,13.0,3.3,87640.0,5.7,94.8,43.4,4.9,0.4626,5.307551658275185
41019,Douglas County,Oregon,60756,41059,18181,0.6758015669234314,0.2992461649878201,0.3765554019356113,111807,46.6,87.63,0.35,0.92,6.38,26.23,2.9,5.8,7.0,11.5,2.1,12.0,4.9,58983.0,9.6,91.6,18.9,2.7,0.4525,5.0484689946613654
41021,Gilliam County,Oregon,1130,805,291,0.7123893805309734,0.2575221238938053,0.45486725663716815,2002,50.3,84.07,0.0,0.4,8.69,31.77,0.9,16.4,3.7,4.5,0.9,5.3,3.3,64219.0,3.3,87.1,20.9,2.9,0.4439,3.3014640731432996
41023,Grant County,Oregon,4421,3483,813,0.7878308075096132,0.1838950463695996,0.6039357611400136,7238,50.8,89.46,0.11,0.73,4.23,31.64,3.1,19.1,7.3,5.0,1.6,9.9,5.1,59800.0,8.5,89.6,19.7,2.1,0.4202,3.8596185787721806
41025,Harney County,Oregon,4227,3305,795,0.7818784007570381,0.1880766501064585,0.5938017506505796,7515,45.8,87.77,0.21,0.11,5.48,25.72,2.3,15.8,3.3,3.9,2.4,15.2,3.1,48338.0,4.7,91.8,15.6,2.2,0.4478,3.875928984922927
41027,Hood River County,Oregon,12620,3854,8364,0.3053882725832013,0.662757527733756,-0.3573692551505547,23958,40.2,73.61,0.95,1.09,30.3,17.73,2.4,13.5,5.7,8.4,2.1,9.5,4.6,82095.0,2.9,84.2,39.4,15.3,0.4543,4.379450560577981
41029,Jackson County,Oregon,118577,61535,53907,0.5189454953321471,0.454615987923459,0.06432950740868809,222563,42.7,82.93,0.66,1.17,14.21,22.93,3.1,2.8,6.3,7.6,2.5,14.3,4.6,71443.0,7.4,91.3,30.6,5.7,0.456,5.347452966685824
41031,Jefferson County,Oregon,11653,7438,3921,0.6382905689522012,0.3364798764266712,0.30181069252552994,24973,41.3,62.73,0.7,0.58,20.97,19.76,4.3,7.1,6.1,12.0,1.7,11.6,4.3,73051.0,12.0,88.7,20.0,6.8,0.4214,4.39747071716853
41033,Josephine County,Oregon,48521,30696,16592,0.6326332928010552,0.3419550297809196,0.2906782630201356,88069,47.5,87.3,0.55,0.82,8.44,26.8,3.9,3.6,7.1,9.6,1.3,14.9,4.4,59097.0,10.8,90.2,19.7,3.7,0.4747,4.944823065073232
41035,Klamath County,Oregon,35281,24613,9829,0.6976276182647884,0.2785918766474873,0.41903574161730106,69812,41.3,79.62,0.71,0.81,13.45,22.08,4.0,4.6,5.3,10.2,2.1,14.5,5.4,59353.0,12.0,89.6,21.5,4.5,0.4775,4.843930080013581
41037,Lake County,Oregon,4130,3367,670,0.8152542372881356,0.162227602905569,0.6530266343825666,8254,45.9,86.47,0.52,0.33,10.33,24.85,2.2,18.1,3.3,4.5,2.4,11.2,5.3,61222.0,8.6,89.2,20.9,6.5,0.438,3.9166644645413973
41039,Lane County,Oregon,206547,76149,123957,0.3686763787418844,0.6001394355764064,-0.23146305683452195,382628,40.2,82.02,1.17,2.6,10.2,20.45,4.1,2.3,6.9,9.9,2.7,12.1,4.0,69311.0,7.9,93.1,33.4,5.4,0.4625,5.582776747710489
41041,Lincoln County,Oregon,29671,11645,17112,0.3924707626975835,0.5767247480705066,-0.18425398537292303,50632,52.5,82.46,0.31,1.25,9.95,31.14,3.9,3.0,8.3,5.6,2.1,14.0,2.7,61314.0,11.0,91.8,28.8,5.4,0.4657,4.70442508266649
41043,Linn County,Oregon,71052,43078,25749,0.6062883521927602,0.3623965546360412,0.24389179755671903,129794,40.2,85.34,0.41,0.96,10.28,19.17,3.6,3.4,7.8,12.4,2.0,12.7,4.9,73396.0,7.6,91.3,20.8,4.3,0.404,5.11325461675465
41045,Malheur County,Oregon,10738,7593,2830,0.7071149189793258,0.2635500093127211,0.44356490966660467,31701,36.2,73.64,1.05,1.38,33.53,17.05,2.6,13.7,4.6,10.6,2.5,13.3,4.5,49902.0,15.4,83.8,15.5,7.7,0.4449,4.50107296214305
41047,Marion County,Oregon,155732,77083,73967,0.4949721316107158,0.4749633986592351,0.0200087329514807,346532,37.2,69.17,1.13,2.12,28.32,16.41,3.2,5.0,9.2,9.6,2.3,11.5,3.7,74624.0,9.3,86.1,26.0,13.6,0.4337,5.539743345100011
41049,Morrow County,Oregon,4693,3402,1132,0.7249094395908801,0.2412103132324739,0.4836991263584062,12249,36.2,64.35,1.0,0.11,41.23,16.23,1.8,14.3,6.4,15.5,3.6,8.2,7.3,70217.0,10.7,76.0,9.8,17.8,0.434,4.088100634642659
41051,Multnomah County,Oregon,408474,70231,323969,0.1719350558419874,0.793120247555536,-0.6211851917135486,803863,38.5,69.97,5.52,7.47,13.09,14.39,3.8,0.9,5.0,9.1,2.3,10.9,5.5,86247.0,7.3,92.3,48.6,13.0,0.4757,5.905182039527311
41053,Polk County,Oregon,47025,23695,21908,0.5038809144072302,0.465879851143009,0.03800106326422115,88553,37.6,79.84,0.76,1.79,15.2,18.78,3.1,3.4,7.0,7.6,1.1,13.3,3.6,81318.0,8.5,91.8,30.6,5.7,0.4469,4.947203278810971
41055,Sherman County,Oregon,1138,877,229,0.7706502636203867,0.2012302284710017,0.569420035149385,1908,45.8,86.69,0.37,0.31,4.82,22.69,0.4,16.3,6.9,7.9,4.7,9.7,5.9,59500.0,15.5,88.3,16.1,1.3,0.4121,3.2805783703680764
41057,Tillamook County,Oregon,16130,7944,7726,0.4924984500929944,0.4789832610043397,0.013515189088654733,27471,48.9,87.29,0.59,0.63,11.01,27.4,2.5,6.2,6.3,10.8,1.9,10.1,6.2,66551.0,8.4,90.6,25.1,5.0,0.4377,4.438874468906445
41059,Umatilla County,Oregon,30832,20809,9170,0.6749156720290607,0.2974182667358588,0.37749740529320186,80087,36.7,70.86,0.74,0.6,28.95,16.16,3.1,7.5,6.1,9.0,1.9,13.0,6.1,68958.0,9.3,84.4,18.0,10.3,0.4201,4.903562025616508
41061,Union County,Oregon,14364,9872,4043,0.6872737399053188,0.2814675577833472,0.4058061821219716,26192,40.1,88.37,0.9,1.42,5.35,21.0,3.3,5.9,5.7,10.0,1.1,13.9,6.0,64212.0,8.8,93.5,24.9,3.3,0.4495,4.418168662067866
41063,Wallowa County,Oregon,5082,3366,1573,0.6623376623376623,0.3095238095238095,0.35281385281385286,7532,50.2,90.0,1.22,0.32,3.96,29.04,2.9,12.0,8.8,4.5,0.2,6.6,4.5,65559.0,2.6,92.9,36.9,1.4,0.4423,3.876910311344627
41065,Wasco County,Oregon,13185,6754,6005,0.5122487675388699,0.4554417899127796,0.05680697762609033,26603,40.5,79.6,0.43,0.85,19.77,20.9,4.7,7.5,6.3,9.0,1.8,11.3,4.5,63602.0,6.1,86.9,21.8,8.6,0.4859,4.4249306144498775
41067,Washington County,Oregon,295038,92427,192641,0.3132715107884408,0.652936231943004,-0.3396647211545632,600266,37.8,65.97,2.29,11.18,18.19,14.33,3.1,1.0,5.7,17.6,2.7,11.6,4.2,104434.0,5.0,92.9,46.7,17.7,0.4295,5.77834374493748
41069,Wheeler County,Oregon,863,616,210,0.7137891077636153,0.2433371958285052,0.47045191193511005,1434,57.3,85.98,0.0,0.49,4.53,36.26,1.4,14.7,11.0,2.4,0.0,4.2,2.2,51250.0,6.6,91.4,20.4,3.6,0.4805,3.1565491513317814
41071,Yamhill County,Oregon,57324,29484,25971,0.5143395436466401,0.4530563114925685,0.061283232154071665,108122,39.5,78.41,0.7,1.79,17.1,18.32,2.7,4.6,8.2,14.8,1.6,10.8,3.7,87084.0,7.6,89.8,29.2,7.8,0.4436,5.03391407051661
42001,Adams County,Pennsylvania,60650,40248,19842,0.6636108821104699,0.3271558120362737,0.3364550700741962,105183,43.8,90.19,1.9,0.86,7.53,21.3,1.9,2.8,8.5,15.2,2.5,10.4,5.2,81071.0,5.4,90.7,24.8,3.4,0.3978,5.02194555347939
42003,Allegheny County,Pennsylvania,720504,283595,429916,0.3936064199504791,0.5966878740437249,-0.2030814540932458,1240476,40.6,76.9,12.5,4.14,2.81,19.74,3.2,0.4,5.1,7.6,2.1,10.6,5.4,76393.0,7.1,95.5,44.8,6.4,0.4835,6.093588366215326
42005,Armstrong County,Pennsylvania,37119,28296,8553,0.7623050189929685,0.2304210781540451,0.5318839408389234,65069,47.2,95.77,0.96,0.42,0.89,23.42,2.7,3.1,9.3,16.7,1.6,11.0,6.3,64295.0,7.1,93.1,18.9,0.6,0.4253,4.813374132416673
42007,Beaver County,Pennsylvania,94843,56837,37196,0.599274590639267,0.3921849793869869,0.20708961125228015,166993,44.7,87.69,6.2,0.45,2.26,22.23,3.1,1.0,7.6,11.2,1.9,11.8,8.9,70156.0,6.9,95.1,28.3,2.0,0.4337,5.222698266805733
42009,Bedford County,Pennsylvania,28160,23658,4336,0.8401278409090909,0.1539772727272727,0.6861505681818182,47503,47.5,96.05,0.78,0.5,1.19,23.46,2.5,3.1,9.7,14.7,2.9,14.7,8.1,60302.0,7.4,90.0,16.3,1.1,0.4275,4.676721037883893
42011,Berks County,Pennsylvania,209838,116677,91125,0.5560337021893079,0.4342635747576702,0.12177012743163773,429989,39.9,72.29,4.73,1.37,23.97,17.72,3.4,2.0,6.3,17.8,2.6,11.7,6.4,77684.0,8.3,88.4,27.2,8.8,0.4439,5.633457345578642
42013,Blair County,Pennsylvania,64949,46352,18127,0.7136676469229704,0.2790959060185684,0.434571740904402,121854,42.9,93.26,1.78,0.58,1.46,21.14,2.6,1.0,6.7,10.1,2.5,13.8,7.8,60594.0,8.5,93.2,24.1,1.3,0.4438,5.085839789978805
42015,Bradford County,Pennsylvania,31192,22937,7990,0.7353488073865093,0.2561554244678122,0.4791933829186971,59971,43.7,95.12,0.96,0.61,1.57,22.1,3.1,5.3,7.7,19.7,1.4,11.3,7.7,62482.0,9.5,91.1,21.2,2.1,0.4479,4.777941290639697
42017,Bucks County,Pennsylvania,401028,198722,198431,0.4955314840858992,0.4948058489681518,0.0007256351177474252,645993,44.1,82.38,3.75,4.9,6.34,19.96,3.0,0.5,7.0,12.2,2.8,10.6,4.5,111951.0,4.1,94.9,43.9,10.4,0.4454,5.810227811992229
42019,Butler County,Pennsylvania,121440,79773,40661,0.6568922924901186,0.3348237812911726,0.32206851119894603,195870,43.3,93.83,1.04,1.37,1.94,20.08,2.7,1.2,7.0,12.5,2.8,12.5,6.1,86775.0,5.0,95.7,38.6,2.1,0.4548,5.291967923324126
42021,Cambria County,Pennsylvania,71136,49408,21177,0.6945569050832209,0.2976973684210526,0.3968595366621683,132355,45.7,91.62,3.25,0.46,2.0,23.5,2.6,1.5,6.4,10.3,1.9,12.3,7.0,56292.0,8.9,92.9,23.0,1.0,0.4674,5.121740352372486
42023,Cameron County,Pennsylvania,2219,1654,538,0.7453808021631365,0.2424515547543938,0.5029292474087427,4475,52.5,94.15,0.04,0.51,1.85,29.5,4.7,4.9,5.4,35.4,0.3,10.5,5.3,47681.0,13.0,91.0,11.3,1.2,0.4214,3.650793039651931
42025,Carbon County,Pennsylvania,35395,23708,11394,0.6698121203559825,0.3219098742760277,0.3479022460799548,65191,46.3,90.0,2.33,0.51,6.37,22.09,4.3,1.3,8.7,12.7,1.9,11.4,9.2,67877.0,8.4,90.3,18.3,3.7,0.4295,4.814187642969179
42027,Centre County,Pennsylvania,80792,38829,41119,0.4806045152985444,0.5089489058322606,-0.02834439053371618,158041,33.8,84.86,3.33,6.05,3.56,15.53,2.2,1.2,4.5,6.8,1.5,10.2,3.8,72748.0,5.7,94.6,46.5,8.4,0.4781,5.1987697690042705
42029,Chester County,Pennsylvania,324964,137299,184281,0.4225052621213426,0.5670812766952648,-0.14457601457392216,540896,40.7,78.38,5.26,6.44,8.2,17.31,2.6,1.5,5.5,10.9,2.9,9.2,3.8,123041.0,3.7,94.9,56.6,9.6,0.452,5.733113769786766
42031,Clarion County,Pennsylvania,19733,15036,4562,0.7619723306136928,0.2311863376070541,0.5307859930066388,37297,41.6,94.84,1.8,0.48,1.11,20.19,3.0,3.4,7.2,13.3,1.7,11.9,4.8,60668.0,7.0,91.0,23.3,0.9,0.4359,4.5716739005528355
42033,Clearfield County,Pennsylvania,40430,30481,9647,0.75392035617116,0.2386099431115508,0.5153104130596092,78902,45.6,93.13,2.22,0.55,2.88,21.53,3.2,2.9,7.9,11.8,1.4,12.5,7.2,60181.0,10.3,90.4,20.1,1.9,0.4519,4.897088011802009
42035,Clinton County,Pennsylvania,18522,12965,5395,0.6999784040600368,0.2912752402548321,0.40870316380520466,37707,39.8,94.46,1.39,0.69,1.83,19.66,3.3,2.7,9.0,15.7,1.4,10.6,6.7,58842.0,9.7,89.7,21.3,1.6,0.4453,4.576421980953126
42037,Columbia County,Pennsylvania,32576,21190,11083,0.6504788801571709,0.3402197937131631,0.31025908644400785,65055,41.4,92.38,1.93,1.02,3.68,20.23,3.2,2.2,5.8,13.9,2.2,10.7,5.9,61992.0,9.6,91.8,24.9,2.8,0.4445,4.813280681204443
42039,Crawford County,Pennsylvania,42872,29685,12858,0.6924099645456242,0.2999160291099085,0.3924939354357157,83189,43.9,93.75,1.66,0.57,1.53,22.12,2.7,3.8,7.2,21.1,1.4,10.1,4.7,60254.0,9.0,91.0,21.2,1.3,0.4319,4.920065903753081
42041,Cumberland County,Pennsylvania,148396,80267,66255,0.5408973287689696,0.4464742984986118,0.09442303027035776,264422,40.3,83.41,4.48,5.22,4.88,18.8,2.2,1.0,5.1,7.9,2.4,11.5,7.6,85634.0,5.1,93.5,39.6,7.1,0.4247,5.422297585764899
42043,Dauphin County,Pennsylvania,149526,69474,78327,0.4646282251916054,0.5238353196099675,-0.05920709441836214,287484,39.4,64.89,17.66,6.13,11.28,17.7,2.8,1.1,4.4,8.1,2.9,10.9,7.5,74159.0,9.2,91.5,34.3,9.1,0.456,5.458613678921047
42045,Delaware County,Pennsylvania,328172,123421,201324,0.3760863205879843,0.6134709847275209,-0.23738466413953663,576195,39.0,64.46,22.02,6.13,4.81,17.02,4.5,0.4,5.9,7.6,1.9,10.1,6.0,88576.0,7.4,93.6,41.6,11.1,0.4862,5.76056948531921
42047,Elk County,Pennsylvania,17153,12543,4483,0.7312423482772693,0.2613536990613886,0.4698886492158807,30703,48.5,95.14,0.84,0.41,1.0,23.41,3.8,1.3,5.3,35.3,2.1,9.8,5.0,64103.0,4.8,93.5,19.9,1.4,0.4247,4.487180812603931
42049,Erie County,Pennsylvania,137595,68866,67456,0.5004978378574803,0.4902503724699298,0.010247465387550447,269544,40.1,83.49,6.9,1.97,4.63,19.21,3.3,0.8,4.9,15.5,1.8,10.5,4.7,61476.0,10.7,92.6,29.6,4.4,0.46,5.430629668956741
42051,Fayette County,Pennsylvania,63472,43633,19548,0.6874369800857071,0.3079783211494832,0.3794586589362239,126967,45.4,90.1,4.06,0.46,1.34,22.17,3.6,3.4,7.9,10.1,1.9,12.9,8.2,56093.0,12.3,90.0,18.9,1.5,0.4577,5.103690858119577
42053,Forest County,Pennsylvania,2650,1902,724,0.7177358490566038,0.2732075471698113,0.4445283018867925,6785,48.6,79.03,13.99,0.62,4.98,23.99,0.9,4.2,10.8,15.3,0.9,12.5,5.0,50061.0,12.6,85.6,12.1,1.9,0.4215,3.831549851995756
42055,Franklin County,Pennsylvania,83884,59604,23543,0.7105526679700539,0.2806613895379333,0.4298912784321206,156626,42.2,87.82,3.23,0.95,7.16,19.98,2.2,3.3,6.0,16.2,2.2,11.8,7.6,74946.0,4.9,90.7,24.0,3.9,0.4178,5.194863856823247
42057,Fulton County,Pennsylvania,8177,7039,1102,0.860829154946802,0.1347682524153112,0.7260609025314908,14545,45.9,94.14,1.36,0.22,1.24,22.19,1.8,3.6,9.4,20.9,1.9,9.7,7.2,64798.0,8.9,89.3,17.1,0.6,0.435,4.162713725583078
42059,Greene County,Pennsylvania,17236,12319,4592,0.7147249941981898,0.2664191227663031,0.4483058714318867,35265,43.0,92.32,2.67,0.2,1.55,20.01,3.0,5.5,9.2,6.9,1.7,11.2,6.9,66870.0,10.1,89.9,21.1,0.8,0.4319,4.54734388818062
42061,Huntingdon County,Pennsylvania,23156,17627,5368,0.761228191397478,0.2318189670063914,0.5294092243910866,43844,43.5,90.23,4.91,0.53,2.02,21.54,2.6,3.7,8.6,14.1,1.3,9.6,4.4,65429.0,8.5,90.7,18.2,1.0,0.4245,4.641910169077627
42063,Indiana County,Pennsylvania,42229,29215,12697,0.6918231547041133,0.3006701555802884,0.39115299912382484,83213,39.5,92.64,2.45,0.79,1.78,20.05,3.7,4.2,6.5,8.7,1.5,15.3,6.4,58739.0,7.4,92.4,26.9,2.2,0.4476,4.920191179502627
42065,Jefferson County,Pennsylvania,23129,18235,4707,0.7884041679277098,0.2035107440875092,0.5848934238402006,44099,43.7,96.54,0.47,0.25,0.98,21.7,2.7,3.3,8.5,18.9,2.1,11.4,6.2,56898.0,11.3,91.4,17.5,0.4,0.4443,4.644428741408746
42067,Juniata County,Pennsylvania,12104,9721,2290,0.8031229345670853,0.1891936549900859,0.6139292795769994,23419,43.1,93.19,1.05,0.47,3.98,20.94,1.5,5.7,11.7,19.3,1.7,11.9,7.1,63923.0,7.0,83.3,15.0,2.4,0.4002,4.369568346596548
42069,Lackawanna County,Pennsylvania,116590,56261,59510,0.482554249935672,0.5104211338879835,-0.027866883952311516,215834,41.9,83.42,3.07,2.96,9.17,20.25,2.8,1.0,5.4,9.3,3.0,12.6,6.5,64691.0,10.7,91.6,30.1,5.9,0.4627,5.334119859481692
42071,Lancaster County,Pennsylvania,289257,166261,120119,0.5747864355918785,0.415267391973228,0.1595190436186505,555151,39.1,82.87,3.99,2.36,11.27,19.2,2.2,2.2,8.0,14.4,3.1,11.9,5.3,83703.0,5.6,87.1,31.0,5.6,0.4303,5.744411126451236
42073,Lawrence County,Pennsylvania,47110,31347,15440,0.6654001273614943,0.3277435788579919,0.33765654850350246,85423,44.9,90.36,3.7,0.32,2.06,22.95,3.6,1.1,7.3,14.4,2.9,12.3,6.7,60779.0,7.4,92.4,22.8,1.6,0.4394,4.931574819497352
42075,Lebanon County,Pennsylvania,73692,48282,24734,0.6551864517179612,0.3356402323182977,0.3195462193996635,143592,41.3,82.0,2.05,1.53,14.7,20.14,2.6,2.1,7.3,13.6,3.4,12.2,6.7,76350.0,7.6,88.0,24.0,4.2,0.4248,5.157130244553652
42077,Lehigh County,Pennsylvania,189810,91207,96317,0.4805173594647279,0.5074390179653337,-0.02692165850060585,375408,39.3,66.77,6.94,3.51,26.96,17.35,3.6,0.4,5.4,13.7,3.2,11.3,9.2,77493.0,8.2,90.3,33.4,13.3,0.4657,5.574503523263578
42079,Luzerne County,Pennsylvania,156150,92444,62504,0.592020493115594,0.4002817803394172,0.19173871277617682,325978,42.1,78.31,5.25,1.1,15.93,19.94,3.5,0.7,5.4,12.0,3.4,13.0,8.4,62321.0,11.3,90.7,25.0,8.7,0.4548,5.513188290862397
42081,Lycoming County,Pennsylvania,59685,41961,17216,0.7030409650665996,0.2884476836726146,0.41459328139398505,113570,41.3,89.11,4.44,0.88,2.26,20.21,3.2,2.0,7.0,13.6,2.0,12.0,5.8,64412.0,8.4,91.1,24.8,1.7,0.4419,5.055263625784184
42083,McKean County,Pennsylvania,19682,14401,5115,0.7316837719743928,0.2598821258002236,0.47180164617416925,40149,43.8,93.69,2.31,0.48,1.82,20.51,2.7,3.1,6.4,20.1,1.6,10.2,4.2,61705.0,10.1,92.5,20.3,1.7,0.4364,4.6036747326809415
42085,Mercer County,Pennsylvania,58410,37761,20145,0.6464817668207499,0.344889573703133,0.30159219311761687,109852,45.2,88.97,5.57,0.63,1.59,22.69,2.9,1.6,5.9,16.1,1.7,11.9,5.2,60614.0,9.5,91.3,25.1,1.7,0.434,5.040807968230192
42087,Mifflin County,Pennsylvania,22071,17184,4735,0.7785782248198995,0.2145349100629785,0.5640433147569209,46074,43.1,93.92,0.71,0.28,2.17,21.76,2.0,2.7,9.4,21.0,2.3,10.7,5.7,61415.0,11.3,84.4,13.2,0.7,0.3974,4.663455917972612
42089,Monroe County,Pennsylvania,85525,42676,42007,0.4989885998246127,0.491166325635779,0.007822274188833689,167784,43.9,66.51,14.0,2.64,17.7,18.91,3.8,0.8,6.9,10.9,2.0,12.9,8.0,82374.0,8.7,90.3,27.9,10.5,0.4223,5.224750543840614
42091,Montgomery County,Pennsylvania,520906,198311,317103,0.3807040041773372,0.608752826805604,-0.22804882262826687,861225,41.1,74.4,9.27,7.81,6.48,18.38,3.0,0.3,5.6,11.7,2.4,9.6,3.5,111521.0,4.2,94.9,52.3,11.2,0.4707,5.935116628216544
42093,Montour County,Pennsylvania,9908,5944,3862,0.5999192571659265,0.3897860314897053,0.21013322567622122,18079,43.0,90.48,2.46,3.49,2.94,21.44,1.5,2.2,6.5,9.3,1.6,9.1,3.3,72926.0,5.6,92.8,36.6,5.3,0.4997,4.2571744047625355
42095,Northampton County,Pennsylvania,178215,89817,86655,0.5039811463681508,0.4862385321100917,0.01774261425805912,315927,42.0,76.73,5.9,3.08,14.9,19.9,3.0,0.5,5.8,13.3,3.1,11.2,7.2,86687.0,5.9,92.7,33.8,8.4,0.442,5.499586743505437
42097,Northumberland County,Pennsylvania,43522,30240,12863,0.6948210100638758,0.2955516750149349,0.39926933504894085,90925,44.4,91.06,2.71,0.47,4.85,21.73,2.2,2.3,6.3,12.8,2.7,14.4,6.0,57948.0,8.6,90.0,19.2,1.7,0.4271,4.95868330972675
42099,Perry County,Pennsylvania,25725,19073,6385,0.741418853255588,0.2482021379980563,0.4932167152575317,45988,43.8,94.46,0.8,0.25,2.27,19.88,2.0,3.1,11.5,8.9,2.5,11.3,9.3,78824.0,6.3,89.9,18.6,1.2,0.4038,4.662644522688828
42101,Philadelphia County,Pennsylvania,721441,144311,568571,0.2000316034159411,0.7881046405735188,-0.5880730371575777,1582432,35.1,36.13,39.9,7.77,15.2,14.35,5.3,0.3,3.8,6.3,1.8,9.2,6.3,60698.0,17.5,87.4,34.6,14.6,0.5152,6.19932505666141
42103,Pike County,Pennsylvania,34950,21537,13132,0.6162231759656652,0.3757367668097282,0.24048640915593705,59691,49.4,80.41,6.65,1.48,12.02,23.71,4.1,1.3,6.7,8.0,2.3,12.3,5.8,79318.0,6.3,93.2,28.9,8.0,0.4276,4.775908854663898
42105,Potter County,Pennsylvania,9085,7334,1675,0.8072647220693451,0.1843698403962575,0.6228948816730876,16276,48.2,95.67,0.44,0.46,1.67,25.27,2.4,6.5,7.9,14.8,1.7,11.0,7.4,59840.0,7.5,90.8,17.1,1.4,0.4119,4.211547681181248
42107,Schuylkill County,Pennsylvania,73184,51665,20882,0.7059603191954525,0.2853355924792304,0.42062472671622214,143259,43.9,89.73,2.9,0.45,6.8,20.83,3.0,2.3,6.5,19.3,1.9,11.7,8.1,66901.0,8.0,90.0,19.1,2.2,0.4262,5.156121915299514
42109,Snyder County,Pennsylvania,20038,14664,5239,0.7318095618325182,0.2614532388461922,0.470356322986326,39711,40.5,94.99,0.79,0.55,2.49,20.0,1.4,3.7,9.0,16.8,1.5,13.8,5.1,68435.0,5.2,84.3,21.4,1.4,0.4196,4.598910823578959
42111,Somerset County,Pennsylvania,40881,31993,8596,0.7825884885399085,0.2102688290403855,0.572319659499523,73255,47.0,94.52,1.94,0.51,1.5,23.46,3.0,3.7,7.6,13.8,2.6,12.8,6.7,59378.0,7.3,90.1,17.3,1.0,0.4206,4.864837272688962
42113,Sullivan County,Pennsylvania,3721,2721,976,0.7312550389680194,0.2622950819672131,0.4689599570008063,5849,56.1,94.61,2.26,0.0,2.0,30.45,3.3,6.3,9.5,16.4,1.9,7.7,9.0,64758.0,6.6,91.8,19.7,1.6,0.4332,3.7670816213633223
42115,Susquehanna County,Pennsylvania,22404,16114,6093,0.7192465631137297,0.2719603642206749,0.4472861988930548,38349,48.6,95.7,0.23,0.5,2.28,24.73,3.1,6.6,9.6,12.2,2.4,12.6,8.5,66930.0,7.0,91.5,19.8,1.9,0.4595,4.583754043639778
42117,Tioga County,Pennsylvania,21587,16272,5100,0.7537870014360495,0.2362533005975818,0.5175337008384677,41078,45.0,96.01,0.85,0.38,1.63,22.99,2.7,5.0,5.9,16.3,1.6,11.3,6.4,62932.0,8.3,92.0,21.5,1.5,0.4147,4.61360929057012
42119,Union County,Pennsylvania,21188,12969,8015,0.6120917500471965,0.3782801585803285,0.23381159146686803,42570,40.5,89.11,6.05,1.76,4.92,19.46,1.1,2.2,5.4,11.8,1.7,10.1,3.8,72894.0,5.2,86.7,26.4,3.7,0.486,4.629103650177137
42121,Venango County,Pennsylvania,26732,18883,7624,0.7063818644321412,0.2852012569205446,0.42118060751159664,50096,47.6,94.24,1.15,0.35,1.17,24.22,3.5,1.4,5.7,16.2,1.6,12.5,6.3,61626.0,8.4,91.5,19.7,0.8,0.4163,4.69980305027284
42123,Warren County,Pennsylvania,20723,14345,6212,0.692226029049848,0.299763547748878,0.39246248130097,38174,47.4,95.21,0.85,0.42,1.19,24.2,2.3,3.2,4.3,23.0,1.5,11.0,5.4,59013.0,7.3,93.9,19.5,1.3,0.42,4.581767669168663
42125,Washington County,Pennsylvania,121617,75929,44910,0.6243288356068641,0.3692740324132317,0.25505480319363244,209778,44.2,90.78,3.18,1.21,1.96,21.52,3.0,2.6,9.0,10.6,2.3,11.7,6.0,77487.0,5.8,94.0,32.8,2.2,0.4564,5.321759940580195
42127,Wayne County,Pennsylvania,29444,20071,9150,0.6816668930851787,0.3107594076891726,0.3709074853960061,51189,48.9,90.06,3.16,0.69,4.94,25.02,3.0,1.6,9.7,7.9,2.1,13.1,6.6,62182.0,9.3,91.4,21.6,3.7,0.426,4.709176645496251
42129,Westmoreland County,Pennsylvania,211450,135008,74904,0.638486639867581,0.3542397729959801,0.28424686687160095,353345,47.1,92.57,2.51,0.92,1.53,23.75,2.9,0.9,7.0,14.6,2.9,12.1,5.9,72468.0,6.3,95.4,31.8,1.8,0.4522,5.548198950220508
42131,Wyoming County,Pennsylvania,15052,10222,4680,0.6791124103109222,0.3109221365931437,0.36819027371777846,26075,45.2,94.53,0.81,0.25,2.35,22.42,2.7,2.8,9.7,13.8,2.2,10.7,7.5,70268.0,7.6,92.4,21.5,1.5,0.4608,4.416224317098568
42133,York County,Pennsylvania,249210,154884,91926,0.621499939809799,0.3688696280245576,0.2526303117852414,459312,40.9,82.92,5.88,1.43,9.09,18.43,2.9,1.0,7.2,15.4,3.1,11.4,7.4,82238.0,5.9,91.4,27.2,4.4,0.4147,5.662107791957666
44001,Bristol County,Rhode Island,28117,10048,17458,0.3573638723903688,0.6209055020094605,-0.26354162961909167,50568,44.1,90.38,1.07,2.29,4.04,20.47,1.9,0.5,5.3,10.1,2.1,7.4,2.4,110926.0,4.2,93.5,51.8,9.9,0.4625,4.703875777319706
44003,Kent County,Rhode Island,92648,44526,46269,0.480593213021328,0.4994063552370261,-0.018813142215698075,170658,43.6,86.6,2.06,2.97,6.43,19.92,3.1,0.4,6.6,11.4,2.3,12.9,5.0,91278.0,4.2,92.8,34.3,6.8,0.4401,5.232126651679525
44005,Newport County,Rhode Island,44349,16027,27332,0.3613835712191932,0.6162934902703556,-0.25490991905116245,85095,46.4,84.87,3.8,1.73,6.56,24.42,3.8,1.4,7.8,7.4,1.8,8.9,3.6,100859.0,4.5,95.3,53.0,7.0,0.4776,4.929904042620383
44007,Providence County,Rhode Island,269989,112558,151508,0.4168984662338095,0.5611636029616022,-0.14426513672779268,658977,37.9,62.08,8.32,4.19,24.9,15.99,4.1,0.3,6.3,11.2,2.2,11.5,5.5,78204.0,9.0,86.3,32.2,20.3,0.461,5.8188702568589585
44009,Washington County,Rhode Island,75556,31247,42589,0.4135608025835142,0.5636746254433798,-0.15011382285986558,130073,45.3,90.39,1.33,2.18,3.7,22.6,2.9,1.1,6.2,11.7,1.8,10.2,3.1,102478.0,4.0,95.3,50.5,4.7,0.439,5.114187156915632
45001,Abbeville County,South Carolina,12048,8509,3399,0.7062583001328021,0.2821215139442231,0.42413678618857903,24352,44.3,69.32,25.82,0.21,1.95,22.57,1.7,1.2,8.4,23.3,1.5,12.6,3.1,52112.0,9.3,86.2,19.3,2.5,0.4508,4.386534635090479
45003,Aiken County,South Carolina,86091,53592,31298,0.622504094504652,0.3635455506382781,0.25895854386637396,171949,41.6,66.11,24.53,1.01,6.96,20.36,3.3,1.5,6.7,14.9,1.4,11.0,6.1,67940.0,9.6,89.8,31.1,3.6,0.4552,5.235399654448554
45005,Allendale County,South Carolina,3023,813,2165,0.2689381409196162,0.7161759841217333,-0.4472378432021171,7738,42.5,24.18,63.98,4.19,10.33,21.71,4.7,6.0,0.7,9.4,0.8,12.9,7.9,31603.0,22.3,79.6,13.3,1.5,0.529,3.8886287253852263
45007,Anderson County,South Carolina,98296,71828,25281,0.7307316676161797,0.2571925612435908,0.4735391063725889,207218,40.5,77.2,13.63,1.04,4.92,18.18,3.0,0.4,6.7,20.0,1.9,11.5,6.1,64683.0,11.1,87.8,26.4,3.7,0.466,5.316427477719621
45009,Bamberg County,South Carolina,5694,2376,3245,0.4172813487881981,0.5698981383912891,-0.152616789603091,13164,41.7,37.82,59.86,0.46,1.69,23.47,6.3,2.5,10.7,23.3,1.4,12.9,4.1,43206.0,15.3,76.9,18.8,3.2,0.4801,4.119387873622336
45011,Barnwell County,South Carolina,9803,5605,4082,0.5717637457921044,0.4164031418953381,0.15536060389676631,20565,40.7,52.19,43.26,0.52,2.8,18.93,4.0,2.8,5.5,18.7,1.3,8.0,7.3,41800.0,22.7,80.8,12.8,2.4,0.4966,4.3131287138451935
45013,Beaufort County,South Carolina,104403,59123,44002,0.5662959876631898,0.4214629847801308,0.144833002883059,192123,47.2,70.12,15.8,1.07,12.25,27.91,1.5,1.0,8.4,6.1,1.5,14.9,4.0,84819.0,8.1,94.2,44.8,7.7,0.4869,5.283579359526748
45015,Berkeley County,South Carolina,112834,64777,46416,0.5740911427406633,0.4113653685945725,0.1627257741460908,238723,36.7,63.09,23.17,2.33,8.86,14.54,2.3,0.6,8.7,13.2,2.0,11.6,7.1,82327.0,8.0,90.6,29.9,6.2,0.4282,5.377894263547514
45017,Calhoun County,South Carolina,7914,4474,3339,0.5653272681324235,0.4219105382865807,0.1434167298458428,14150,47.4,55.22,38.61,0.18,3.81,24.15,4.1,2.2,9.3,16.0,3.3,9.3,7.1,56690.0,14.9,88.3,21.8,2.0,0.4582,4.150756439860309
45019,Charleston County,South Carolina,214521,99265,111427,0.4627285906741065,0.5194223409363186,-0.05669375026221207,414711,39.0,66.15,23.76,1.75,7.0,17.48,2.3,0.6,7.0,7.2,2.4,9.7,4.4,84320.0,7.2,92.9,49.0,6.5,0.5121,5.61774555495877
45021,Cherokee County,South Carolina,24839,18697,5939,0.7527275655219614,0.2390998027295784,0.513627762792383,56299,40.3,71.19,18.93,0.48,5.23,17.11,3.6,1.0,6.9,23.6,1.7,9.5,7.0,49047.0,12.5,85.5,18.4,3.3,0.4605,4.750500680848878
45023,Chester County,South Carolina,15556,9030,6353,0.5804834147595783,0.4083954744150167,0.1720879403445616,32177,42.2,58.27,36.04,0.53,2.73,18.89,3.6,2.3,7.1,21.7,2.3,12.6,7.6,51216.0,15.7,84.4,13.7,0.9,0.4488,4.507545550509421
45025,Chesterfield County,South Carolina,18391,11682,6520,0.6352020009787396,0.3545212332118971,0.2806807677668425,43575,42.4,61.48,30.69,0.38,5.34,18.94,4.6,3.9,8.1,23.9,1.6,10.3,5.5,47620.0,17.1,82.0,13.2,2.7,0.4819,4.639237395782031
45027,Clarendon County,South Carolina,16320,9065,7064,0.555453431372549,0.432843137254902,0.12261029411764701,31037,45.9,50.08,45.22,0.75,3.04,24.4,4.1,4.3,8.6,12.8,2.4,12.3,5.8,48887.0,13.9,81.9,17.7,1.6,0.4891,4.491879736219808
45029,Colleton County,South Carolina,18276,10696,7376,0.5852484132195229,0.4035894068724009,0.181659006347122,38623,42.2,57.66,34.67,0.46,4.04,20.12,5.1,1.8,11.2,12.6,2.6,12.8,6.1,48779.0,15.9,85.6,16.7,2.5,0.4588,4.586846004110501
45031,Darlington County,South Carolina,30331,17017,12977,0.5610431571659359,0.4278460980514985,0.1331970591144374,62754,41.5,54.5,40.98,0.35,2.37,19.48,3.8,1.2,4.8,19.8,2.1,14.5,7.8,47419.0,15.8,86.5,19.7,1.4,0.5029,4.797641413381151
45033,Dillon County,South Carolina,11861,6526,5241,0.550206559312031,0.4418683078998398,0.10833825141219122,28031,37.5,45.33,45.69,0.0,3.32,17.31,3.9,3.1,4.7,19.1,2.0,14.7,7.3,44038.0,24.9,81.6,11.7,1.3,0.4664,4.447638591400498
45035,Dorchester County,South Carolina,77764,43839,32489,0.5637441489635306,0.4177897227508873,0.14595442621264332,164322,37.9,63.08,25.11,2.18,6.89,14.82,2.9,0.4,8.3,12.1,1.4,12.4,7.5,76896.0,8.4,91.3,30.0,6.3,0.4158,5.215695712181136
45037,Edgefield County,South Carolina,13919,9092,4659,0.6532078453911919,0.3347223220058912,0.31848552338530073,26508,42.0,59.43,31.44,0.53,6.22,19.59,3.1,3.5,8.4,17.5,0.8,12.3,6.3,67092.0,12.4,81.8,21.4,5.0,0.4604,4.42337696191906
45039,Fairfield County,South Carolina,11215,4792,6277,0.4272848863129737,0.5596968345965225,-0.13241194828354885,20741,46.7,38.71,55.44,0.37,2.34,23.08,3.2,0.3,6.3,22.1,1.6,9.4,7.5,46972.0,12.4,84.6,15.3,1.3,0.4962,4.316829691494308
45041,Florence County,South Carolina,61140,32615,27706,0.533447824664704,0.4531566895649329,0.0802911350997711,136921,39.2,50.46,42.99,1.56,3.21,17.73,2.7,0.9,6.1,14.3,3.1,11.2,5.1,56650.0,13.0,87.7,23.6,2.6,0.4832,5.136470062339167
45043,Georgetown County,South Carolina,37754,22326,14965,0.591354558457382,0.3963818403347989,0.19497271812258316,64200,51.6,66.22,28.89,0.4,3.52,29.83,2.6,1.6,6.5,10.2,1.4,12.4,2.7,66734.0,10.0,91.9,32.5,2.9,0.4989,4.807535028068854
45045,Greenville County,South Carolina,263316,158541,100074,0.6020940618876179,0.3800528642391651,0.22204119764845281,537575,38.5,68.21,16.78,2.48,11.2,16.4,2.8,0.3,6.9,15.9,3.0,10.1,4.5,74624.0,7.9,90.5,40.0,8.8,0.4702,5.730439063590216
45047,Greenwood County,South Carolina,30888,19715,10766,0.6382737632737633,0.3485495985495985,0.2897241647241648,69329,39.6,62.76,31.31,0.99,6.99,19.1,2.6,0.7,4.9,24.3,1.6,11.1,4.1,50635.0,12.5,88.9,25.6,3.7,0.4843,4.840914935989713
45049,Hampton County,South Carolina,8233,3801,4328,0.4616786104700595,0.5256892991619094,-0.06401068869184995,18555,40.9,40.4,52.55,0.87,4.04,18.89,5.5,5.2,10.0,13.0,2.1,11.2,5.9,43059.0,14.1,82.5,11.8,3.2,0.4601,4.268460958684802
45051,Horry County,South Carolina,205954,141719,62325,0.688109966303155,0.3026161181623081,0.3854938481408469,368937,48.2,77.79,11.85,1.35,7.04,25.71,2.8,0.5,9.4,4.9,1.7,14.2,3.7,64623.0,8.6,91.4,26.6,6.6,0.4461,5.566952211990273
45053,Jasper County,South Carolina,18227,9900,8144,0.5431502715751357,0.4468096779502935,0.09634059362484221,30658,44.3,46.99,34.44,0.43,17.15,21.96,2.7,2.4,10.8,6.3,0.7,15.3,5.9,63503.0,12.6,90.2,25.9,10.4,0.4469,4.486543819882519
45055,Kershaw County,South Carolina,33533,21289,11826,0.6348671457966779,0.3526675215459398,0.28219962425073813,66924,40.3,67.69,23.44,0.47,5.59,18.89,2.9,2.7,6.9,14.2,1.8,9.3,5.6,64343.0,11.3,89.2,22.8,2.9,0.4702,4.825581890539186
45057,Lancaster County,South Carolina,54427,33623,20146,0.6177632425083139,0.3701471696033219,0.24761607290499205,100905,42.2,70.35,19.39,2.46,7.0,21.5,3.2,0.9,6.1,16.6,2.1,10.5,5.9,74751.0,9.0,89.0,31.2,7.5,0.465,5.0039126867384836
45059,Laurens County,South Carolina,30213,21110,8769,0.6987058550954887,0.2902393009631615,0.4084665541323272,67904,40.9,67.44,23.02,0.53,6.34,18.85,2.6,0.7,7.7,21.7,1.9,10.4,5.7,55517.0,13.0,83.7,17.9,3.9,0.4444,4.8318953578852275
45061,Lee County,South Carolina,8076,3078,4505,0.3811292719167904,0.557825656265478,-0.17669638434868756,16330,41.8,33.96,62.34,0.15,2.32,20.1,2.7,1.5,5.7,21.0,1.0,11.5,5.2,44145.0,16.8,81.0,12.8,2.5,0.4604,4.2129861847366685
45063,Lexington County,South Carolina,146903,96965,47815,0.6600614010605638,0.3254868859043042,0.3345745151562596,300370,39.7,73.38,14.96,2.14,7.6,16.71,2.7,0.6,8.5,10.0,2.9,10.7,5.7,75014.0,8.7,91.5,33.1,6.1,0.4328,5.477656554546929
45065,McCormick County,South Carolina,6153,3565,2513,0.5793921664228832,0.4084186575654152,0.17097350885746798,9701,58.7,54.69,41.16,0.19,0.67,37.83,2.0,2.8,6.8,19.5,0.9,9.5,3.7,55344.0,10.5,85.2,23.1,0.8,0.4702,3.9868165045855366
45067,Marion County,South Carolina,13388,5906,7316,0.441141320585599,0.5464595159844637,-0.10531819539886472,28900,43.0,38.47,55.79,0.16,2.61,21.12,2.9,1.7,8.4,14.8,3.3,12.1,8.9,34501.0,18.2,84.0,13.8,1.8,0.5088,4.460897842756548
45069,Marlboro County,South Carolina,10152,4896,5137,0.4822695035460992,0.5060086682427108,-0.023739164696611637,26285,41.2,38.73,49.29,0.38,2.67,18.65,3.9,1.2,6.4,30.8,2.5,13.8,4.5,36293.0,17.4,81.5,8.7,2.1,0.4954,4.419707981354444
45071,Newberry County,South Carolina,18129,12067,5841,0.6656186220971924,0.3221909647526063,0.3434276573445861,38121,42.0,61.37,29.22,0.47,8.93,19.92,2.1,2.0,7.9,20.7,2.0,11.3,3.7,59670.0,11.1,86.3,23.5,5.3,0.4583,4.581164284641671
45073,Oconee County,South Carolina,42264,31772,9987,0.751750899110354,0.2363003975014196,0.5154505016089344,79566,46.7,84.73,6.78,0.8,5.83,24.21,3.2,1.6,9.0,18.6,1.2,9.2,6.2,60193.0,10.5,87.1,28.5,4.1,0.4901,4.90072752544083
45075,Orangeburg County,South Carolina,36970,13750,22832,0.3719231809575331,0.6175818230998107,-0.24565864214227762,83531,40.8,34.33,61.61,0.8,2.51,20.62,4.9,2.2,6.0,17.5,1.4,13.0,6.8,43214.0,17.0,83.3,19.4,1.7,0.4944,4.921847680638257
45077,Pickens County,South Carolina,60451,45728,13891,0.7564473705976742,0.2297894162214024,0.5266579543762718,132604,36.2,85.04,6.18,1.7,5.13,17.04,2.0,0.4,7.7,13.8,2.3,10.4,5.0,59411.0,9.1,87.3,27.3,3.7,0.4893,5.122556624760507
45079,Richland County,South Carolina,182411,58019,121110,0.3180674411082665,0.6639402229032241,-0.34587278179495756,418725,34.2,41.27,47.32,2.9,6.29,13.71,4.1,0.5,4.3,7.3,1.8,11.1,5.5,61699.0,11.7,92.0,41.1,5.9,0.4892,5.6219288912421295
45081,Saluda County,South Carolina,9014,6452,2454,0.7157754603949412,0.272243177279787,0.44353228311515425,18958,43.0,59.1,22.12,0.27,16.58,20.14,1.3,7.0,9.0,17.3,3.8,10.3,2.1,52957.0,19.7,84.0,19.8,7.1,0.4515,4.277792518931442
45083,Spartanburg County,South Carolina,155597,103032,50710,0.6621721498486475,0.3259060264658059,0.33626612338284156,338096,37.9,67.71,19.82,2.38,8.84,16.19,2.7,0.6,6.7,20.4,2.5,11.0,6.8,64195.0,11.1,87.8,25.7,8.1,0.453,5.5290400326758435
45085,Sumter County,South Carolina,45170,21215,23425,0.4696701350453841,0.5185964135488156,-0.04892627850343151,104853,37.3,45.15,46.2,1.51,4.29,17.38,3.9,1.6,7.6,14.0,1.1,11.2,5.5,55990.0,12.7,89.1,23.2,2.8,0.4569,5.020580860789029
45087,Union County,South Carolina,12289,8102,4084,0.6592887948571894,0.3323297257710147,0.32695906908617467,26990,44.3,65.16,29.21,0.2,1.93,20.94,4.1,1.7,5.7,26.5,1.0,10.5,8.5,41200.0,17.9,80.7,13.5,1.2,0.4621,4.431202884556517
45089,Williamsburg County,South Carolina,14330,5524,8634,0.3854849965108164,0.6025122121423587,-0.21702721563154231,30517,44.0,32.68,64.02,0.67,2.35,21.98,2.5,1.7,9.5,15.9,1.6,8.7,7.9,43471.0,17.3,83.4,15.4,2.7,0.5038,4.484541837687687
45091,York County,South Carolina,150059,88239,59600,0.5880287087079082,0.3971771103366009,0.19085159837130733,288559,39.4,69.53,18.72,2.79,7.05,15.01,3.0,0.6,6.3,12.7,3.4,11.1,6.6,83060.0,6.0,92.5,38.1,6.5,0.4395,5.4602346242672155
46003,Aurora County,South Dakota,1393,1056,302,0.7580760947595119,0.2167982770997846,0.5412778176597273,2573,42.4,91.92,1.05,0.51,6.37,20.95,0.5,24.5,2.7,8.4,4.4,12.0,5.1,74130.0,4.4,91.1,18.7,5.0,0.4609,3.4104397862103464
46005,Beadle County,South Dakota,7010,4826,2017,0.6884450784593438,0.2877318116975749,0.4007132667617689,19279,36.9,71.27,1.08,8.95,14.38,18.27,1.7,6.7,4.1,23.9,2.7,10.2,6.5,63082.0,7.4,85.1,26.4,12.6,0.4449,4.285084503335219
46007,Bennett County,South Dakota,1088,676,389,0.6213235294117647,0.3575367647058823,0.2637867647058824,3354,28.8,37.33,0.18,1.61,4.65,15.27,5.0,17.2,6.1,0.0,1.1,12.0,4.5,44569.0,31.1,86.9,20.3,1.4,0.4953,3.525563058270067
46009,Bon Homme County,South Dakota,2992,2236,697,0.7473262032085561,0.2329545454545454,0.5143716577540107,7024,41.8,86.92,1.88,0.11,2.31,21.28,1.0,9.7,5.1,14.8,3.5,9.4,5.4,61275.0,5.7,89.8,20.1,0.6,0.4185,3.8465845028980463
46011,Brookings County,South Dakota,14939,8575,5978,0.5740009371443872,0.4001606533235156,0.17384028382087158,34968,28.0,88.72,1.19,3.4,4.3,13.29,2.5,6.5,4.6,21.2,0.9,9.6,1.9,67341.0,5.0,96.7,44.0,5.7,0.4122,4.5436707934815965
46013,Brown County,South Dakota,17043,10645,6075,0.6245966085783019,0.3564513289913747,0.2681452795869272,38079,37.8,85.65,0.45,3.04,4.43,17.62,2.4,6.3,5.7,11.8,3.1,12.2,5.2,70239.0,6.1,93.7,33.2,3.6,0.4354,4.58068553477062
46015,Brule County,South Dakota,2423,1694,666,0.6991333058192324,0.2748658687577383,0.4242674370614941,5261,41.4,82.0,1.44,0.0,1.54,20.26,1.0,19.1,3.3,3.2,1.5,10.5,2.3,74043.0,5.1,90.1,30.2,1.3,0.4363,3.721068301797159
46017,Buffalo County,South Dakota,466,164,291,0.351931330472103,0.6244635193133047,-0.2725321888412017,1757,26.2,21.68,0.0,0.0,3.3,9.33,5.2,13.1,6.3,1.0,0.0,5.6,1.7,47000.0,30.7,85.6,7.0,0.0,0.4904,3.244771761495295
46019,Butte County,South Dakota,5082,4024,942,0.7918142463597009,0.1853600944510035,0.6064541519086974,10538,39.3,89.19,0.0,0.41,4.19,19.74,2.8,15.2,8.3,10.9,3.6,11.8,3.2,67692.0,6.2,88.3,19.4,1.1,0.4509,4.022758194236769
46021,Campbell County,South Dakota,836,706,120,0.8444976076555024,0.1435406698564593,0.7009569377990431,1481,52.4,93.72,0.0,0.07,5.87,28.36,2.3,20.5,8.9,5.5,2.8,8.3,9.2,65000.0,6.7,91.5,29.5,2.6,0.4557,3.1705550585212086
46023,Charles Mix County,South Dakota,3615,2551,1000,0.7056708160442601,0.2766251728907331,0.429045643153527,9281,36.1,63.99,0.13,0.52,2.69,18.46,3.6,13.5,8.9,3.5,1.8,9.0,4.0,64850.0,15.1,89.6,25.1,0.9,0.4519,3.9675947726718896
46025,Clark County,South Dakota,1842,1382,415,0.750271444082519,0.2252985884907709,0.5249728555917481,3876,40.6,91.82,0.54,0.72,4.59,23.37,2.3,29.8,7.3,4.4,4.4,9.2,5.4,62885.0,6.4,90.0,16.2,2.4,0.466,3.5883837683787276
46027,Clay County,South Dakota,5657,2574,2944,0.4550114901891462,0.5204171822520771,-0.0654056920629309,15133,24.5,86.74,2.01,3.02,3.22,12.18,5.6,6.4,3.4,7.6,1.4,13.5,2.5,58794.0,4.8,93.9,46.0,4.9,0.4668,4.179925032074337
46029,Codington County,South Dakota,13510,9349,3840,0.6920059215396003,0.2842339008142117,0.4077720207253886,28556,39.9,91.27,1.02,0.58,2.99,19.02,1.4,5.7,6.3,19.1,3.0,14.0,3.7,65080.0,6.4,92.4,20.9,1.2,0.4383,4.455697373286557
46031,Corson County,South Dakota,1143,631,495,0.5520559930008749,0.4330708661417323,0.11898512685914264,3859,29.9,30.11,0.1,0.0,0.36,12.88,13.4,27.1,7.1,1.4,3.1,8.9,4.1,43750.0,35.2,86.8,19.2,0.1,0.4997,3.5864747785713966
46033,Custer County,South Dakota,6001,4313,1567,0.718713547742043,0.2611231461423096,0.4575904015997334,8686,57.2,90.86,0.37,0.36,2.89,32.55,1.1,10.6,6.1,4.7,1.6,8.2,6.4,81958.0,4.4,95.0,32.1,2.1,0.442,3.93881982502621
46035,Davison County,South Dakota,9177,6208,2743,0.6764737931785987,0.2988994224692165,0.37757437070938216,19936,39.8,90.08,0.56,0.52,4.72,20.28,0.6,5.0,7.4,10.6,1.8,11.4,2.7,61401.0,6.1,91.8,25.0,2.0,0.4324,4.2996380249790755
46037,Day County,South Dakota,2932,1876,1000,0.6398362892223738,0.3410641200545702,0.2987721691678036,5460,47.1,85.37,0.05,0.16,2.66,26.28,1.2,15.4,5.8,12.4,3.1,10.8,3.8,62270.0,8.2,91.8,21.3,0.6,0.4422,3.7371926427047373
46039,Deuel County,South Dakota,2298,1717,528,0.747171453437772,0.2297650130548303,0.5174064403829417,4318,42.0,94.65,0.35,0.16,3.22,21.91,0.7,15.6,7.4,19.7,2.6,8.4,6.4,79556.0,3.4,93.6,24.1,1.3,0.3973,3.635282637998212
46041,Dewey County,South Dakota,1871,793,1032,0.4238375200427579,0.5515766969535008,-0.12773917691074288,5230,27.6,20.19,0.4,0.06,1.51,9.9,9.7,11.6,7.7,2.0,1.3,6.5,4.4,57928.0,26.0,86.9,17.3,0.4,0.4361,3.718501688867274
46043,Douglas County,South Dakota,1658,1419,219,0.8558504221954162,0.132086851628468,0.7237635705669482,2823,41.9,93.13,1.49,0.0,2.41,23.41,0.5,18.5,9.5,5.9,1.7,13.0,4.1,78125.0,7.2,91.7,22.9,2.1,0.4171,3.4507108781469196
46045,Edmunds County,South Dakota,2031,1618,384,0.7966518956179222,0.1890694239290989,0.6075824716888233,4033,43.6,94.99,0.82,0.22,2.03,22.42,0.4,18.5,6.4,5.5,3.3,9.4,5.9,77266.0,4.6,94.5,29.5,1.5,0.4698,3.605628222007619
46047,Fall River County,South Dakota,4274,3135,1030,0.7335049134300421,0.2409920449227889,0.4925128685072532,7179,54.5,85.03,0.18,0.57,3.3,30.92,1.8,11.5,9.4,0.7,1.2,10.6,4.1,61056.0,17.5,91.5,22.2,1.7,0.4494,3.8560639533331
46049,Faulk County,South Dakota,1130,920,183,0.8141592920353983,0.1619469026548672,0.652212389380531,2137,43.2,96.77,0.0,0.0,2.39,24.43,2.5,32.8,6.6,2.6,3.0,9.3,4.9,58000.0,14.3,92.9,18.3,0.3,0.4909,3.3298045221640695
46051,Grant County,South Dakota,3630,2594,946,0.7146005509641873,0.2606060606060606,0.45399449035812667,7544,43.7,91.09,0.58,0.62,6.71,23.05,2.5,10.9,10.8,13.9,3.6,9.1,6.3,73818.0,6.4,92.1,25.5,6.0,0.4429,3.877601679729272
46053,Gregory County,South Dakota,2267,1790,426,0.7895897662108513,0.1879135421261579,0.6016762240846933,3993,45.7,87.43,1.0,0.13,1.08,25.77,2.0,13.4,10.2,2.8,2.0,16.0,9.3,52432.0,6.9,91.4,20.9,0.5,0.4346,3.6012993101943374
46055,Haakon County,South Dakota,1125,1004,105,0.8924444444444445,0.0933333333333333,0.7991111111111112,1708,47.1,88.29,1.41,0.0,0.06,28.4,0.0,25.0,4.8,3.7,1.9,13.9,3.2,59231.0,6.0,96.9,19.5,0.0,0.4399,3.232487866352986
46057,Hamlin County,South Dakota,3226,2560,610,0.7935523868567886,0.1890886546807191,0.6044637321760695,6288,32.5,92.83,0.3,0.24,5.42,14.17,1.2,13.0,10.9,17.6,2.1,10.9,6.1,83194.0,4.2,92.6,24.4,4.0,0.3998,3.7985125330313516
46059,Hand County,South Dakota,1764,1376,365,0.780045351473923,0.2069160997732426,0.5731292517006803,3045,43.8,93.69,0.36,0.53,1.87,24.66,0.8,30.4,4.7,4.2,4.3,6.6,5.4,72054.0,3.4,95.4,26.2,1.1,0.4732,3.4835872969688944
46061,Hanson County,South Dakota,2046,1611,399,0.7873900293255132,0.1950146627565982,0.592375366568915,3473,37.9,93.38,0.37,0.0,1.24,15.89,1.1,11.8,11.3,9.0,2.1,7.0,6.3,86375.0,3.0,92.3,21.5,1.2,0.381,3.5407047833107623
46063,Harding County,South Dakota,820,754,48,0.9195121951219511,0.0585365853658536,0.8609756097560975,1092,48.9,88.64,1.65,0.0,1.92,20.05,0.8,45.3,8.3,1.6,0.9,9.9,5.0,74766.0,2.8,94.5,30.4,1.6,0.4485,3.0382226383687185
46065,Hughes County,South Dakota,8435,5379,2838,0.6377000592768227,0.3364552459988145,0.3012448132780082,17732,39.3,81.18,0.02,0.77,3.06,17.58,0.4,5.3,7.7,2.6,2.2,9.1,1.9,78981.0,5.5,96.1,35.9,1.1,0.394,4.248757722627297
46067,Hutchinson County,South Dakota,3736,2918,755,0.7810492505353319,0.2020877944325481,0.5789614561027838,7393,41.6,91.63,0.07,0.41,2.61,21.71,1.3,17.5,6.4,10.8,3.7,11.2,4.3,74459.0,3.7,93.1,25.7,1.1,0.4222,3.8688207061975173
46069,Hyde County,South Dakota,695,530,148,0.762589928057554,0.2129496402877697,0.5496402877697844,1305,50.9,86.97,0.0,0.0,1.46,26.51,1.7,24.8,3.8,1.0,5.0,13.3,4.4,74279.0,4.2,89.7,21.1,0.2,0.3862,3.1156105116742996
46071,Jackson County,South Dakota,1129,753,357,0.66696191319752,0.3162090345438441,0.3507528786536759,2826,33.2,36.2,0.18,0.0,0.42,12.49,3.9,17.9,3.3,5.3,4.4,12.6,3.1,26686.0,38.9,89.3,11.4,0.3,0.5161,3.4511721575125396
46073,Jerauld County,South Dakota,999,708,276,0.7087087087087087,0.2762762762762762,0.4324324324324325,1845,46.5,88.73,0.0,0.0,7.59,29.11,0.8,16.3,2.1,7.9,4.9,13.2,7.5,75417.0,6.4,93.9,21.1,3.3,0.5128,3.265996370495079
46075,Jones County,South Dakota,550,477,60,0.8672727272727273,0.109090909090909,0.7581818181818183,1030,33.6,82.91,0.78,0.0,1.07,21.65,0.0,15.8,10.0,1.3,1.5,9.3,14.3,64688.0,14.2,95.5,25.3,3.4,0.4009,3.012837224705172
46077,Kingsbury County,South Dakota,2801,1989,760,0.7101035344519815,0.2713316672616923,0.4387718671902892,5210,41.9,94.72,0.0,0.08,2.73,22.96,0.8,15.0,9.0,13.9,5.5,9.8,5.1,70221.0,8.0,91.6,22.3,0.7,0.4468,3.7168377232995247
46079,Lake County,South Dakota,5906,3819,1978,0.6466305452082628,0.3349136471385032,0.3117168980697596,11052,43.7,92.06,0.5,0.59,5.07,23.55,1.6,10.1,6.5,8.5,1.4,11.9,7.4,73792.0,4.9,93.7,34.7,2.6,0.4537,4.043440876244474
46081,Lawrence County,South Dakota,15409,9904,5074,0.6427412551106496,0.3292880783957427,0.3134531767149069,26574,43.8,91.13,0.52,0.53,3.67,24.13,1.5,5.6,6.5,5.8,1.4,11.0,3.5,66766.0,6.5,95.4,34.1,2.3,0.463,4.424456930668402
46083,Lincoln County,South Dakota,36393,22621,12981,0.6215755777209903,0.3566894732503503,0.26488610447064,68286,35.8,90.45,2.27,1.62,2.88,14.23,1.2,2.4,5.4,8.1,3.3,12.9,3.7,96552.0,4.0,95.9,42.5,4.4,0.4441,4.834331673725784
46085,Lyman County,South Dakota,1447,993,422,0.686247408431237,0.2916378714581893,0.3946095369730477,3717,36.0,57.44,0.0,0.03,0.75,18.0,2.1,22.8,7.3,2.1,1.9,8.6,2.6,61169.0,17.5,91.0,25.3,0.9,0.4538,3.570192561095726
46087,McCook County,South Dakota,3031,2227,733,0.7347410095677994,0.2418343780930386,0.4929066314747608,5732,39.9,94.92,0.28,0.0,3.42,18.44,1.2,11.2,9.7,6.9,4.6,6.4,6.6,80847.0,4.9,93.5,28.7,0.8,0.3921,3.758306181725307
46089,McPherson County,South Dakota,1299,1087,188,0.8367975365665897,0.1447267128560431,0.6920708237105466,2278,48.8,95.96,1.67,0.0,1.23,30.77,0.4,25.7,7.9,6.6,2.9,6.5,2.4,62024.0,8.4,81.0,22.4,0.7,0.5175,3.3575537197430814
46091,Marshall County,South Dakota,2109,1288,782,0.6107159791370318,0.370791844476055,0.23992413466097678,4355,42.8,86.11,0.25,0.0,6.11,22.62,0.7,15.1,11.5,17.3,1.1,8.7,6.7,72500.0,2.0,92.1,22.4,2.2,0.4583,3.638988159343682
46093,Meade County,South Dakota,14672,10887,3421,0.742025627044711,0.2331652126499454,0.5088604143947656,30297,37.0,87.42,1.96,0.78,4.68,16.3,2.2,5.4,9.9,4.3,1.4,12.7,5.7,74161.0,4.4,94.6,26.9,1.8,0.3991,4.481399626919825
46095,Mellette County,South Dakota,740,434,285,0.5864864864864865,0.3851351351351351,0.2013513513513514,2043,31.0,31.57,0.24,0.0,0.34,15.17,7.7,22.2,7.4,0.0,0.9,2.4,1.4,51364.0,30.9,84.6,16.3,0.0,0.4538,3.3102683666324477
46097,Miner County,South Dakota,1167,841,293,0.7206512425021423,0.2510711225364181,0.4695801199657242,2299,48.9,94.65,1.0,0.17,1.78,25.18,0.5,15.1,4.0,12.3,2.6,10.2,7.6,72589.0,5.0,93.4,16.1,0.1,0.4159,3.361538971269279
46099,Minnehaha County,South Dakota,93986,51842,39923,0.5515927904155938,0.4247760304726236,0.12681675994297026,200689,35.7,80.88,6.57,1.77,6.36,13.61,1.7,1.6,7.7,11.1,2.8,11.6,4.6,76074.0,5.9,93.1,34.6,8.0,0.435,5.302523568948763
46101,Moody County,South Dakota,3189,2068,1052,0.6484791470680464,0.3298839761680777,0.31859517089996875,6371,40.5,75.45,1.1,1.7,5.38,20.03,2.0,11.8,9.9,10.8,2.1,8.7,5.3,77500.0,6.9,94.6,31.0,3.8,0.4076,3.8042076050820413
46102,Oglala Lakota County,South Dakota,3062,406,2567,0.1325930764206401,0.8383409536250817,-0.7057478772044415,13587,27.0,6.63,0.06,0.0,1.71,7.07,5.0,4.5,8.3,1.4,2.1,7.3,0.6,34769.0,48.8,78.0,9.8,0.2,0.4842,4.133123575402619
46103,Pennington County,South Dakota,56580,35009,20051,0.6187522092612231,0.3543831742665252,0.2643690349946979,112081,39.7,80.33,1.31,1.1,5.5,19.62,2.1,2.2,9.6,6.5,1.7,12.3,4.3,70768.0,7.2,94.7,34.1,2.2,0.466,5.049531997121977
46105,Perkins County,South Dakota,1591,1342,228,0.8434946574481458,0.1433060967944689,0.7001885606536769,3058,43.6,94.67,0.0,0.59,0.85,26.1,2.3,31.6,8.0,8.4,1.9,8.3,6.1,65455.0,8.7,92.8,21.8,1.3,0.5026,3.485437481076301
46107,Potter County,South Dakota,1298,1059,214,0.8158705701078582,0.1648690292758089,0.6510015408320493,2430,44.9,90.37,1.93,0.91,0.0,27.9,1.8,25.6,8.5,2.8,2.8,16.5,4.2,71726.0,5.5,97.7,26.6,1.0,0.4029,3.385606273598312
46109,Roberts County,South Dakota,4149,2514,1560,0.6059291395516992,0.3759942154736081,0.22993492407809113,10219,37.9,57.91,0.33,0.19,2.38,20.56,3.7,12.2,5.8,11.6,3.1,9.1,4.9,63691.0,13.8,91.7,18.3,0.8,0.42,4.009408399151867
46111,Sanborn County,South Dakota,1212,929,259,0.7665016501650165,0.2136963696369637,0.5528052805280528,2370,38.6,94.89,0.0,0.0,4.22,20.04,0.8,15.4,6.8,11.5,4.0,6.4,5.4,69870.0,6.8,89.8,19.2,2.0,0.4214,3.374748346010104
46115,Spink County,South Dakota,3139,2145,921,0.6833386428798981,0.2934055431666135,0.3899330997132846,6283,45.1,94.62,0.91,0.0,2.63,23.86,1.0,21.1,7.6,5.1,2.9,8.2,3.6,73011.0,4.3,92.0,27.1,1.2,0.4338,3.798167059715939
46117,Stanley County,South Dakota,1735,1260,447,0.7262247838616714,0.2576368876080692,0.46858789625360225,3012,43.7,90.97,0.07,0.0,2.03,22.41,0.2,7.5,15.7,5.0,1.2,10.0,4.4,77000.0,1.7,95.4,25.4,0.9,0.4445,3.478854967528663
46119,Sully County,South Dakota,901,716,168,0.7946725860155383,0.1864594894561598,0.6082130965593784,1481,51.4,92.51,5.0,0.0,0.0,23.84,0.0,29.8,5.2,4.6,2.7,9.1,3.4,70250.0,3.8,96.2,20.9,4.3,0.4603,3.1705550585212086
46121,Todd County,South Dakota,2126,497,1570,0.2337723424270931,0.7384760112888052,-0.5047036688617121,9293,25.4,8.12,0.3,3.19,2.28,7.79,8.1,6.9,6.1,0.1,0.5,11.5,1.9,39148.0,38.4,82.5,16.6,3.4,0.4896,3.9681559371499704
46123,Tripp County,South Dakota,2654,2150,470,0.8100979653353428,0.1770911831198191,0.6330067822155238,5607,45.1,80.67,0.64,0.93,1.64,23.99,1.0,19.1,4.7,2.6,1.7,14.1,4.6,58854.0,15.8,89.5,19.9,1.5,0.4273,3.7487305560984945
46125,Turner County,South Dakota,4538,3374,1044,0.743499338915822,0.2300572939620978,0.5134420449537243,8772,41.3,94.08,0.78,0.4,3.25,20.35,0.9,10.9,10.7,7.9,3.1,9.1,3.4,75283.0,5.5,91.7,26.2,2.1,0.4203,3.9430986230054854
46127,Union County,South Dakota,8876,6160,2548,0.694006309148265,0.2870662460567823,0.4069400630914827,16916,40.4,90.41,0.84,1.41,4.42,18.89,2.4,6.2,9.3,13.0,3.8,9.0,6.1,84137.0,6.1,94.9,36.5,2.4,0.462,4.228297676474863
46129,Walworth County,South Dakota,2466,1940,481,0.786699107866991,0.1950527169505271,0.591646390916464,5298,41.6,79.65,0.3,0.11,1.19,23.16,2.2,8.0,7.3,4.5,6.8,6.6,4.6,62722.0,11.4,92.0,31.1,0.6,0.4435,3.7241119539612124
46135,Yankton County,South Dakota,10832,6650,3883,0.6139217134416544,0.3584748892171344,0.25544682422452,23379,42.2,88.67,1.55,0.29,5.6,20.52,1.0,5.0,4.9,20.1,1.1,13.0,4.4,73855.0,5.5,92.7,27.7,3.1,0.4316,4.368825930958845
46137,Ziebach County,South Dakota,781,388,366,0.4967989756722151,0.4686299615877081,0.028169014084507005,2410,36.6,27.26,0.0,0.0,1.24,11.04,14.8,29.7,0.7,1.2,1.5,6.6,4.0,47333.0,34.0,88.8,14.1,0.4,0.5379,3.3820170425748683
47001,Anderson County,Tennessee,36548,24582,11525,0.6725949436357667,0.3153387326255882,0.35725621101017846,78175,42.0,87.67,3.38,1.39,3.84,20.15,2.8,0.3,8.7,11.7,2.8,11.4,5.9,63171.0,9.2,91.3,26.3,3.5,0.4611,4.89306788991497
47003,Bedford County,Tennessee,20090,15772,4122,0.7850671976107516,0.2051767048282727,0.579890492782479,51291,37.6,79.61,7.14,0.74,15.53,14.54,2.5,1.4,10.8,18.7,1.5,11.5,7.8,62197.0,12.5,84.8,16.9,7.1,0.4224,4.710041166413156
47005,Benton County,Tennessee,7260,5886,1317,0.8107438016528926,0.1814049586776859,0.6293388429752067,15948,47.5,92.51,1.81,0.91,2.7,23.74,2.7,2.1,4.5,14.9,2.8,11.9,10.3,50435.0,12.9,87.2,12.4,1.9,0.4181,4.202706226990356
47007,Bledsoe County,Tennessee,6191,5254,891,0.8486512679696333,0.1439185915037958,0.7047326764658375,14905,44.9,88.54,5.47,0.05,3.32,20.32,2.4,9.4,12.2,13.8,0.3,9.5,5.3,49655.0,19.0,79.6,8.8,1.9,0.4362,4.1733319803686495
47009,Blount County,Tennessee,69224,50699,17664,0.732390500404484,0.2551716167803074,0.4772188836241765,137747,43.9,90.41,2.59,0.77,4.43,20.76,2.3,0.8,8.0,13.9,2.4,12.7,5.8,74607.0,5.9,90.7,26.8,3.3,0.4263,5.139082149101801
47011,Bradley County,Tennessee,49246,38836,9852,0.7886122730780165,0.2000568574097388,0.5885554156682777,109743,39.3,84.92,5.17,1.09,8.04,17.08,3.6,0.8,5.9,19.6,1.6,12.2,6.2,63789.0,9.7,88.4,24.6,5.7,0.4405,5.0403768281549155
47013,Campbell County,Tennessee,15528,13115,2305,0.8446032972694487,0.14844152498712,0.6961617722823288,39568,44.2,96.1,0.34,0.41,1.46,20.76,2.7,1.0,13.2,17.3,1.8,9.6,7.2,50260.0,15.5,82.9,13.2,1.0,0.454,4.5973440990172225
47015,Cannon County,Tennessee,6881,5682,1132,0.8257520709199244,0.1645109722424066,0.6612410986775178,14661,40.8,94.11,2.4,0.0,2.92,17.4,1.3,2.8,7.1,18.0,1.5,11.8,6.2,58092.0,13.2,84.2,16.9,1.1,0.4476,4.166163593747834
47017,Carroll County,Tennessee,11882,9547,2233,0.8034842619087695,0.1879313246928126,0.6155529372159569,28461,41.6,85.71,8.9,0.28,2.98,19.87,2.3,2.4,5.9,19.1,0.7,12.7,5.8,50391.0,11.6,88.7,18.9,1.7,0.4454,4.454250155300345
47019,Carter County,Tennessee,24852,20167,4454,0.8114839851923387,0.1792209882504426,0.632262996941896,56462,45.8,94.31,2.04,0.25,2.35,22.3,3.6,0.9,7.4,12.2,2.3,13.5,5.9,48435.0,12.7,88.7,20.7,2.1,0.4541,4.751756257685857
47021,Cheatham County,Tennessee,20741,14987,5464,0.7225784677691529,0.2634395641483052,0.4591389036208477,41500,41.4,90.44,2.34,0.65,4.59,15.65,2.5,0.6,8.4,11.7,2.7,11.0,6.3,82015.0,5.9,90.3,25.1,3.6,0.4041,4.6180480967120925
47023,Chester County,Tennessee,7577,6206,1286,0.8190576745413752,0.1697241652369011,0.6493335093044741,17452,37.8,85.04,9.82,0.18,3.13,17.71,2.8,1.4,6.3,21.8,2.0,17.1,4.5,60543.0,12.6,85.7,19.2,1.8,0.4305,4.2418452043147825
47025,Claiborne County,Tennessee,13534,11463,1971,0.8469779813802276,0.1456332200384217,0.7013447613418059,32221,42.5,94.85,0.74,0.79,1.6,19.81,2.4,2.8,7.5,20.3,1.5,8.2,7.3,46587.0,10.3,83.1,17.3,1.2,0.4659,4.508139014908231
47027,Clay County,Tennessee,3760,3117,614,0.8289893617021277,0.1632978723404255,0.6656914893617022,7621,48.8,94.46,0.94,0.96,2.02,25.02,2.4,7.8,15.9,16.4,1.3,7.3,2.8,44712.0,14.4,83.8,12.0,3.3,0.4371,3.8820119616266586
47029,Cocke County,Tennessee,15663,13105,2415,0.8366851816382558,0.1541850220264317,0.6825001596118241,36503,45.4,93.53,1.51,0.5,2.92,21.86,2.3,1.2,7.4,20.7,1.9,9.1,6.3,48416.0,16.2,83.7,11.6,1.2,0.456,4.562328558426488
47031,Coffee County,Tennessee,24932,19174,5440,0.7690518209529922,0.2181934862826889,0.5508583346703033,58940,39.2,87.53,4.08,1.26,5.98,17.49,2.4,0.9,7.7,22.8,3.0,12.0,5.0,60656.0,11.9,87.4,22.9,2.9,0.4124,4.7704101315139065
47033,Crockett County,Tennessee,5921,4674,1196,0.7893936834994089,0.2019929066036142,0.5874007768957947,13937,40.2,73.51,10.71,0.47,11.19,19.13,2.0,3.1,9.4,17.7,1.4,12.3,7.7,59049.0,11.4,86.0,15.7,5.2,0.4538,4.144169300041666
47035,Cumberland County,Tennessee,34642,27399,6996,0.7909185381906356,0.2019513884879626,0.588967149702673,62529,53.0,94.94,1.11,0.36,3.37,31.81,2.2,2.9,7.1,14.2,3.0,12.9,8.8,58475.0,7.9,89.6,18.5,2.4,0.4207,4.796081483247202
47037,Davidson County,Tennessee,290036,102256,181862,0.3525631300941952,0.6270325063095615,-0.2744693762153663,709846,34.6,57.05,25.2,3.4,13.59,12.7,3.3,0.2,6.7,6.9,2.1,9.4,5.7,75664.0,10.0,90.3,47.3,14.8,0.4912,5.851164139416833
47039,Decatur County,Tennessee,5466,4596,819,0.8408342480790341,0.1498353457738748,0.6909989023051593,11499,45.9,91.57,3.07,0.94,3.53,23.68,4.0,2.6,7.5,24.0,2.1,12.4,5.3,46190.0,16.7,84.2,15.0,1.2,0.4549,4.060660073974015
47041,DeKalb County,Tennessee,9396,7599,1706,0.8087484035759898,0.1815666240953597,0.62718177948063,20551,42.2,88.78,1.83,0.81,7.55,18.81,3.2,2.9,7.7,22.1,0.9,9.8,9.5,48484.0,15.6,82.7,20.0,5.0,0.4532,4.312832959249337
47043,Dickson County,Tennessee,25204,19002,5913,0.7539279479447707,0.2346056181558482,0.5193223297889225,55197,39.0,89.87,3.97,0.09,4.87,16.63,1.9,0.8,9.4,16.6,1.8,14.0,6.3,73223.0,7.0,89.2,21.4,1.8,0.416,4.7419154741268175
47045,Dyer County,Tennessee,14394,11603,2707,0.8060997637904682,0.1880644713074892,0.6180352924829791,36681,40.0,77.78,14.88,0.38,3.83,17.53,2.2,1.6,6.8,22.7,2.1,15.6,3.8,54973.0,11.5,89.2,21.6,1.8,0.5648,4.564441166926064
47047,Fayette County,Tennessee,23696,16756,6720,0.7071235651586766,0.2835921674544227,0.4235313977042539,42653,47.2,66.6,26.96,0.63,3.62,22.38,2.8,1.4,7.8,13.7,4.2,11.2,10.6,84764.0,7.9,90.9,26.9,2.7,0.4484,4.629949582692884
47049,Fentress County,Tennessee,9771,8555,1149,0.8755500972264866,0.1175928768805649,0.7579572203459217,18948,47.0,95.12,0.3,0.22,1.97,23.04,2.1,6.3,10.3,13.4,0.3,11.5,6.7,50865.0,13.8,83.2,15.3,1.0,0.4142,4.277563376055919
47051,Franklin County,Tennessee,19728,15016,4529,0.7611516626115167,0.2295721816707218,0.5315794809407949,43478,42.7,88.62,4.63,0.77,3.69,20.5,1.6,1.4,5.5,20.7,1.8,11.1,3.7,61553.0,8.1,90.8,23.1,2.8,0.4453,4.638269558207698
47053,Gibson County,Tennessee,21648,16346,5100,0.7550813008130082,0.2355875831485587,0.5194937176644494,50610,39.8,76.06,15.02,0.28,3.18,17.32,3.0,2.1,6.4,19.0,2.9,12.5,6.9,59009.0,10.0,88.4,19.1,1.9,0.4299,4.704236337308788
47055,Giles County,Tennessee,13487,10394,2974,0.7706680507155038,0.2205086379476533,0.5501594127678505,30442,43.6,84.55,8.6,0.38,2.77,20.78,2.9,2.0,7.2,21.6,3.4,12.8,7.4,61476.0,10.6,87.6,19.2,1.3,0.4646,4.483473181621222
47057,Grainger County,Tennessee,11130,9630,1432,0.8652291105121294,0.1286612758310871,0.7365678346810423,23929,45.7,96.03,1.12,0.14,3.51,21.34,2.7,2.0,9.5,21.3,1.4,12.5,7.9,51351.0,12.1,83.8,14.9,2.4,0.4703,4.378924549697582
47059,Greene County,Tennessee,31095,25586,5145,0.8228332529345554,0.165460684997588,0.6573725679369674,70919,44.6,92.2,1.93,0.55,3.75,21.77,2.8,1.8,5.4,21.5,1.3,13.8,6.9,54071.0,10.1,86.7,17.7,2.1,0.4604,4.850762603162047
47061,Grundy County,Tennessee,6328,5334,948,0.8429203539823009,0.1498103666245259,0.6931099873577751,13665,42.9,94.55,0.43,0.36,1.69,20.74,3.5,2.3,6.3,20.0,1.5,10.3,7.3,45573.0,14.9,80.0,12.4,0.3,0.4501,4.135609636028679
47063,Hamblen County,Tennessee,25501,20154,5132,0.7903219481588958,0.2012470099211795,0.5890749382377163,64930,40.8,82.1,2.68,0.89,14.73,17.89,3.6,0.7,8.2,25.0,1.3,13.6,5.5,52794.0,12.5,87.1,20.1,7.3,0.4696,4.812445402872756
47065,Hamilton County,Tennessee,174438,97195,74437,0.5571893738749585,0.4267246815487451,0.13046469232621338,370913,39.5,71.09,17.57,1.95,7.65,18.11,2.7,0.5,6.3,13.2,2.1,10.5,7.5,72568.0,8.4,91.1,37.0,6.1,0.4836,5.569272055030751
47067,Hancock County,Tennessee,2908,2558,334,0.8796423658872077,0.1148555708390646,0.7647867950481431,6790,41.9,96.82,0.44,0.37,1.09,22.4,3.3,1.9,5.4,19.8,1.1,12.9,7.6,31995.0,25.9,78.8,8.6,1.4,0.563,3.8318697742805017
47069,Hardeman County,Tennessee,9399,5793,3527,0.6163421640600064,0.3752526864560059,0.2410894776040005,25477,40.4,54.06,40.21,0.45,2.08,18.56,5.4,2.8,3.6,28.8,1.4,10.9,8.2,46173.0,13.6,82.6,11.3,1.3,0.4314,4.406148287079636
47071,Hardin County,Tennessee,12094,10293,1704,0.8510831817430131,0.140896312220936,0.7101868695220771,26939,45.4,92.52,3.04,0.05,2.41,23.15,2.2,2.4,8.5,17.8,1.2,17.9,5.7,49149.0,15.8,84.4,14.8,1.1,0.4654,4.430381470282939
47073,Hawkins County,Tennessee,26266,22066,3987,0.8400974644026498,0.1517931927206274,0.6883042716820224,57446,45.9,94.49,1.21,0.49,1.84,21.65,4.2,1.0,6.8,24.4,2.0,12.0,6.4,55278.0,13.2,86.4,16.8,0.9,0.4458,4.759259793887549
47075,Haywood County,Tennessee,6652,3286,3311,0.4939867708959711,0.4977450390859891,-0.0037582681900180104,17672,43.1,43.55,50.14,0.1,4.72,20.24,3.6,3.4,7.3,22.8,1.1,13.3,6.4,43513.0,18.4,82.8,13.1,2.3,0.4651,4.247285702863379
47077,Henderson County,Tennessee,12047,10083,1902,0.8369718602141613,0.1578816302813978,0.6790902299327635,27906,40.3,87.79,7.61,0.13,2.84,18.34,3.8,3.2,6.6,17.2,2.4,12.5,10.2,53471.0,13.5,89.2,14.4,1.0,0.4485,4.44569758989516
47079,Henry County,Tennessee,15076,11629,3286,0.7713584505173786,0.217962324223932,0.5533961262934466,32345,45.8,87.41,7.22,0.66,2.91,23.5,1.7,3.1,6.0,14.6,2.7,13.3,7.7,48540.0,13.5,88.4,18.6,1.6,0.4648,4.509807155476507
47081,Hickman County,Tennessee,10309,8265,1968,0.8017266466194587,0.1909011543311669,0.6108254922882919,25229,41.7,90.84,3.61,0.52,3.1,17.88,1.7,2.7,8.2,13.9,2.4,14.4,4.8,57223.0,8.6,84.6,13.6,1.1,0.4437,4.401900036760585
47083,Houston County,Tennessee,3810,2989,773,0.784514435695538,0.2028871391076115,0.5816272965879266,8293,44.2,93.03,2.91,0.36,2.95,20.02,3.5,5.6,15.7,19.6,0.3,10.1,5.6,54475.0,6.3,87.3,13.7,1.0,0.4254,3.9187116653823213
47085,Humphreys County,Tennessee,8264,6400,1767,0.7744433688286544,0.2138189738625363,0.560624394966118,19074,43.7,90.65,1.94,0.46,2.75,20.62,5.4,1.8,9.9,18.7,3.2,10.8,7.9,59333.0,8.7,87.7,16.4,1.9,0.4167,4.2804417782984165
47087,Jackson County,Tennessee,5676,4586,1040,0.8079633544749824,0.1832276250880902,0.6247357293868921,11882,48.0,93.34,0.46,0.0,2.54,23.24,3.9,1.9,11.7,20.1,3.0,11.7,6.6,41475.0,17.3,82.6,13.5,0.1,0.493,4.074889548040669
47089,Jefferson County,Tennessee,25815,21068,4503,0.8161146620182065,0.1744334689134224,0.6416811931047841,55835,44.1,91.72,1.55,0.55,4.52,20.27,3.2,1.8,7.8,12.4,2.8,16.4,7.5,63084.0,8.4,88.9,21.0,2.2,0.4548,4.746906520474098
47091,Johnson County,Tennessee,8102,6829,1212,0.8428783016539126,0.1495926931621821,0.6932856084917305,18073,46.4,89.07,3.75,0.19,2.99,23.31,1.6,2.6,7.7,18.2,0.0,12.7,5.1,52152.0,14.2,81.3,15.7,2.1,0.4474,4.257030248593287
47093,Knox County,Tennessee,221864,130815,87516,0.5896179641582231,0.3944578660801212,0.19516009807810192,487401,37.3,81.22,8.15,2.23,6.07,16.08,2.3,0.3,7.2,8.0,2.4,12.5,5.0,71662.0,7.4,92.3,40.2,6.2,0.4827,5.687886415891045
47095,Lake County,Tennessee,1939,1493,429,0.7699845281072718,0.2212480660134089,0.5487364620938628,6691,41.6,66.13,22.31,0.25,4.41,15.83,1.2,3.2,7.4,10.5,0.5,13.5,5.2,30500.0,33.4,71.8,9.4,2.3,0.5634,3.825491029879431
47097,Lauderdale County,Tennessee,8266,5633,2571,0.6814662472780063,0.3110331478345028,0.3704330994435035,24933,39.4,59.72,33.93,0.71,2.62,16.28,2.4,2.6,4.9,27.1,4.4,11.6,8.4,49205.0,15.9,82.8,10.9,1.3,0.4569,4.396774537030026
47099,Lawrence County,Tennessee,19533,16429,2939,0.8410894383863206,0.1504633184866635,0.690626119899657,44901,39.0,93.43,1.33,0.24,2.68,17.69,3.3,4.0,7.5,20.4,1.2,11.1,7.6,53233.0,14.9,85.5,15.5,1.4,0.4429,4.652256013378507
47101,Lewis County,Tennessee,5890,4852,991,0.8237691001697793,0.1682512733446519,0.6555178268251274,12784,42.2,93.3,0.78,0.83,2.91,20.52,1.9,3.3,6.5,20.4,0.6,14.6,4.3,49477.0,12.9,85.4,10.9,1.2,0.4607,4.106666761969916
47103,Lincoln County,Tennessee,16128,13208,2782,0.8189484126984127,0.1724950396825396,0.646453373015873,35617,43.0,86.91,5.76,0.64,3.91,19.63,2.3,4.4,7.6,22.2,1.6,8.9,6.2,63115.0,10.7,87.0,19.3,2.7,0.4586,4.551657336286272
47105,Loudon County,Tennessee,33209,25226,7625,0.7596133578246861,0.2296064319913276,0.5300069258333585,56996,48.7,88.43,1.38,0.93,10.01,27.04,1.5,2.7,7.9,15.3,2.3,13.5,7.9,80296.0,9.3,88.9,28.6,6.1,0.4503,4.755844377797332
47107,McMinn County,Tennessee,24072,19673,4207,0.8172565636424061,0.1747673645729478,0.6424891990694582,54135,42.5,89.26,3.14,0.8,4.38,20.09,2.9,1.0,6.7,26.1,2.0,13.3,6.1,59674.0,9.5,86.2,17.5,2.9,0.4324,4.733478141115189
47109,McNairy County,Tennessee,11267,9437,1727,0.8375787698588799,0.1532794887725215,0.6842992810863584,25933,43.1,90.92,5.26,0.46,2.01,21.08,3.0,2.0,8.0,28.0,1.0,11.6,7.1,50714.0,12.7,87.4,11.8,1.0,0.4444,4.413852760042867
47111,Macon County,Tennessee,10333,8958,1277,0.8669311913287525,0.1235846317623149,0.7433465595664376,25793,38.3,90.33,0.84,0.05,6.79,15.31,2.3,3.7,10.5,16.7,2.4,13.9,5.4,56269.0,9.1,81.6,11.8,2.3,0.4364,4.411501858139224
47113,Madison County,Tennessee,39964,23385,16115,0.5851516364728255,0.4032379141227104,0.18191372235011516,98845,38.3,54.5,36.57,1.01,4.98,17.57,4.5,0.8,4.3,17.8,2.5,11.3,5.1,58189.0,14.8,90.3,26.0,3.5,0.4694,4.994954705745496
47115,Marion County,Tennessee,13933,10788,3026,0.7742768965764731,0.2171822292399339,0.5570946673365392,29010,43.7,91.29,2.82,0.31,2.32,20.47,4.1,1.1,12.3,19.1,1.2,10.1,7.8,58103.0,12.9,82.3,16.5,1.2,0.4375,4.462547728802664
47117,Marshall County,Tennessee,15962,12426,3390,0.7784738754542038,0.2123794010775592,0.5660944743766445,35276,39.6,87.61,4.1,0.66,6.81,16.36,2.8,1.5,8.2,17.7,2.4,11.8,4.7,70829.0,11.3,90.5,21.0,2.9,0.4448,4.547479333931026
47119,Maury County,Tennessee,52090,37376,14145,0.7175273564983682,0.2715492416970628,0.4459781148013054,104855,39.2,80.07,10.59,0.95,7.8,16.79,1.6,0.4,7.2,13.2,2.0,12.5,6.3,74162.0,6.7,92.5,26.5,3.3,0.4273,5.020589144583294
47121,Meigs County,Tennessee,6099,5085,968,0.8337432365961633,0.1587145433677652,0.6750286932283982,13076,45.5,90.74,2.32,0.48,1.0,21.31,3.4,0.6,12.4,26.3,3.6,9.0,8.0,58395.0,10.7,82.9,12.0,1.9,0.4649,4.116474911908331
47123,Monroe County,Tennessee,22323,18526,3608,0.8299063745912287,0.1616270214576893,0.6682793531335394,47054,44.8,89.01,1.85,0.43,4.45,21.77,2.7,2.7,6.5,24.9,1.2,10.4,7.3,56648.0,11.9,86.3,15.8,2.2,0.4382,4.672596548147715
47125,Montgomery County,Tennessee,81755,47795,32736,0.5846125619228182,0.4004158767047887,0.1841966852180295,227957,31.7,64.28,20.01,2.5,10.98,9.77,3.3,0.5,6.7,11.0,1.6,12.0,5.2,72365.0,8.7,94.3,31.7,6.5,0.4007,5.357852932860404
47127,Moore County,Tennessee,3654,3060,542,0.8374384236453202,0.1483305966064586,0.6891078270388615,6611,46.2,92.21,2.95,0.41,1.65,21.42,2.9,0.7,10.1,29.2,2.1,10.5,5.7,66687.0,6.9,89.1,24.7,1.2,0.4343,3.8202671571609645
47129,Morgan County,Tennessee,8560,7427,1054,0.8676401869158878,0.1231308411214953,0.7445093457943925,21193,42.5,92.6,4.6,0.2,1.78,18.91,2.8,1.4,13.0,10.3,1.3,8.4,7.4,57408.0,15.7,83.4,13.7,0.4,0.4646,4.326192438127772
47131,Obion County,Tennessee,12900,10596,2221,0.8213953488372093,0.1721705426356589,0.6492248062015504,30570,41.9,80.15,10.55,0.23,5.28,20.48,2.1,1.7,5.8,23.7,2.4,12.0,5.6,53102.0,12.8,85.0,18.1,2.4,0.4723,4.485295438726089
47133,Overton County,Tennessee,11069,9042,1931,0.8168759598879755,0.17445116993405,0.6424247899539255,22807,43.1,95.93,1.38,0.28,1.99,20.17,1.6,2.2,7.6,19.5,1.3,10.8,7.6,46159.0,15.5,81.8,13.5,0.6,0.5109,4.358068162561539
47135,Perry County,Tennessee,3716,3139,558,0.8447255113024758,0.1501614639397201,0.6945640473627557,8561,41.6,92.23,0.5,1.26,2.84,22.12,4.6,1.8,13.8,21.2,0.0,7.7,3.7,50489.0,10.9,82.4,12.7,2.7,0.4304,3.9325244970505424
47137,Pickett County,Tennessee,2954,2441,487,0.8263371699390657,0.1648612051455653,0.6614759647935005,5062,51.7,95.97,0.36,0.0,0.81,27.93,1.5,1.6,6.3,24.0,0.2,9.8,10.3,44591.0,14.7,81.4,17.2,0.9,0.4823,3.7043221408222355
47139,Polk County,Tennessee,8727,7302,1356,0.8367136473014781,0.1553798556204881,0.6813337916809901,17702,46.2,90.92,0.81,0.29,2.08,20.7,2.3,1.5,7.0,20.0,2.0,8.6,8.8,60227.0,8.2,85.7,14.7,1.0,0.4829,4.248022336412354
47141,Putnam County,Tennessee,34939,25554,8991,0.7313889922436246,0.2573342110535505,0.47405478119007416,81366,36.1,87.74,2.48,1.16,8.04,16.39,2.3,0.9,6.2,14.5,2.6,13.8,7.0,56537.0,11.7,88.8,29.2,5.4,0.4634,4.9104429663504465
47143,Rhea County,Tennessee,14444,11974,2312,0.82899473829964,0.1600664635834948,0.6689282747161451,33299,41.0,89.1,1.62,1.01,6.1,19.34,3.4,2.1,7.0,27.9,1.0,10.6,9.3,58133.0,12.6,84.1,17.4,3.0,0.4134,4.522431191434158
47145,Roane County,Tennessee,27412,21011,6073,0.7664891288486794,0.2215453086239603,0.5449438202247191,54403,47.4,91.89,2.38,0.64,2.25,23.23,2.6,0.8,8.0,11.7,1.8,10.8,7.3,66218.0,8.6,89.3,22.0,1.8,0.4472,4.735622849101157
47147,Robertson County,Tennessee,35070,26260,8428,0.7487881380096949,0.2403193612774451,0.5084687767322498,74291,39.1,81.54,7.04,0.68,9.62,14.8,2.3,1.4,10.2,14.2,3.1,11.8,7.2,78439.0,7.7,88.9,21.1,5.6,0.4047,4.870936204243957
47149,Rutherford County,Tennessee,147656,88811,56656,0.6014723411171913,0.3837026602373083,0.21776968087988297,351591,34.0,68.03,15.02,3.55,11.55,10.92,2.4,0.6,6.9,12.6,3.0,11.6,6.9,82588.0,5.9,92.4,34.4,10.3,0.3986,5.546037749506503
47151,Scott County,Tennessee,9605,8608,942,0.8961998958875586,0.09807391983342,0.7981259760541386,21969,40.7,96.6,0.39,0.41,0.13,16.94,3.8,2.5,8.8,23.3,0.7,9.5,8.0,42679.0,20.2,80.5,10.2,0.7,0.4575,4.3418102888565135
47153,Sequatchie County,Tennessee,7890,6522,1292,0.8266159695817491,0.1637515842839036,0.6628643852978455,16409,44.7,93.27,0.47,0.79,4.38,21.13,2.4,1.1,11.4,14.8,2.3,14.0,7.5,52260.0,21.7,81.7,18.9,2.5,0.4576,4.215082115013175
47155,Sevier County,Tennessee,43970,35207,8322,0.800705026154196,0.189265408232886,0.61143961792131,98802,43.6,87.73,0.87,1.19,8.93,19.94,2.1,0.3,9.5,7.5,0.8,15.3,4.5,63829.0,10.2,87.8,21.4,6.7,0.4495,4.994765735884921
47157,Shelby County,Tennessee,326497,118917,201759,0.3642208044790611,0.6179505477845125,-0.25372974330545145,922195,35.8,35.0,52.82,2.86,8.49,14.38,4.6,0.3,5.2,9.2,2.6,10.2,14.0,62337.0,13.4,89.8,34.2,7.6,0.5086,5.96482276321163
47159,Smith County,Tennessee,9336,7655,1595,0.8199443016281063,0.1708440445586975,0.6491002570694088,20196,40.7,90.83,1.94,0.54,2.97,16.44,1.9,3.0,10.3,15.9,2.2,12.9,7.0,62799.0,10.4,87.3,17.9,1.6,0.4543,4.305265362023449
47161,Stewart County,Tennessee,6620,5389,1160,0.81404833836858,0.175226586102719,0.638821752265861,13859,44.6,93.19,1.29,0.6,2.88,21.0,1.6,1.2,12.3,15.5,0.7,8.5,6.7,62052.0,7.8,89.9,16.2,2.3,0.4061,4.141731894767141
47163,Sullivan County,Tennessee,75541,58154,16624,0.7698336002965277,0.2200659244648601,0.5497676758316676,159693,45.0,93.09,2.01,0.83,2.45,22.05,3.4,0.5,6.9,14.0,2.6,14.2,5.1,56802.0,11.1,89.6,26.6,1.8,0.4701,5.2032858796450485
47165,Sumner County,Tennessee,97761,68767,27874,0.7034195640388294,0.2851239246734383,0.41829563936539116,200553,39.7,80.86,8.6,1.59,6.86,16.37,2.2,0.5,8.1,10.5,3.3,12.3,6.1,86005.0,6.3,91.8,32.6,4.3,0.4272,5.302229162820787
47167,Tipton County,Tennessee,26733,20303,6178,0.7594733101410241,0.2311001384057157,0.5283731717353084,61339,38.7,74.66,18.62,0.5,2.98,15.28,3.3,1.1,9.7,12.2,3.1,12.9,6.4,71736.0,9.5,89.3,18.5,1.1,0.4187,4.78773669147004
47169,Trousdale County,Tennessee,4251,3359,856,0.7901670195248177,0.2013643848506233,0.5888026346741944,11805,34.6,80.54,11.27,0.16,3.65,12.56,0.3,0.0,7.3,13.1,2.1,12.3,16.4,63190.0,9.8,85.0,10.1,2.0,0.3955,4.072065991414746
47171,Unicoi County,Tennessee,8541,6876,1578,0.8050579557428873,0.1847558833860203,0.620302072356867,17779,47.4,92.51,0.46,0.16,6.43,23.09,2.8,1.2,8.9,18.0,1.2,8.3,7.5,50381.0,9.9,88.0,20.0,1.8,0.4511,4.249907329935918
47173,Union County,Tennessee,8669,7384,1216,0.8517706771253893,0.140269927327258,0.7115007497981314,20141,42.4,95.23,0.55,0.02,2.22,18.39,2.2,1.1,16.2,10.6,1.5,9.2,9.4,61858.0,11.1,83.3,14.5,0.5,0.4208,4.304081029459922
47175,Van Buren County,Tennessee,3265,2718,524,0.8324655436447167,0.160490045941807,0.6719754977029098,6293,47.2,95.07,0.38,0.21,0.46,23.98,2.0,6.6,8.5,24.5,0.3,5.9,4.0,60281.0,12.0,84.2,14.0,0.8,0.4166,3.7988577317474856
47177,Warren County,Tennessee,17015,13192,3647,0.7753158977372906,0.214340287981193,0.5609756097560976,41587,40.0,86.13,2.82,0.6,9.81,18.01,2.2,3.4,6.6,19.6,3.3,11.0,6.5,54088.0,10.7,84.8,15.1,4.8,0.4563,4.618957592390943
47179,Washington County,Tennessee,61234,42299,18131,0.6907763660711369,0.2960936734493908,0.3946826926217461,134693,40.3,87.69,3.75,1.6,4.72,18.57,3.0,0.7,5.7,12.3,1.7,12.4,5.1,61051.0,9.7,91.1,33.5,3.4,0.4837,5.129345026009786
47181,Wayne County,Tennessee,6831,6016,762,0.8806909676474893,0.1115502854633289,0.7691406821841604,16251,44.3,89.25,4.2,0.08,2.55,19.26,1.8,3.7,11.5,12.3,0.6,11.1,7.1,52824.0,12.0,83.5,12.5,1.4,0.4978,4.2108800903068655
47183,Weakley County,Tennessee,13394,10541,2725,0.7869941764969389,0.2034493056592504,0.5835448708376885,32959,37.9,86.65,7.42,1.13,2.96,18.15,1.6,3.1,6.1,16.5,2.2,11.7,4.2,49502.0,13.6,88.0,21.6,2.3,0.4363,4.5179740264149375
47185,White County,Tennessee,12931,10717,2105,0.8287835434227825,0.162787100765602,0.6659964426571805,27764,43.3,93.08,1.21,0.36,3.01,20.69,2.5,1.5,6.0,22.8,1.7,9.8,8.6,52206.0,9.5,83.4,14.2,1.5,0.4397,4.443482035730321
47187,Williamson County,Tennessee,144668,94562,47695,0.6536483534713966,0.3296859015124284,0.3239624519589682,254609,40.3,82.79,3.8,5.22,5.82,14.26,1.3,0.4,4.6,7.6,2.8,11.3,2.9,131202.0,3.1,95.9,61.8,8.2,0.4553,5.4058737511685955
47189,Wilson County,Tennessee,81254,56425,23855,0.6944273512688606,0.2935855465577079,0.40084180471115266,153587,39.9,82.09,7.19,2.06,6.03,15.78,2.3,0.3,7.5,10.4,3.1,11.7,7.1,94048.0,5.4,93.5,37.2,5.7,0.4346,5.186354457445514
48001,Anderson County,Texas,19353,15597,3635,0.805921562548442,0.1878261768201312,0.6180953857283109,57825,39.5,60.22,18.78,0.57,19.34,15.04,2.4,4.7,8.4,9.8,1.6,13.4,8.4,58846.0,12.4,86.0,14.5,6.5,0.4436,4.762115641442657
48003,Andrews County,Texas,6059,5205,806,0.8590526489519723,0.1330252516916983,0.726027397260274,18518,33.1,59.62,1.87,0.48,56.84,9.67,1.6,21.9,7.6,7.7,3.6,5.9,6.3,76902.0,11.1,76.9,19.9,14.5,0.456,4.267594079761292
48005,Angelina County,Texas,34419,26049,8146,0.7568203608472065,0.2366716057991225,0.520148755048084,86791,37.8,67.1,12.22,0.95,23.16,16.53,3.2,3.2,7.6,12.7,2.9,10.7,6.0,58847.0,11.3,84.9,18.0,8.3,0.4346,4.9384746923079605
48007,Aransas County,Texas,13028,10090,2831,0.7744857230580289,0.2173011974209395,0.5571845256370893,24449,51.0,80.7,1.12,1.09,26.76,27.99,2.9,4.4,12.1,3.7,0.9,12.8,5.8,61754.0,14.4,91.4,27.6,3.0,0.5037,4.388261100540889
48009,Archer County,Texas,5132,4592,520,0.8947778643803586,0.1013250194855806,0.793452844894778,8734,43.1,91.14,0.8,0.21,9.01,21.0,2.0,11.0,8.2,5.8,1.7,9.1,5.6,71958.0,6.6,91.0,25.2,4.5,0.4727,3.9412131875853214
48011,Armstrong County,Texas,1109,1029,77,0.927862939585212,0.0694319206492335,0.8584310189359785,1883,43.0,92.62,0.53,1.22,9.56,25.97,0.5,11.7,8.3,5.3,1.4,11.4,7.3,68462.0,5.5,94.0,21.4,3.6,0.3525,3.2748503200166645
48013,Atascosa County,Texas,18442,13142,5153,0.7126125149116148,0.2794165491812168,0.43319596573039804,50058,36.1,54.55,1.29,0.56,64.7,15.02,2.6,9.3,10.2,9.3,2.2,13.7,8.4,69413.0,13.5,80.9,15.3,8.6,0.4373,4.699473493967465
48015,Austin County,Texas,15379,12457,2816,0.8100006502373366,0.1831068339944079,0.6268938162429287,30712,41.6,70.84,9.31,0.76,27.22,20.85,2.5,4.3,13.3,10.5,3.5,16.5,6.0,75994.0,12.8,88.5,23.4,10.6,0.4421,4.487308099109349
48017,Bailey County,Texas,1740,1395,332,0.8017241379310345,0.1908045977011494,0.610919540229885,7044,35.1,71.01,0.85,0.71,64.57,17.4,0.2,16.8,3.7,7.4,0.3,21.8,7.7,70625.0,4.6,71.9,16.7,15.9,0.4312,3.847819347295239
48019,Bandera County,Texas,13592,10939,2532,0.8048116539140671,0.1862860506180106,0.6185256032960564,21589,53.4,79.12,1.1,0.36,20.22,29.4,3.8,3.7,14.2,7.7,1.5,13.4,3.3,69703.0,9.5,91.9,25.5,5.2,0.4698,4.3342325263295995
48021,Bastrop County,Texas,39788,23301,15989,0.5856288328139138,0.4018548306021916,0.18377400221172213,102370,37.5,56.58,5.74,0.71,43.98,15.26,2.9,2.4,14.3,7.6,1.8,10.4,7.1,82730.0,9.8,81.9,23.3,13.6,0.4108,5.010172703286779
48023,Baylor County,Texas,1670,1471,184,0.8808383233532934,0.1101796407185628,0.7706586826347306,3464,47.5,80.92,0.75,0.0,13.65,26.44,2.0,17.1,12.7,11.2,0.7,7.2,1.9,42313.0,14.3,82.5,28.4,3.1,0.4573,3.539577883345309
48025,Bee County,Texas,8789,6111,2606,0.695300944362271,0.2965069973830925,0.39879394697917847,31000,35.8,57.27,6.07,0.58,61.89,12.6,2.7,8.1,8.7,3.9,2.5,12.2,7.6,56075.0,14.2,81.6,11.4,4.3,0.4501,4.491361693834273
48027,Bell County,Texas,130557,75161,53973,0.5756949072052819,0.4134056389163354,0.16228926828894652,379811,32.1,52.05,23.32,2.95,25.81,11.58,4.3,1.2,8.0,6.3,1.7,11.9,6.5,66051.0,11.3,91.0,27.2,8.4,0.4587,5.579567538521382
48029,Bexar County,Texas,757547,337545,411389,0.4455763140768823,0.5430540943334209,-0.09747778025653858,2037344,34.6,49.4,7.9,3.23,59.53,12.65,3.5,0.9,8.2,5.6,2.0,11.7,5.4,70571.0,11.3,86.4,31.5,13.3,0.4615,6.309064364635118
48031,Blanco County,Texas,8518,6447,1973,0.7568678093449166,0.2316271425217187,0.5252406668231979,12008,50.3,80.66,0.77,0.37,18.4,25.59,2.0,4.3,17.3,9.1,2.5,8.9,3.1,87564.0,7.4,92.5,34.3,5.1,0.4503,4.079470679235214
48033,Borden County,Texas,387,370,16,0.9560723514211886,0.041343669250646,0.9147286821705426,723,30.0,85.2,1.52,0.0,15.21,13.55,0.2,27.6,4.4,0.6,0.9,2.2,9.7,64250.0,6.2,94.6,35.3,2.1,0.5014,2.859138297294531
48035,Bosque County,Texas,9571,7969,1524,0.8326193710166127,0.1592310103437467,0.6733883606728659,18546,46.3,79.4,1.36,0.48,18.83,25.26,2.2,5.8,13.4,7.5,2.1,12.3,4.8,69339.0,6.2,88.2,20.7,6.3,0.4271,4.268250255446948
48037,Bowie County,Texas,36629,27122,9282,0.7404515547790003,0.2534057713833301,0.4870457833956702,92321,38.4,65.65,24.88,1.26,8.37,17.33,2.0,1.5,6.1,8.6,2.9,13.2,4.5,59295.0,12.1,90.0,22.1,4.2,0.4813,4.965300500015835
48039,Brazoria County,Texas,161950,95867,63976,0.591954306884841,0.3950355047854276,0.19691880209941337,381650,36.5,53.5,15.78,7.31,31.37,12.53,2.9,1.9,10.4,12.6,2.0,8.7,5.7,95155.0,5.9,89.2,32.1,14.2,0.4181,5.581665266717616
48041,Brazos County,Texas,91847,56671,33844,0.6170152536283167,0.3684823674153755,0.24853288621294117,237980,26.8,66.38,10.78,5.72,27.12,9.82,2.9,1.5,7.0,6.1,1.7,11.5,4.6,58388.0,12.4,89.0,42.5,12.5,0.5201,5.376540460188395
48043,Brewster County,Texas,4576,2545,1969,0.5561625874125874,0.4302884615384615,0.1258741258741259,9464,42.2,75.42,0.29,1.2,42.05,25.27,1.4,4.4,6.8,1.7,1.7,3.7,5.6,52612.0,3.6,90.0,45.3,8.2,0.4306,3.976074731619874
48045,Briscoe County,Texas,744,666,72,0.8951612903225806,0.0967741935483871,0.7983870967741935,1223,50.8,84.55,5.4,0.0,26.25,27.96,0.0,16.0,15.5,1.8,2.5,11.9,16.2,41188.0,12.5,80.5,19.0,8.3,0.5494,3.0874264570362855
48047,Brooks County,Texas,2402,1077,1308,0.448376353039134,0.5445462114904246,-0.09616985845129061,6987,38.1,51.82,0.77,0.0,90.02,18.23,2.1,9.1,14.9,1.2,2.2,8.6,3.9,31310.0,28.9,67.4,14.4,8.0,0.5521,3.844290743254343
48049,Brown County,Texas,16853,14593,2132,0.8658992464249688,0.1265056666468877,0.7393935797780812,38294,41.4,78.11,3.33,0.56,22.2,20.55,2.7,4.5,9.9,13.3,2.0,12.8,3.6,55305.0,11.6,87.7,19.9,3.9,0.4719,4.5831307329498285
48051,Burleson County,Texas,9365,7590,1705,0.810464495461826,0.182060864922584,0.628403630539242,18327,44.3,71.99,11.56,0.89,21.84,22.43,1.6,8.4,9.8,8.1,2.0,7.1,6.2,72888.0,8.5,85.1,23.1,6.1,0.4616,4.263091379851672
48053,Burnet County,Texas,28147,21795,6114,0.7743276370483533,0.2172167548939496,0.5571108821544037,51064,44.9,81.53,1.25,0.68,23.07,23.36,1.4,2.8,15.0,5.6,1.6,14.3,4.5,77158.0,5.4,89.2,28.7,7.6,0.4676,4.7081148314217485
48055,Caldwell County,Texas,15686,8880,6618,0.5661099069233712,0.4219048833354584,0.14420502358791276,47184,38.2,57.81,4.29,0.68,56.3,15.2,1.8,2.9,16.3,6.8,0.8,13.0,5.8,68503.0,7.3,80.3,16.4,12.8,0.4207,4.673794755207723
48057,Calhoun County,Texas,7832,5939,1853,0.7582992849846782,0.2365934627170582,0.5217058222676201,19921,39.9,65.77,2.48,5.29,49.27,18.61,2.9,4.7,10.4,23.5,0.9,6.9,2.6,71870.0,6.8,82.5,16.9,10.1,0.4055,4.2993111354722835
48059,Callahan County,Texas,6985,6180,761,0.8847530422333572,0.1089477451682176,0.7758052970651396,14017,43.8,85.59,1.75,0.55,10.61,20.77,3.0,6.5,9.0,9.5,1.9,13.6,6.3,68455.0,6.7,93.1,23.9,1.0,0.3925,4.146655073340974
48061,Cameron County,Texas,116122,60991,54258,0.5252320834983897,0.4672499612476533,0.0579821222507364,423192,32.4,49.98,0.61,0.74,89.34,14.04,3.3,1.7,7.5,6.6,1.9,11.4,5.5,51334.0,21.0,71.6,20.6,22.7,0.469,5.626537449223976
48063,Camp County,Texas,5242,4011,1201,0.7651659671880962,0.2291110263258298,0.5360549408622663,12652,38.7,60.35,14.57,1.13,26.69,18.04,3.3,3.2,10.2,16.3,1.3,13.0,5.4,55061.0,17.4,84.1,19.7,10.6,0.4848,4.1021591832436854
48065,Carson County,Texas,3172,2866,290,0.903530895334174,0.0914249684741488,0.8121059268600251,5802,42.3,90.95,0.6,0.14,10.48,21.94,0.8,12.5,8.7,8.2,2.0,15.0,6.1,84583.0,2.8,93.6,25.9,2.0,0.3941,3.7635777244666455
48067,Cass County,Texas,14140,11693,2406,0.826944837340877,0.1701555869872701,0.6567892503536069,28582,43.8,76.69,16.76,0.75,5.13,22.19,3.0,4.0,8.7,13.3,3.8,11.3,5.8,54328.0,12.6,87.3,17.6,2.6,0.4617,4.456092614887902
48069,Castro County,Texas,2021,1594,418,0.7887184562097971,0.2068283028203859,0.5818901533894112,7328,34.9,54.0,1.17,1.24,65.27,16.83,1.8,20.7,4.0,6.4,2.4,14.3,4.9,63485.0,15.4,76.3,21.0,16.8,0.443,3.8649854606597938
48071,Chambers County,Texas,24971,20567,4192,0.8236354170838173,0.167874734692243,0.6557606823915743,49178,35.3,72.48,7.28,1.51,25.25,12.65,4.9,3.4,15.0,13.3,2.5,6.5,6.1,108114.0,10.6,89.5,23.0,9.2,0.3798,4.691770862616897
48073,Cherokee County,Texas,20502,16593,3744,0.8093356745683348,0.1826163301141352,0.6267193444541996,51143,38.2,67.16,13.05,0.61,23.74,17.98,3.4,7.1,8.8,13.1,2.0,8.3,5.1,59830.0,14.8,80.7,18.5,9.3,0.4481,4.708786199741001
48075,Childress County,Texas,2272,1991,263,0.8763204225352113,0.1157570422535211,0.7605633802816901,6772,33.6,61.09,6.66,0.12,34.04,16.55,0.3,26.3,6.4,6.5,0.0,10.2,4.4,60333.0,8.8,83.9,11.5,3.9,0.4333,3.830716949436898
48077,Clay County,Texas,5906,5288,584,0.8953606501862512,0.0988824923806298,0.7964781578056215,10402,47.8,90.95,1.13,0.87,6.78,22.7,1.1,9.0,7.7,8.7,2.2,13.5,9.2,77355.0,5.9,92.8,23.9,1.8,0.3931,4.017116849438813
48079,Cochran County,Texas,893,735,148,0.8230683090705487,0.1657334826427771,0.6573348264277716,2520,38.7,47.78,7.26,0.16,59.56,16.79,3.5,18.6,10.8,4.3,1.9,8.6,12.8,42137.0,20.9,71.7,10.7,15.5,0.4645,3.401400540781544
48081,Coke County,Texas,1814,1623,179,0.8947078280044102,0.0986769570011025,0.7960308710033077,3315,47.2,85.16,1.75,0.12,20.84,27.54,3.3,4.8,14.2,4.6,1.2,8.2,8.1,46431.0,10.2,87.8,21.1,3.0,0.4459,3.520483532740792
48083,Coleman County,Texas,4155,3712,428,0.89338146811071,0.1030084235860409,0.790373044524669,7765,48.5,79.32,3.89,0.88,16.12,26.25,3.4,7.0,6.6,9.6,6.5,8.9,5.8,52364.0,12.0,88.6,17.9,5.3,0.4921,3.8901414600645774
48085,Collin County,Texas,515167,279534,222115,0.5426085133558632,0.4311514518593,0.11145706149656326,1116601,37.3,56.99,10.7,17.64,15.97,11.38,2.9,0.6,5.0,8.4,2.5,10.5,4.0,117588.0,4.6,94.5,54.9,22.6,0.4312,6.047898012457889
48087,Collingsworth County,Texas,1201,1066,135,0.88759367194005,0.11240632805995,0.7751873438801,2733,38.1,57.45,7.9,0.0,32.6,21.48,0.8,9.3,7.5,2.8,1.9,8.7,9.5,60165.0,25.4,75.4,26.0,4.4,0.4445,3.436639631692661
48089,Colorado County,Texas,9994,7824,2108,0.7828697218330999,0.2109265559335601,0.5719431658995398,20736,43.8,66.08,13.04,0.48,29.99,22.82,2.3,9.9,6.5,9.7,3.2,14.2,3.9,68554.0,4.6,88.4,24.0,8.4,0.4751,4.3167249841904995
48091,Comal County,Texas,103465,74756,27680,0.722524525201759,0.2675300826366404,0.4549944425651186,174552,42.0,74.74,2.53,1.58,27.88,18.55,2.2,1.4,9.0,7.0,2.7,11.4,5.8,99015.0,4.0,94.2,42.2,6.6,0.4542,5.2419248292830405
48093,Comanche County,Texas,6544,5679,834,0.8678178484107579,0.1274449877750611,0.7403728606356969,13786,43.7,73.77,0.51,0.46,29.03,23.67,4.1,10.0,12.3,12.3,2.8,10.8,5.9,59946.0,10.0,84.6,20.0,8.9,0.4345,4.139438274158168
48095,Concho County,Texas,1198,1038,153,0.8664440734557596,0.1277128547579298,0.7387312186978298,3301,45.3,77.73,3.7,1.64,31.02,19.87,0.4,7.8,12.8,4.7,1.5,15.8,6.0,59632.0,11.5,79.5,13.2,12.2,0.3854,3.5186455243303114
48097,Cooke County,Texas,20432,16975,3310,0.8308046202036022,0.1620007830853563,0.668803837118246,42473,40.3,78.89,3.32,0.69,20.53,18.59,2.7,6.2,9.4,13.7,1.9,11.6,5.0,72472.0,10.9,88.4,23.6,6.8,0.4623,4.62811293764317
48099,Coryell County,Texas,23911,16688,6959,0.6979214587428381,0.2910375977583539,0.40688386098448415,83772,32.4,61.83,13.86,1.99,20.28,11.01,2.7,2.2,8.6,6.2,2.2,9.2,5.5,68904.0,6.6,90.7,18.7,6.2,0.4086,4.923098884054017
48101,Cottle County,Texas,657,565,89,0.8599695585996956,0.1354642313546423,0.7245053272450532,1302,44.3,65.67,4.92,0.0,25.96,26.04,3.8,23.9,19.1,3.5,0.0,8.2,0.4,58819.0,22.3,79.6,21.8,0.0,0.5412,3.114610984232173
48103,Crane County,Texas,1387,1195,186,0.8615717375630858,0.1341023792357606,0.7274693583273252,4623,36.7,39.33,2.57,2.44,68.35,15.01,2.3,17.3,14.4,1.5,1.9,8.7,3.9,59915.0,3.5,75.6,14.3,23.6,0.4181,3.6649238934380817
48105,Crockett County,Texas,1417,1087,323,0.7671136203246295,0.2279463655610444,0.5391672547635851,2881,42.9,37.14,0.59,0.0,62.3,21.59,1.7,19.1,17.0,2.2,0.0,1.6,20.3,81739.0,1.6,65.8,11.0,12.4,0.2888,3.459543258280413
48107,Crosby County,Texas,1880,1416,451,0.7531914893617021,0.2398936170212766,0.5132978723404256,5072,39.3,69.34,2.6,0.99,55.82,19.1,3.8,10.7,15.1,4.6,2.3,11.6,2.8,52197.0,16.9,78.4,14.1,5.4,0.5214,3.7051792448736762
48109,Culberson County,Texas,781,451,319,0.5774647887323944,0.4084507042253521,0.16901408450704225,2181,48.1,46.22,0.18,1.05,87.07,26.73,0.3,5.0,3.8,8.7,0.0,15.2,8.6,42672.0,11.3,73.3,16.3,9.4,0.3642,3.3386556655787003
48111,Dallam County,Texas,1447,1285,152,0.8880442294402211,0.1050449205252246,0.7829993089149965,7180,30.4,62.28,0.19,0.04,52.66,9.6,1.1,19.7,8.3,12.1,2.0,11.6,12.3,72332.0,4.8,80.7,15.7,26.0,0.3278,3.8561244442423
48113,Dallas County,Texas,848948,322569,511118,0.3799632015152872,0.6020604324410918,-0.22209723092580458,2603816,34.0,40.79,22.54,6.84,40.79,11.48,3.4,0.5,10.4,7.9,2.8,10.7,7.3,74149.0,10.9,81.7,34.8,24.6,0.4919,6.415610291336995
48115,Dawson County,Texas,3511,2810,667,0.8003417829678154,0.1899743662774138,0.6103674166904016,12311,34.6,54.56,7.12,0.41,55.36,13.51,4.1,19.6,11.1,2.7,0.9,9.4,7.5,55789.0,15.9,72.3,14.5,6.2,0.4605,4.09029333131011
48117,Deaf Smith County,Texas,4286,3233,1019,0.7543163789080728,0.2377508166122258,0.5165655622958469,18487,31.4,52.83,1.93,0.04,75.73,13.31,2.1,8.9,9.2,20.2,2.9,8.0,6.8,54114.0,12.4,71.4,11.8,17.3,0.408,4.266866441221181
48119,Delta County,Texas,2658,2250,397,0.8465011286681715,0.1493604213694507,0.6971407072987208,5345,40.7,80.75,8.34,0.07,8.72,20.52,1.9,6.6,8.6,14.5,3.4,3.5,8.7,62855.0,9.9,90.0,19.5,1.2,0.4534,3.7279477095447966
48121,Denton County,Texas,448729,250521,191503,0.5582901929672475,0.4267676036093054,0.1315225893579421,945644,36.8,60.63,10.75,10.33,20.28,11.21,2.8,0.7,6.0,8.2,2.9,10.6,6.2,108185.0,4.4,93.4,48.4,16.8,0.436,5.975727671355111
48123,DeWitt County,Texas,7824,6515,1270,0.8326942740286298,0.162321063394683,0.6703732106339468,19853,41.8,61.0,7.38,0.49,35.34,19.91,2.1,10.4,6.3,6.6,2.7,13.8,8.9,64014.0,12.9,85.4,15.7,2.6,0.4839,4.297826142585328
48125,Dickens County,Texas,993,844,146,0.8499496475327291,0.1470292044310171,0.702920443101712,1641,45.7,78.12,1.46,0.06,34.0,24.44,3.6,12.0,10.9,2.5,0.4,7.6,11.7,50417.0,12.0,85.0,19.1,4.1,0.4638,3.215108581053093
48127,Dimmit County,Texas,3427,1653,1765,0.4823460752845054,0.5150277210388094,-0.032681645754304045,8507,36.3,30.47,0.71,0.18,87.02,16.56,2.9,16.5,9.5,1.7,1.1,8.9,13.5,33409.0,36.8,74.4,11.0,10.1,0.5138,3.929776432804902
48129,Donley County,Texas,1712,1512,174,0.883177570093458,0.1016355140186915,0.7815420560747665,3276,45.4,87.18,5.4,2.5,12.18,26.92,0.0,17.9,9.9,1.0,0.7,7.2,4.1,56648.0,4.1,83.5,16.1,4.9,0.4109,3.5153438930883807
48131,Duval County,Texas,4461,2439,2003,0.5467383994620041,0.4490024658148397,0.09773593364716437,9824,35.9,67.76,0.7,0.0,81.82,15.6,4.0,27.0,7.5,5.0,2.8,7.4,2.8,50081.0,18.2,73.6,7.0,1.2,0.4304,3.9922883537970923
48133,Eastland County,Texas,8363,7397,918,0.8844912112878154,0.1097692215712065,0.7747219897166089,17846,42.6,82.48,2.27,0.38,16.88,21.91,2.8,8.4,13.0,8.9,1.1,12.1,4.3,51741.0,8.8,85.0,22.2,5.0,0.4844,4.251540888649978
48135,Ector County,Texas,42615,32429,9881,0.7609761820955063,0.2318667135984981,0.5291094684970082,163206,31.3,53.33,5.08,1.23,62.25,9.83,3.8,13.7,9.3,7.3,3.0,12.6,10.3,71031.0,12.0,77.6,16.6,16.6,0.4522,5.212736120833237
48137,Edwards County,Texas,1005,869,133,0.8646766169154229,0.1323383084577114,0.7323383084577114,1392,39.6,85.56,1.58,0.0,43.82,22.63,0.0,19.7,16.3,10.5,0.0,6.1,3.5,38500.0,26.7,78.4,25.9,8.5,0.4669,3.1436392352745433
48139,Ellis County,Texas,99485,64763,33850,0.6509825601849525,0.3402522993416093,0.3107302608433432,203927,36.3,64.42,13.24,0.78,27.63,12.94,2.8,1.2,9.1,11.8,3.0,13.1,7.4,95898.0,6.5,87.6,28.6,8.3,0.4004,5.309474730313291
48141,El Paso County,Texas,251371,105124,143156,0.4182025770673626,0.5695008572985746,-0.151298280231212,866275,33.3,39.19,3.3,1.27,82.72,12.83,3.7,1.0,7.6,6.7,2.3,11.4,7.6,58859.0,16.3,80.6,25.4,23.1,0.4646,5.937655781190286
48143,Erath County,Texas,18350,15349,2871,0.8364577656675749,0.1564577656675749,0.6799999999999999,43244,31.9,80.2,1.41,1.02,21.99,14.55,3.4,10.8,7.9,8.6,1.3,11.0,5.1,65351.0,9.6,87.1,32.5,7.6,0.4701,4.635925858675862
48145,Falls County,Texas,6276,4520,1713,0.7202039515615042,0.2729445506692161,0.4472594008922881,17063,41.5,57.94,20.24,5.8,24.42,19.43,3.5,4.6,10.2,11.5,3.8,10.8,8.6,55372.0,10.2,84.9,15.0,5.6,0.4815,4.232055390776589
48147,Fannin County,Texas,16385,13648,2607,0.8329569728410131,0.1591089411046689,0.6738480317363442,36525,40.7,82.43,6.33,0.54,12.64,17.8,2.5,5.0,9.5,15.8,1.3,8.4,4.0,68377.0,9.5,86.8,20.2,4.6,0.4711,4.562590224606335
48149,Fayette County,Texas,13327,10699,2515,0.8028063330081788,0.1887146394537405,0.6140916935544383,24783,48.6,79.24,6.01,0.36,21.61,26.3,1.6,4.5,8.4,15.6,3.8,14.0,7.0,76541.0,6.0,90.3,27.2,7.3,0.482,4.394153876882056
48151,Fisher County,Texas,1829,1487,330,0.8130125751776928,0.1804264625478403,0.6325861126298524,3661,42.6,76.78,3.82,0.25,26.36,21.63,2.2,15.8,8.0,10.2,0.5,6.7,12.0,64700.0,9.7,90.3,18.2,3.9,0.3939,3.563599728881531
48153,Floyd County,Texas,2089,1715,358,0.8209669698420297,0.1713738630923887,0.649593106749641,5294,38.5,69.63,2.7,0.17,57.63,19.21,2.2,17.3,10.9,3.3,2.5,10.2,11.2,55461.0,16.6,74.6,16.7,10.8,0.5214,3.7237839369653294
48155,Foard County,Texas,545,448,92,0.8220183486238533,0.1688073394495413,0.653211009174312,1079,45.7,72.94,0.28,0.28,10.94,29.01,4.2,18.2,9.7,7.9,0.4,8.7,0.8,42212.0,16.5,81.2,14.5,1.0,0.5241,3.0330214446829107
48157,Fort Bend County,Texas,362259,173592,179310,0.479193063526372,0.4949773504592018,-0.01578428693282985,859721,37.1,37.03,20.54,21.83,24.46,12.17,3.3,3.9,6.3,8.9,2.9,10.4,5.9,113409.0,5.9,91.9,49.3,30.0,0.4238,5.934357535174607
48159,Franklin County,Texas,5310,4473,813,0.8423728813559322,0.1531073446327683,0.6892655367231639,10522,43.5,78.71,5.16,0.19,14.26,22.08,3.7,5.8,7.2,14.5,0.5,9.1,3.8,66800.0,6.8,90.9,29.3,7.2,0.4756,4.02209829746114
48161,Freestone County,Texas,9045,7500,1499,0.8291873963515755,0.1657269209508015,0.663460475400774,19813,41.8,67.88,14.65,0.21,16.76,19.97,0.9,7.1,7.2,7.3,1.0,8.2,9.3,58460.0,10.8,86.6,15.9,4.8,0.453,4.296950239536639
48163,Frio County,Texas,4933,3060,1848,0.6203121832556254,0.3746199067504561,0.24569227650516934,18019,31.8,46.57,4.52,2.17,77.57,12.33,2.6,16.7,2.8,6.7,1.9,5.7,11.9,60098.0,17.1,70.6,11.4,18.6,0.4441,4.2557306852816295
48165,Gaines County,Texas,6416,5840,538,0.9102244389027432,0.0838528678304239,0.8263715710723193,21904,29.3,76.8,2.47,0.03,39.82,9.41,1.3,23.1,15.7,5.8,4.1,7.1,10.3,76605.0,5.4,58.3,8.1,24.3,0.4171,4.340523430789915
48167,Galveston County,Texas,158933,100295,56732,0.6310520785488225,0.3569554466347454,0.2740966319140771,354721,38.5,64.46,12.35,3.34,25.86,15.31,3.5,1.7,7.6,10.8,2.0,9.5,5.6,85348.0,8.2,89.8,34.3,10.2,0.4563,5.549886900099094
48169,Garza County,Texas,1599,1374,213,0.8592870544090057,0.1332082551594746,0.726078799249531,5435,38.4,61.09,10.45,0.26,49.99,14.81,2.9,13.3,5.5,4.7,2.6,10.7,9.8,50545.0,5.5,68.1,10.6,16.6,0.4139,3.7351995484223135
48171,Gillespie County,Texas,16482,13202,3160,0.8009950248756219,0.1917243053027545,0.6092707195728674,27202,50.5,84.85,0.45,0.33,22.4,29.69,2.2,6.8,11.9,5.7,1.9,12.3,5.3,67799.0,7.6,89.3,35.3,6.8,0.4866,4.434600836278021
48173,Glasscock County,Texas,663,623,38,0.9396681749622926,0.057315233785822,0.8823529411764706,1070,40.6,68.13,0.0,0.0,27.1,15.42,0.7,34.5,13.2,0.2,0.0,9.2,1.5,106806.0,6.3,87.6,39.9,10.0,0.4523,3.0293837776852097
48175,Goliad County,Texas,3984,3178,778,0.7976907630522089,0.1952811244979919,0.602409638554217,7096,44.8,75.24,5.09,0.01,32.24,24.42,2.9,10.0,12.7,7.0,1.9,8.3,8.4,59556.0,5.7,84.0,19.0,4.6,0.5277,3.85101360682367
48177,Gonzales County,Texas,7755,5981,1729,0.771244358478401,0.2229529335912314,0.5482914248871696,19764,38.8,64.9,6.28,0.63,50.77,19.48,0.8,10.9,8.8,17.1,4.7,11.4,6.7,59355.0,11.4,77.0,12.6,11.1,0.4776,4.295874845217379
48179,Gray County,Texas,7580,6691,845,0.8827176781002638,0.1114775725593667,0.7712401055408971,21131,36.8,77.95,4.62,1.1,30.76,16.39,3.0,10.0,8.3,8.9,1.0,12.3,8.4,56082.0,14.4,84.8,15.4,9.7,0.4849,4.3249200500199185
48181,Grayson County,Texas,65888,50556,14800,0.7673020883924235,0.2246236036911122,0.5426784847013113,139988,39.4,78.88,5.39,1.29,15.85,17.87,2.2,1.5,9.5,11.8,2.7,13.4,5.1,70455.0,7.9,90.5,23.7,7.2,0.4489,5.146090808841473
48183,Gregg County,Texas,46699,33026,13294,0.7072100044968843,0.2846741900254823,0.42253581447140204,124860,35.9,60.89,19.57,1.33,19.82,15.84,2.3,3.2,6.4,11.1,2.9,12.2,7.2,64809.0,12.8,86.8,22.4,8.7,0.4583,5.096423330595271
48185,Grimes County,Texas,14043,11197,2734,0.7973367514063946,0.1946877447838781,0.6026490066225165,30385,40.5,63.52,11.69,0.41,25.31,18.54,2.4,6.8,13.4,8.5,1.0,12.0,4.7,67080.0,10.9,81.9,19.5,7.1,0.4745,4.482659240683335
48187,Guadalupe County,Texas,85097,54691,29573,0.642690106584251,0.3475210641973277,0.29516904238692326,178368,37.5,60.58,7.96,1.73,38.47,14.54,2.8,1.8,8.7,11.0,2.2,12.0,5.8,93776.0,6.6,89.3,30.9,7.1,0.396,5.2513169426971915
48189,Hale County,Texas,9278,7283,1903,0.7849752101746066,0.2051088596680319,0.5798663505065746,32247,34.1,62.88,4.08,0.63,60.77,14.03,2.4,9.4,10.0,5.9,3.1,13.7,6.7,52788.0,14.8,75.1,15.6,10.4,0.4379,4.508489317605435
48191,Hall County,Texas,1149,992,149,0.8633594429939078,0.1296779808529155,0.7336814621409923,2827,44.9,62.72,4.95,0.42,34.49,24.62,4.9,17.0,8.8,3.5,0.6,7.3,7.1,46728.0,9.9,83.3,17.8,9.7,0.4298,3.4513258084895195
48193,Hamilton County,Texas,4464,3809,625,0.8532706093189965,0.1400089605734767,0.7132616487455198,8320,43.8,86.84,1.9,0.06,13.57,24.98,3.3,7.8,10.0,6.0,2.0,13.2,5.5,55339.0,15.4,88.3,24.3,5.6,0.5412,3.920123326290724
48195,Hansford County,Texas,1999,1842,146,0.9214607303651826,0.0730365182591295,0.8484242121060531,5182,35.9,71.15,0.21,0.12,49.69,13.86,3.8,20.7,5.2,5.9,3.9,13.1,3.3,68299.0,8.5,74.6,30.4,16.0,0.4567,3.714497408649806
48197,Hardeman County,Texas,1405,1210,188,0.8612099644128114,0.1338078291814946,0.7274021352313168,3529,44.3,77.81,3.43,1.25,26.89,21.76,1.0,10.9,5.6,15.2,0.8,18.8,8.1,61179.0,10.3,85.7,15.0,7.8,0.4126,3.5476516583599693
48199,Hardin County,Texas,28157,24691,3347,0.8769044997691515,0.1188691977128245,0.7580353020563271,57126,39.3,85.5,6.1,0.48,6.52,17.43,3.0,2.7,11.4,14.2,2.4,11.8,5.8,72532.0,9.9,89.9,20.8,2.2,0.427,4.756833815540588
48201,Harris County,Texas,1556310,722695,808771,0.4643644261104793,0.5196721732816727,-0.05530774717119341,4758579,34.4,40.15,19.1,7.22,43.41,11.42,4.3,2.5,10.3,9.1,2.9,10.6,7.2,73104.0,12.8,82.5,33.7,26.4,0.4997,6.6774772836883045
48203,Harrison County,Texas,30226,22658,7369,0.749619532852511,0.2437967312909415,0.5058228015615696,69584,38.9,65.07,20.43,0.61,14.56,17.15,3.6,4.0,6.6,11.4,2.4,10.8,6.7,66040.0,13.3,89.2,22.5,4.6,0.4659,4.84250939032126
48205,Hartley County,Texas,2016,1843,163,0.914186507936508,0.0808531746031746,0.8333333333333335,5307,39.5,68.61,6.69,0.3,30.7,16.53,1.0,22.6,5.0,6.2,2.9,7.8,7.2,82122.0,6.9,83.1,23.1,10.0,0.4015,3.7248490876293854
48207,Haskell County,Texas,2246,1918,313,0.8539626001780944,0.1393588601959038,0.7146037399821906,5390,44.3,78.33,6.09,0.17,26.01,23.01,2.9,11.9,5.9,1.9,1.6,16.6,4.3,54044.0,8.4,83.3,22.5,6.0,0.5378,3.7315887651867388
48209,Hays County,Texas,125688,58438,65528,0.4649449430335434,0.5213544650245051,-0.05640952199096172,256429,33.9,66.55,4.1,1.93,39.06,11.9,3.1,1.1,9.0,7.1,1.9,11.7,5.0,85827.0,6.2,91.5,41.9,9.5,0.453,5.408967138739834
48211,Hemphill County,Texas,1612,1412,190,0.8759305210918115,0.1178660049627791,0.7580645161290324,3311,41.3,74.69,2.08,0.0,33.19,19.18,3.0,27.0,11.1,2.8,0.2,6.6,9.8,72052.0,1.7,84.5,24.4,15.0,0.4981,3.5199591807520685
48213,Henderson County,Texas,38528,31379,6919,0.8144466362126246,0.1795836794019933,0.6348629568106313,83658,43.8,80.54,5.3,0.71,14.3,22.39,2.7,4.2,10.6,9.2,2.1,11.0,6.1,63955.0,10.6,87.5,20.2,4.9,0.4655,4.922507477751827
48215,Hidalgo County,Texas,217194,110760,104517,0.5099588386419515,0.4812149506892456,0.028743887952705882,880921,30.3,39.54,0.69,1.02,91.92,11.52,4.4,3.2,9.5,5.8,2.7,12.3,6.3,52281.0,24.0,69.3,20.3,26.0,0.4759,5.944936963119843
48217,Hill County,Texas,16703,13669,2919,0.8183559839549781,0.1747590253247919,0.6435969586301862,36664,40.8,78.1,6.15,0.76,22.59,20.3,2.4,5.5,12.1,11.9,2.3,10.1,8.2,63147.0,10.7,86.9,18.5,6.4,0.4421,4.56423984423673
48219,Hockley County,Texas,7987,6616,1323,0.8283460623513209,0.1656441717791411,0.6627018905721798,21455,35.8,63.14,3.58,0.23,49.61,15.21,3.0,12.8,8.0,5.8,2.2,11.9,5.0,54810.0,10.9,79.9,18.3,7.4,0.4371,4.331528518868691
48221,Hood County,Texas,36538,30174,6070,0.8258251683179156,0.1661284142536537,0.659696754064262,64198,46.3,85.95,1.08,0.74,13.35,25.39,3.5,4.7,9.0,7.2,2.6,11.8,8.0,86802.0,6.1,92.3,32.4,3.9,0.4552,4.807521498434998
48223,Hopkins County,Texas,16773,13754,2917,0.8200083467477494,0.1739104513205747,0.6460978954271747,37351,39.6,80.4,7.07,0.9,18.24,18.36,2.8,3.5,10.8,13.5,3.4,12.5,6.4,64725.0,9.4,84.6,20.0,9.4,0.4578,4.572302233692734
48225,Houston County,Texas,9362,7247,2065,0.7740867336039308,0.2205725272377697,0.5535142063661611,22042,44.0,63.06,22.07,0.69,14.05,21.89,3.0,6.7,6.0,8.6,1.1,9.9,7.9,54563.0,8.8,82.7,15.5,3.6,0.4688,4.343250998054363
48227,Howard County,Texas,9640,7817,1759,0.8108921161825726,0.1824688796680497,0.6284232365145229,33127,37.0,69.43,5.62,1.16,46.93,13.07,2.7,13.2,6.1,4.5,2.5,9.9,9.0,71457.0,10.4,81.2,15.3,10.6,0.4434,4.520182107706926
48229,Hudspeth County,Texas,1038,759,275,0.7312138728323699,0.2649325626204239,0.466281310211946,3331,33.2,36.6,0.75,0.0,65.48,11.11,4.4,14.1,4.8,0.0,0.0,5.9,27.8,39336.0,14.0,59.9,12.4,28.6,0.4663,3.522574632691177
48231,Hunt County,Texas,46703,36137,10212,0.7737618568400317,0.2186583302999807,0.555103526540051,104917,37.2,73.2,8.0,1.07,20.56,15.61,3.4,1.3,10.1,13.5,2.2,11.1,5.6,70112.0,9.4,86.3,21.9,7.6,0.4286,5.020845863865772
48233,Hutchinson County,Texas,8241,7273,913,0.8825385268778061,0.1107875257857056,0.7717510010921005,20413,38.1,74.03,2.41,0.67,24.55,17.39,1.4,5.9,9.1,20.6,1.1,11.2,6.0,65470.0,8.3,85.8,16.0,5.1,0.4219,4.309906835568681
48235,Irion County,Texas,868,761,105,0.8767281105990783,0.1209677419354838,0.7557603686635945,1432,50.5,69.34,0.0,0.0,29.89,21.72,0.4,23.9,2.8,4.5,0.3,8.9,8.6,58125.0,7.6,89.2,22.1,3.9,0.4178,3.1559430179718366
48237,Jack County,Texas,4201,3819,363,0.909069269221614,0.0864079980956915,0.8226612711259225,8623,41.3,87.1,3.54,0.6,18.43,17.44,4.9,11.7,9.8,4.5,2.6,9.4,7.0,65693.0,9.3,80.2,15.6,5.2,0.4783,3.9356583861006342
48239,Jackson County,Texas,6329,5386,907,0.8510033180597251,0.143308579554432,0.7076947385052931,15081,42.1,72.54,5.93,2.08,32.81,19.7,3.0,12.3,11.5,14.6,2.3,7.8,10.0,61752.0,11.9,83.0,15.9,6.1,0.4431,4.1784301399477375
48241,Jasper County,Texas,15839,13162,2615,0.8309868047225204,0.1650988067428499,0.6658879979796705,32807,42.5,74.91,15.43,0.48,6.85,20.7,7.8,4.3,10.4,10.3,1.7,11.7,5.3,49919.0,19.7,88.3,12.6,2.3,0.4974,4.515966518620907
48243,Jeff Davis County,Texas,1169,699,450,0.5979469632164243,0.3849443969204448,0.21300256629597947,1740,58.7,72.07,0.63,0.0,31.03,39.08,0.0,12.2,4.8,0.2,0.0,9.3,5.9,32625.0,21.6,86.7,30.4,12.8,0.5449,3.2405492482825995
48245,Jefferson County,Texas,86272,46596,38936,0.5401057121661721,0.451316765578635,0.08878894658753711,253939,37.1,44.1,33.14,3.76,23.53,15.13,3.1,1.1,12.1,11.1,2.6,10.8,5.9,59934.0,15.4,84.9,19.4,12.2,0.4747,5.404729405025344
48247,Jim Hogg County,Texas,1585,725,856,0.4574132492113564,0.5400630914826499,-0.08264984227129346,4797,25.0,55.47,0.48,0.96,78.32,8.44,5.0,26.6,7.2,1.6,1.3,14.6,3.8,42230.0,31.3,78.8,19.0,1.4,0.4486,3.680969718465897
48249,Jim Wells County,Texas,13268,7636,5577,0.5755200482363582,0.4203346397347,0.15518540850165818,38863,35.5,78.44,0.81,0.49,79.41,15.82,3.1,13.1,7.4,3.1,1.5,12.5,5.6,47492.0,18.2,79.2,15.2,4.6,0.4651,4.58953632259307
48251,Johnson County,Texas,80691,60752,19247,0.7528968534285112,0.2385272211275111,0.5143696323010001,188820,37.2,75.95,4.88,1.12,24.58,14.03,2.3,1.7,9.1,11.4,2.8,15.0,6.8,81826.0,8.0,86.9,23.5,6.7,0.4105,5.276047993296864
48253,Jones County,Texas,6946,5988,907,0.8620788943276706,0.1305787503599193,0.7315001439677513,19968,39.0,65.7,10.52,0.46,28.4,15.87,2.0,7.1,11.0,6.0,3.2,12.0,6.9,63472.0,10.6,81.1,11.2,3.4,0.4265,4.30033456800233
48255,Karnes County,Texas,5075,4001,1051,0.7883743842364532,0.2070935960591133,0.58128078817734,14819,37.1,59.0,7.25,1.64,53.06,14.89,2.0,11.7,11.6,5.7,1.1,9.3,3.0,59103.0,15.8,77.2,16.0,7.1,0.5286,4.1708188980336685
48257,Kaufman County,Texas,69366,44063,24726,0.6352247498774616,0.356457053888072,0.2787676959893896,160718,34.2,59.99,16.84,1.69,26.36,10.89,3.3,1.1,9.7,7.4,2.6,11.5,7.4,88606.0,7.7,86.3,25.3,10.8,0.3897,5.206064519345169
48259,Kendall County,Texas,29295,22668,6355,0.773783922171019,0.2169312169312169,0.5568527052398021,46971,43.1,77.76,0.88,1.03,23.66,19.9,2.9,1.9,12.0,5.7,1.5,9.0,3.0,110498.0,3.8,93.6,49.1,7.4,0.4757,4.671829806294785
48263,Kent County,Texas,445,390,50,0.8764044943820225,0.1123595505617977,0.7640449438202248,727,57.6,87.35,0.83,0.0,11.83,33.29,4.1,7.3,4.2,0.0,2.7,6.9,9.7,71420.0,1.1,89.9,26.9,0.3,0.3948,2.8615344108590377
48265,Kerr County,Texas,28156,21615,6315,0.7676871714732206,0.2242861201875266,0.543401051285694,53166,48.6,77.32,1.6,0.94,26.42,28.64,1.6,2.4,10.4,5.7,1.4,12.9,3.6,67927.0,7.6,90.3,31.2,7.0,0.463,4.725633986940562
48267,Kimble County,Texas,2402,2126,261,0.8850957535387177,0.1086594504579517,0.776436303080766,4355,50.3,78.99,2.25,0.0,25.58,31.44,0.6,7.7,9.2,3.7,0.0,17.8,1.6,65703.0,10.8,83.1,25.6,7.0,0.4964,3.638988159343682
48269,King County,Texas,135,129,6,0.9555555555555556,0.0444444444444444,0.9111111111111112,189,49.1,80.95,0.0,0.0,25.93,22.75,0.0,45.7,1.1,0.0,0.0,0.0,2.2,70192.0,16.9,79.9,36.4,13.8,0.4393,2.2764618041732443
48271,Kinney County,Texas,1419,1063,346,0.7491190979563073,0.2438336856941508,0.5052854122621565,3140,50.4,71.94,0.1,0.0,53.44,26.37,0.8,4.5,7.9,11.4,0.0,8.7,17.2,66341.0,1.8,88.7,19.5,12.4,0.4006,3.496929648073215
48273,Kleberg County,Texas,10010,5612,4338,0.5606393606393606,0.4333666333666334,0.1272727272727272,30629,29.3,53.4,3.43,1.3,71.27,13.2,4.5,5.9,7.6,6.6,0.6,16.9,4.3,57612.0,20.2,83.8,23.7,6.4,0.4504,4.486132817845704
48275,Knox County,Texas,1376,1156,214,0.8401162790697675,0.1555232558139535,0.684593023255814,3322,40.5,71.49,3.97,1.75,33.84,18.63,0.7,16.1,9.7,1.9,8.4,10.3,9.2,56304.0,8.0,85.2,15.6,7.7,0.4092,3.5213996281153754
48277,Lamar County,Texas,21236,17044,4079,0.8025993595780749,0.1920794876624599,0.6105198719156151,50421,40.0,77.15,12.4,0.9,9.24,19.33,2.4,4.3,9.4,10.9,1.6,13.3,7.5,61122.0,15.1,88.0,20.6,4.4,0.4728,4.702611454790946
48279,Lamb County,Texas,4151,3398,729,0.8185979282100698,0.175620332450012,0.6429775957600579,12919,36.6,71.27,3.04,0.94,57.63,16.91,1.7,12.9,8.6,6.7,3.6,13.4,9.1,56997.0,11.3,77.4,14.3,11.6,0.4271,4.111228898234156
48281,Lampasas County,Texas,11296,8961,2232,0.7932896600566572,0.1975920679886685,0.5956975920679888,22267,43.9,77.27,4.06,1.24,20.11,20.47,2.5,2.7,11.9,8.6,2.1,11.0,5.1,76919.0,6.9,90.3,21.6,5.8,0.4125,4.3476617091216205
48283,La Salle County,Texas,2360,1417,933,0.6004237288135593,0.3953389830508474,0.2050847457627119,6946,38.8,42.7,3.46,0.09,81.04,21.88,1.0,13.5,5.9,0.0,1.3,13.9,7.2,55469.0,14.5,63.9,8.1,6.1,0.3674,3.8417347789747436
48285,Lavaca County,Texas,10486,9215,1235,0.8787907686439062,0.117776082395575,0.7610146862483311,20479,43.1,75.64,3.99,0.51,19.76,23.52,1.8,8.5,7.1,17.9,2.1,9.3,4.6,61768.0,7.4,87.1,20.9,5.9,0.4381,4.311308746000808
48287,Lee County,Texas,8413,6724,1640,0.7992392725543801,0.1949364079400927,0.6043028646142874,17758,41.4,74.3,10.37,0.07,26.18,20.75,3.1,5.4,16.4,6.5,2.4,7.4,10.1,66000.0,11.2,83.2,18.7,7.6,0.4102,4.2493940516523505
48289,Leon County,Texas,9060,7982,1033,0.8810154525386313,0.1140176600441501,0.7669977924944813,16067,44.3,79.99,7.29,0.2,16.14,23.73,2.0,14.0,10.6,9.8,1.7,11.3,5.5,59975.0,9.9,86.3,17.1,5.5,0.442,4.205934793684682
48291,Liberty County,Texas,31316,25241,5952,0.8060097074977647,0.1900625878145357,0.615947119683229,97993,33.3,62.99,8.07,0.53,36.93,11.94,3.8,3.7,16.3,13.0,2.3,9.9,8.8,64773.0,14.7,78.1,11.2,13.8,0.4394,4.991195053550126
48293,Limestone County,Texas,9069,7081,1921,0.7807917080163194,0.2118204873745727,0.5689712206417467,22185,42.0,61.06,17.17,0.91,23.11,20.68,1.6,5.5,12.1,9.9,1.5,9.1,5.5,58109.0,13.4,85.6,19.1,9.1,0.4348,4.346059433052574
48295,Lipscomb County,Texas,1259,1125,123,0.8935663224781573,0.0976965845909452,0.795869737887212,2964,37.4,70.14,0.4,0.0,36.94,18.93,4.6,18.5,5.5,6.7,2.8,3.9,11.1,71442.0,13.0,83.5,25.4,15.1,0.4578,3.4718781993072905
48297,Live Oak County,Texas,5092,4307,761,0.8458366064414768,0.1494501178318931,0.6963864886095837,11444,38.6,77.04,2.35,0.5,42.07,20.21,2.3,9.2,11.4,4.1,2.0,16.1,6.2,53869.0,16.9,76.9,13.8,7.6,0.4831,4.058577849133225
48299,Llano County,Texas,13622,10902,2613,0.800323006900602,0.191822052562032,0.60850095433857,22011,57.5,87.83,1.05,0.57,12.66,36.95,2.5,4.1,9.7,5.8,1.8,13.6,7.1,65636.0,8.5,91.9,33.1,4.4,0.5321,4.342639773794437
48301,Loving County,Texas,97,86,10,0.8865979381443299,0.1030927835051546,0.7835051546391752,54,68.9,90.74,0.0,9.26,0.0,74.07,0.0,26.7,0.0,0.0,0.0,10.0,50.0,51087.0,0.0,94.2,0.0,9.3,0.6577,1.7323937598229686
48303,Lubbock County,Texas,124972,86547,37148,0.6925311269724418,0.2972505841308453,0.39528054284159647,314633,31.7,66.75,7.37,2.38,35.79,13.08,3.1,2.3,6.9,5.5,2.8,12.5,4.9,63367.0,11.5,88.8,33.3,6.0,0.4835,5.497804271263402
48305,Lynn County,Texas,2567,2175,371,0.8472925594078691,0.1445266848461238,0.7027658745617453,5667,37.2,64.66,1.59,0.48,41.57,15.81,2.6,14.5,9.0,3.9,3.6,7.2,5.6,57411.0,17.1,82.8,24.3,3.8,0.4761,3.753353212641496
48307,McCulloch County,Texas,3513,3033,455,0.8633646456020495,0.1295189296897239,0.7338457159123256,7565,47.1,74.84,0.77,0.46,30.73,23.57,5.9,6.0,12.2,5.2,0.3,6.8,6.3,51919.0,13.1,82.8,19.6,5.3,0.4643,3.8788089323592057
48309,McLennan County,Texas,99490,64606,33863,0.6493717961604182,0.3403658659161724,0.3090059302442458,263608,34.0,63.65,14.07,1.61,26.64,15.09,2.8,0.9,7.6,10.9,2.6,12.0,6.7,63888.0,11.1,88.1,27.8,8.5,0.4756,5.420958586131133
48311,McMullen County,Texas,487,448,37,0.919917864476386,0.0759753593429158,0.8439425051334702,623,32.6,61.64,0.0,0.0,54.41,16.37,0.0,10.7,2.8,4.7,0.0,10.3,7.9,45833.0,12.1,88.4,15.0,3.5,0.471,2.7944880466591697
48313,Madison County,Texas,5489,4498,964,0.8194570960102022,0.1756239752231736,0.6438331207870286,13574,35.8,62.19,15.68,0.83,25.85,15.19,2.9,12.1,8.4,7.0,4.0,15.4,7.0,67128.0,13.9,80.2,14.5,8.6,0.4262,4.132707844855448
48315,Marion County,Texas,4714,3577,1101,0.7588035638523547,0.2335596096733135,0.5252439541790412,9631,50.6,71.45,21.65,0.38,4.53,26.74,4.1,5.9,8.1,9.8,6.7,15.6,8.7,47447.0,12.0,86.6,16.0,2.3,0.4634,3.9836713828601966
48317,Martin County,Texas,2083,1825,247,0.8761401824291887,0.1185789726356217,0.757561209793567,5230,37.2,76.46,1.22,0.0,45.56,10.75,4.1,26.2,5.5,5.7,5.1,7.8,8.9,77083.0,3.3,83.8,17.8,9.8,0.4913,3.718501688867274
48319,Mason County,Texas,2526,2076,434,0.8218527315914489,0.1718131433095803,0.6500395882818686,3951,46.5,84.59,0.08,0.73,20.91,30.57,1.2,14.4,7.9,0.7,0.6,10.8,10.0,68750.0,0.8,84.3,40.1,3.8,0.4724,3.596707029681446
48321,Matagorda County,Texas,13308,9957,3231,0.7481965734896303,0.2427862939585212,0.5054102795311091,36274,37.5,55.94,10.5,1.73,43.22,17.88,4.0,6.4,13.7,12.5,2.4,12.1,8.0,55174.0,17.8,82.7,22.8,9.9,0.466,4.559595448664063
48323,Maverick County,Texas,15743,9285,6373,0.5897859366067458,0.4048148383408499,0.18497109826589592,57770,30.2,34.65,0.23,0.49,94.85,11.9,4.4,8.3,5.7,4.3,2.4,11.9,8.6,51270.0,19.7,67.7,15.3,30.6,0.4549,4.761702367541413
48325,Medina County,Texas,24598,17464,6950,0.7099764208472233,0.2825432962029433,0.42743312464428007,52419,39.6,65.1,2.85,0.6,51.09,17.26,1.8,4.6,9.4,7.1,1.9,12.4,5.9,73462.0,8.1,86.0,22.2,6.1,0.4287,4.719488731631101
48327,Menard County,Texas,1039,861,170,0.8286814244465832,0.163618864292589,0.6650625601539942,1964,58.0,81.16,0.41,0.0,27.95,32.23,7.9,7.0,12.9,0.0,0.0,11.0,7.1,48191.0,11.6,76.8,22.9,4.7,0.487,3.2931414834509307
48329,Midland County,Texas,58800,46944,11351,0.7983673469387755,0.1930442176870748,0.6053231292517007,171496,32.6,59.87,7.25,2.17,44.78,10.64,2.6,19.4,7.4,5.9,2.7,11.8,6.9,93984.0,8.0,86.2,30.9,13.1,0.4737,5.234253994943299
48331,Milam County,Texas,11093,8691,2331,0.7834670512936086,0.2101325160010817,0.5733345352925269,25268,41.6,73.38,9.62,0.18,25.59,21.39,3.0,8.3,13.0,6.5,1.7,11.0,6.0,59076.0,12.2,86.7,19.5,6.0,0.4762,4.40257086822233
48333,Mills County,Texas,2741,2418,310,0.8821597956950018,0.1130974097044874,0.7690623859905144,4499,52.2,81.08,0.6,0.29,18.92,28.85,2.1,7.5,15.1,6.7,2.1,8.8,4.8,64494.0,6.6,89.5,28.1,3.8,0.4376,3.653115993165567
48335,Mitchell County,Texas,2513,2144,352,0.8531635495423796,0.1400716275368086,0.713091922005571,8989,36.9,64.29,5.91,1.51,38.73,14.68,2.4,12.2,12.3,4.6,0.8,20.1,7.5,56033.0,4.4,83.3,13.9,3.4,0.478,3.9537113804275554
48337,Montague County,Texas,11097,9825,1208,0.8853744255204109,0.1088582499774713,0.7765161755429396,20599,44.0,91.31,0.05,0.23,11.96,21.79,2.7,11.0,8.4,8.1,2.9,10.4,7.6,62818.0,9.2,86.9,17.8,3.3,0.4198,4.313846137601028
48339,Montgomery County,Texas,307134,221964,82277,0.722694328859716,0.2678863297453229,0.45480799911439307,654722,37.2,71.34,5.97,3.31,27.12,13.52,3.0,4.2,9.1,9.0,3.3,10.9,7.5,97266.0,7.1,90.2,37.9,14.7,0.4646,5.816056934351162
48341,Moore County,Texas,5359,4458,860,0.8318716178391491,0.1604777010636312,0.6713939167755179,21234,30.6,61.29,4.7,2.35,60.01,11.22,1.4,9.3,6.5,29.4,0.8,11.0,6.0,61325.0,15.0,70.2,12.0,27.7,0.4128,4.327031813021159
48343,Morris County,Texas,5433,4092,1312,0.7531750414135836,0.2414872078041597,0.5116878336094239,12014,42.4,65.37,18.55,1.01,10.72,21.74,4.0,3.2,5.2,15.5,1.5,12.8,6.7,55082.0,13.4,87.1,15.5,6.1,0.3974,4.079687627611336
48345,Motley County,Texas,650,612,35,0.9415384615384615,0.0538461538461538,0.8876923076923078,1267,51.4,84.85,2.6,0.0,8.05,31.02,0.6,14.6,13.2,9.2,1.1,14.5,5.5,62857.0,10.2,85.7,22.0,1.4,0.4018,3.1027766148834415
48347,Nacogdoches County,Texas,25470,17575,7690,0.6900274833137024,0.3019238319591676,0.38810365135453484,64897,31.8,65.83,17.47,0.87,21.3,15.44,4.3,3.3,7.0,11.7,2.3,13.8,3.4,51528.0,17.3,85.2,26.5,8.2,0.5043,4.812224621090669
48349,Navarro County,Texas,19829,14983,4708,0.7556104695143476,0.2374300267285289,0.5181804427858188,53735,37.4,61.24,10.94,0.8,31.26,16.66,2.3,3.0,10.4,16.6,2.2,13.3,5.2,59310.0,12.1,79.4,17.1,12.9,0.4516,4.730257253213017
48351,Newton County,Texas,5749,4781,952,0.8316228909375544,0.1655940163506696,0.6660288745868848,12193,45.8,75.35,17.92,0.69,3.4,22.92,5.4,4.5,13.4,12.9,1.2,10.5,6.3,41044.0,16.2,84.4,6.2,1.5,0.4745,4.08611057380132
48353,Nolan County,Texas,5114,4048,1020,0.79155260070395,0.1994524833789597,0.5921001173249902,14565,36.5,68.95,4.24,0.1,37.05,20.08,3.4,4.9,8.1,12.8,1.1,12.9,9.2,50160.0,11.8,83.5,13.7,4.1,0.4826,4.1633104889636865
48355,Nueces County,Texas,121614,67201,53248,0.5525761836630652,0.4378443271333892,0.11473185652967594,352829,36.8,54.78,4.0,2.36,62.11,15.61,3.4,1.9,9.9,6.5,1.9,12.7,5.2,66021.0,13.3,85.3,23.7,8.4,0.463,5.547564273802103
48357,Ochiltree County,Texas,3008,2723,269,0.905252659574468,0.0894281914893617,0.8158244680851063,9852,33.3,69.04,0.0,0.27,55.66,11.37,0.8,26.4,9.0,2.7,4.3,8.6,5.7,64988.0,11.2,80.9,19.0,30.3,0.419,3.993524403167066
48359,Oldham County,Texas,974,895,74,0.9188911704312116,0.0759753593429158,0.8429158110882958,2097,32.5,81.83,7.39,0.14,24.46,12.21,0.4,11.6,6.5,11.3,0.8,5.9,8.2,76402.0,13.3,87.8,25.3,6.8,0.4216,3.3215984304653436
48361,Orange County,Texas,36328,30191,5945,0.8310669456066946,0.163647874917419,0.6674190706892755,84993,37.9,80.77,8.64,0.78,9.13,15.91,3.9,1.3,12.1,18.0,1.2,10.9,5.8,73372.0,9.6,91.0,17.8,3.3,0.4475,4.929383158813597
48363,Palo Pinto County,Texas,13333,11093,2143,0.8319957998949974,0.1607290182254556,0.6712667816695418,28920,41.1,82.24,2.55,1.02,20.21,19.98,4.4,6.7,12.7,11.2,2.0,11.1,5.8,64972.0,12.3,86.1,18.7,5.5,0.451,4.4611982886224935
48365,Panola County,Texas,11437,9500,1905,0.830637404913876,0.1665646585643088,0.6640727463495673,22624,40.5,74.23,11.44,0.4,10.02,20.43,1.4,10.7,7.3,10.1,1.9,10.2,8.8,62593.0,8.6,85.0,17.9,4.3,0.4808,4.354569392116805
48367,Parker County,Texas,90802,75168,14872,0.8278231757009757,0.1637849386577388,0.664038237043237,158079,39.3,84.91,1.42,0.78,14.09,15.85,2.5,2.7,9.3,11.3,2.4,12.7,7.0,102099.0,6.0,90.5,31.6,5.2,0.4297,5.198874179926653
48369,Parmer County,Texas,2504,2123,368,0.8478434504792333,0.1469648562300319,0.7008785942492014,9752,36.2,67.02,0.36,0.19,66.1,15.0,1.6,14.8,8.0,20.2,1.0,7.1,6.3,68164.0,7.9,72.7,16.7,23.6,0.3865,3.9890936926103255
48371,Pecos County,Texas,4233,3042,1144,0.7186392629340893,0.2702575005905976,0.4483817623434917,14983,37.3,58.51,4.32,2.21,71.19,13.3,0.6,15.4,7.6,3.0,1.2,13.0,6.4,67689.0,19.6,79.1,13.4,13.5,0.4908,4.175598779518376
48373,Polk County,Texas,24285,19216,4910,0.7912703314803377,0.2021824171299155,0.5890879143504222,51780,43.9,77.1,7.87,0.61,15.06,18.92,4.3,3.6,13.7,8.9,2.2,11.5,7.6,59066.0,15.5,81.8,13.4,4.6,0.4315,4.714162046098854
48375,Potter County,Texas,32091,23007,8748,0.7169299803683276,0.2725997943348602,0.44433018603346736,116634,35.1,61.87,10.55,5.1,38.77,13.92,2.3,1.3,11.0,13.6,3.0,10.8,6.9,50448.0,16.0,77.4,17.3,14.5,0.4784,5.066825170148158
48377,Presidio County,Texas,1994,686,1289,0.3440320962888666,0.6464393179538616,-0.30240722166499495,6043,42.0,36.92,1.08,0.02,76.49,21.66,6.5,10.7,14.0,1.8,0.0,10.3,2.3,29014.0,33.9,66.1,20.2,28.0,0.5527,3.7812525942484565
48379,Rains County,Texas,6554,5649,869,0.8619163869392737,0.1325907842538907,0.729325602685383,12505,46.2,87.19,2.85,0.77,9.82,24.23,1.3,4.5,8.3,10.0,5.3,8.4,6.5,64874.0,11.2,89.8,25.2,2.7,0.4781,4.097083696066521
48381,Randall County,Texas,66854,53314,12935,0.7974691117958537,0.1934813174978311,0.6039877942980225,143791,36.8,77.84,3.64,1.94,23.73,15.65,1.9,1.9,7.1,8.0,2.9,12.0,7.8,80905.0,7.2,93.6,32.1,5.2,0.4466,5.15773170403951
48383,Reagan County,Texas,949,800,141,0.8429926238145417,0.1485774499473129,0.6944151738672287,3259,29.4,38.14,5.43,1.96,67.08,9.3,5.4,28.2,5.5,3.2,1.6,11.8,4.1,70288.0,5.8,89.0,17.0,10.6,0.3846,3.513084360465144
48385,Real County,Texas,1958,1625,315,0.8299284984678243,0.1608784473953013,0.669050051072523,2821,56.5,94.58,1.38,0.0,23.54,35.94,2.3,2.6,7.6,0.0,0.9,11.0,6.5,45417.0,11.7,86.9,19.1,3.2,0.5034,3.450403086155366
48387,Red River County,Texas,5796,4682,1103,0.8077984817115252,0.190303657694962,0.6174948240165632,11621,49.1,77.08,16.38,0.41,7.11,25.56,1.0,4.1,9.1,14.7,1.5,7.5,6.6,46912.0,18.4,87.1,15.6,2.8,0.4709,4.065243501186464
48389,Reeves County,Texas,3439,2340,1070,0.6804303576621111,0.3111369584181448,0.3692933992439663,13219,34.4,41.66,1.52,0.38,84.77,12.27,2.3,12.8,14.0,5.1,1.7,12.8,9.6,56056.0,16.4,71.3,6.9,19.1,0.428,4.12119860258469
48391,Refugio County,Texas,3072,2134,919,0.6946614583333334,0.2991536458333333,0.39550781250000006,6693,43.9,61.9,7.37,0.22,50.11,22.49,3.0,15.9,9.2,3.8,1.9,12.2,6.2,58016.0,15.8,82.6,13.8,2.3,0.4286,3.8256208250035
48393,Roberts County,Texas,570,547,20,0.9596491228070176,0.0350877192982456,0.924561403508772,785,39.4,95.16,0.25,0.0,10.57,16.82,0.4,16.2,2.2,9.0,1.4,24.7,7.7,66118.0,3.6,97.5,22.0,0.0,0.3827,2.8948696567452523
48395,Robertson County,Texas,8154,6177,1926,0.7575423105224429,0.2362030905077262,0.5213392200147167,16973,40.9,63.45,20.49,0.32,21.87,20.2,4.5,7.5,7.9,5.2,4.9,8.6,9.4,66250.0,11.7,84.8,19.1,5.7,0.4383,4.229758611221373
48397,Rockwall County,Texas,62251,43542,18092,0.6994586432346468,0.2906298693996884,0.4088287738349584,116931,37.6,71.16,8.51,3.46,20.17,12.46,2.8,0.4,7.7,8.7,2.4,10.9,6.6,124917.0,3.5,94.2,44.0,8.7,0.4138,5.067929663806424
48399,Runnels County,Texas,4056,3580,452,0.8826429980276134,0.1114398422090729,0.7712031558185405,9880,41.8,69.66,3.0,0.0,34.43,20.92,2.6,14.4,8.9,12.6,0.8,8.4,6.5,63490.0,9.2,86.2,19.1,4.2,0.4146,3.9947569445876283
48401,Rusk County,Texas,21702,17234,4337,0.7941203575707309,0.1998433324117592,0.5942770251589716,52613,38.8,67.58,13.15,0.36,18.7,17.12,2.0,6.8,7.4,11.5,3.9,11.0,6.9,67506.0,10.3,84.9,17.9,6.4,0.4821,4.721093066030189
48403,Sabine County,Texas,5581,4972,590,0.8908797706504211,0.1057158215373589,0.7851639491130622,9998,54.3,86.61,4.59,2.03,4.17,29.78,3.1,7.6,8.4,8.5,1.6,12.5,4.4,59924.0,9.4,87.3,17.8,0.9,0.5022,3.9999131324165713
48405,San Augustine County,Texas,3747,2917,809,0.7784894582332532,0.2159060581798772,0.562583400053376,7889,48.8,70.66,22.13,0.0,8.15,27.08,4.2,7.1,6.8,9.6,2.3,13.4,9.5,46338.0,17.4,81.7,11.5,4.9,0.4976,3.8970219560603634
48407,San Jacinto County,Texas,12789,10524,2175,0.8228946751114239,0.1700680272108843,0.6528266479005396,27983,45.0,73.22,8.45,0.19,18.33,21.13,3.6,2.5,16.9,8.6,2.1,7.2,12.0,59526.0,14.5,84.4,15.8,9.1,0.4591,4.446894272471873
48409,San Patricio County,Texas,25572,17337,8025,0.6779680900985453,0.3138198029094322,0.36414828718911313,69519,37.1,64.28,1.61,0.98,56.12,15.37,2.5,6.1,12.8,9.7,2.7,9.7,6.1,67512.0,12.1,83.9,17.2,5.7,0.4601,4.842103516351924
48411,San Saba County,Texas,2703,2412,276,0.8923418423973363,0.102108768035516,0.7902330743618202,5802,40.1,77.61,2.43,0.21,30.21,22.46,1.5,15.5,10.4,9.3,4.0,9.9,6.1,54855.0,11.6,84.5,21.7,9.2,0.434,3.7635777244666455
48413,Schleicher County,Texas,1108,906,192,0.8176895306859205,0.1732851985559566,0.644404332129964,2426,39.8,59.4,0.74,0.0,52.84,21.35,3.0,26.3,12.7,2.6,0.9,6.5,9.6,90141.0,8.6,81.0,24.2,10.1,0.3749,3.3848907965305544
48415,Scurry County,Texas,5720,4945,734,0.8645104895104895,0.1283216783216783,0.7361888111888112,16633,36.4,68.9,2.68,0.63,42.62,15.39,1.1,18.4,7.9,7.7,2.4,8.2,8.0,62689.0,7.7,85.2,17.9,4.7,0.4162,4.220970587520289
48417,Shackelford County,Texas,1727,1565,146,0.9061957151129124,0.0845396641574985,0.8216560509554139,3169,43.9,86.81,1.17,0.19,12.65,20.23,4.0,22.1,8.6,3.5,3.9,8.2,7.9,64659.0,8.2,92.4,34.6,1.0,0.4271,3.5009222391903005
48419,Shelby County,Texas,9948,8164,1741,0.8206674708484117,0.1750100522718134,0.6456574185765983,24108,40.0,67.06,15.56,0.15,19.64,17.74,2.3,9.9,7.6,14.2,0.8,12.1,6.4,50436.0,19.3,82.5,13.7,7.4,0.4781,4.382161182795874
48421,Sherman County,Texas,872,817,48,0.9369266055045872,0.055045871559633,0.8818807339449541,2434,36.5,68.49,0.16,1.15,47.21,16.39,1.9,30.6,7.4,10.2,3.2,6.6,8.3,74167.0,6.8,78.0,25.6,21.4,0.615,3.386320573894046
48423,Smith County,Texas,103815,74862,28041,0.7211096662332033,0.2701054760872706,0.4510041901459327,238014,37.4,69.04,16.66,1.65,20.59,17.15,2.5,3.1,7.5,8.9,2.8,12.2,5.6,71923.0,8.0,88.0,27.7,8.6,0.4533,5.376602503039397
48425,Somervell County,Texas,5285,4493,751,0.8501419110690633,0.1421002838221381,0.7080416272469252,9510,44.0,83.48,1.92,0.0,18.08,19.57,2.5,6.1,11.2,9.9,0.9,7.5,14.2,83382.0,3.2,91.3,25.0,8.7,0.4015,3.978180516937414
48427,Starr County,Texas,16419,9487,6862,0.5778062001339911,0.4179304464340094,0.1598757536999817,65809,29.1,44.24,0.33,0.03,97.31,11.22,6.2,4.4,12.9,4.2,0.8,9.2,5.5,38182.0,29.9,60.1,13.3,27.5,0.5294,4.818285291532688
48429,Stephens County,Texas,3761,3368,384,0.8955065142249402,0.1021005051847912,0.793406009040149,9278,41.6,79.34,3.21,0.98,24.88,19.73,3.2,14.5,13.6,13.5,0.8,4.1,6.8,54695.0,10.8,83.3,18.2,7.8,0.4587,3.9674543681827408
48431,Sterling County,Texas,629,583,43,0.9268680445151032,0.068362480127186,0.8585055643879171,1389,31.4,81.71,0.14,0.14,32.18,13.25,1.4,27.6,6.0,1.6,2.0,3.7,6.9,78750.0,1.2,87.9,24.5,9.5,0.396,3.1427022457376155
48433,Stonewall County,Texas,716,604,110,0.8435754189944135,0.1536312849162011,0.6899441340782124,1244,46.5,92.2,0.56,0.0,22.75,25.64,1.7,29.9,11.3,2.9,1.5,15.4,9.0,61250.0,3.4,84.5,14.1,1.8,0.6149,3.0948203803548
48435,Sutton County,Texas,1400,1167,228,0.8335714285714285,0.1628571428571428,0.6707142857142857,3306,34.9,49.24,0.12,0.0,65.4,15.94,3.0,20.9,12.2,1.6,2.4,12.3,4.9,75000.0,13.5,80.7,15.5,11.5,0.3565,3.519302849235429
48437,Swisher County,Texas,2265,1840,403,0.8123620309050773,0.177924944812362,0.6344370860927153,6981,36.5,69.14,8.04,0.99,45.75,17.59,2.2,12.2,3.4,6.1,1.1,6.1,5.4,39031.0,24.2,80.3,20.1,9.6,0.4843,3.8439176380063924
48439,Tarrant County,Texas,822680,426626,384501,0.5185807361306948,0.4673761365293917,0.05120459960130308,2135743,35.1,52.1,17.54,5.89,29.85,12.01,3.2,0.8,7.9,10.3,2.8,11.5,9.3,81905.0,8.0,87.1,34.5,16.6,0.4591,6.329548991616362
48441,Taylor County,Texas,55386,41198,13624,0.7438341819232297,0.2459827393204058,0.4978514426028239,144259,33.0,70.46,8.02,2.26,24.75,14.76,1.4,1.8,6.6,6.0,1.7,13.1,5.9,66406.0,9.5,90.6,29.0,6.9,0.4463,5.159142917345333
48443,Terrell County,Texas,405,314,91,0.7753086419753087,0.2246913580246913,0.5506172839506174,851,60.9,83.43,0.0,0.0,42.77,37.13,0.0,19.3,12.4,1.8,0.0,3.6,4.8,46989.0,2.5,94.0,32.3,2.0,0.4125,2.929929560084588
48445,Terry County,Texas,3419,2815,587,0.8233401579409184,0.1716876279613922,0.6516525299795262,11699,35.7,56.93,4.44,0.19,56.19,15.1,2.2,21.8,9.5,6.3,3.4,10.3,3.9,45905.0,19.9,77.7,11.0,8.8,0.432,4.068148740973294
48447,Throckmorton County,Texas,900,823,73,0.9144444444444444,0.0811111111111111,0.8333333333333333,1589,42.7,93.2,0.0,0.5,7.8,24.54,1.5,13.2,6.8,8.0,0.0,20.3,3.1,58864.0,8.8,92.7,25.0,3.0,0.4465,3.2011238972073794
48449,Titus County,Texas,10208,7861,2275,0.7700822884012539,0.2228644200626959,0.547217868338558,31284,34.7,56.73,9.52,1.21,44.39,14.7,2.2,2.2,9.1,23.4,2.6,8.9,4.6,59220.0,13.6,77.1,15.4,18.7,0.448,4.495322277215954
48451,Tom Green County,Texas,45438,33399,11585,0.7350455565825961,0.254962806461552,0.48008275012104407,119398,35.8,68.98,3.76,1.35,40.1,16.53,1.9,4.9,8.8,5.2,1.6,11.4,5.0,66254.0,7.9,87.2,25.1,6.0,0.4531,5.076997052117986
48453,Travis County,Texas,580285,170787,398981,0.2943157241700199,0.6875604228956461,-0.39324469872562623,1307625,35.5,59.79,8.16,7.57,32.51,10.7,3.2,0.5,6.3,7.7,1.8,9.3,4.1,97169.0,7.4,91.5,55.5,17.3,0.4812,6.116483215103695
48455,Trinity County,Texas,7374,6136,1195,0.8321128288581503,0.1620558719826417,0.6700569568755086,13850,49.8,80.04,9.08,0.09,10.69,27.12,3.4,5.9,11.7,6.7,3.2,8.9,8.3,51663.0,11.6,89.0,15.9,3.2,0.482,4.141449773400467
48457,Tyler County,Texas,9577,8286,1249,0.8651978698966274,0.1304166231596533,0.7347812467369741,20084,42.5,80.58,10.61,0.56,8.04,22.15,3.9,8.8,12.4,6.1,5.1,11.5,7.8,50647.0,13.0,83.1,12.0,3.0,0.5681,4.302850212702309
48459,Upshur County,Texas,19882,16939,2820,0.8519766623076149,0.1418368373403078,0.7101398249673071,41864,40.3,81.36,7.15,0.43,10.08,18.26,2.5,5.4,10.2,9.1,2.2,11.9,8.0,62794.0,11.2,86.8,17.5,3.5,0.4673,4.621840721731608
48461,Upton County,Texas,1303,1149,146,0.8818112049117421,0.1120491174213353,0.7697620874904069,3227,41.1,43.29,0.93,1.64,56.15,18.56,2.2,28.7,10.1,0.5,0.5,10.9,14.6,52321.0,10.3,81.5,8.8,7.6,0.4426,3.508798965403905
48463,Uvalde County,Texas,9769,6482,3218,0.6635274849012182,0.3294093561265226,0.33411812877469554,24810,34.6,67.2,1.43,1.74,70.73,16.41,1.8,8.1,8.7,6.9,2.6,10.9,2.7,57849.0,19.9,78.3,20.2,10.1,0.4924,4.394626764272209
48465,Val Verde County,Texas,14578,9162,5282,0.628481273151324,0.362326793798875,0.26615447935244896,47647,32.3,62.18,1.41,0.63,80.97,13.95,2.7,4.5,6.4,6.4,1.5,7.3,9.6,59673.0,14.2,75.1,21.3,19.0,0.4502,4.678035561334018
48467,Van Zandt County,Texas,27935,24351,3450,0.8717021657419008,0.1235009844281367,0.7482011813137641,61323,42.1,88.32,2.72,0.46,12.78,20.19,2.2,5.4,9.5,11.9,3.1,10.9,5.8,68274.0,8.4,87.3,18.2,4.0,0.456,4.787623392946458
48469,Victoria County,Texas,35239,25010,9998,0.709725020573796,0.2837197423309401,0.42600527824285594,91281,36.6,61.59,5.74,1.22,47.58,16.68,2.7,4.1,8.2,12.6,2.1,12.8,5.0,70101.0,11.9,85.1,19.7,7.0,0.436,4.960380389211462
48471,Walker County,Texas,25170,17515,7461,0.6958680969408025,0.2964243146603099,0.39944378228049265,78292,37.1,61.9,20.34,1.12,21.63,13.75,3.6,2.2,8.3,7.5,1.8,11.2,6.8,49862.0,9.2,84.8,21.4,7.9,0.4693,4.893717387430143
48473,Waller County,Texas,27545,17077,10183,0.6199673261935016,0.3696859684153203,0.2502813577781813,59455,30.8,46.64,23.62,1.68,32.95,11.42,3.8,3.8,11.0,13.3,2.5,15.3,4.7,76135.0,8.2,83.9,26.6,12.1,0.4522,4.774188383447554
48475,Ward County,Texas,3764,3115,627,0.827577045696068,0.1665781083953241,0.6609989373007439,11255,34.9,64.53,6.34,1.58,55.42,13.82,2.6,14.6,6.5,9.5,1.7,8.5,7.7,71719.0,13.1,81.0,10.7,7.8,0.4657,4.051345499336539
48477,Washington County,Texas,18208,14020,4058,0.7699912126537786,0.2228690685413005,0.5471221441124781,36156,40.9,69.01,15.17,1.36,18.14,22.27,1.5,3.6,8.7,10.5,2.1,10.8,5.1,75085.0,8.3,90.4,31.0,6.6,0.4916,4.558180377720982
48479,Webb County,Texas,65845,33384,31952,0.5070088845014807,0.4852608398511656,0.021748044650315157,267731,29.8,37.72,0.45,0.46,95.1,10.04,3.4,3.2,6.3,3.0,3.0,12.7,15.8,62506.0,18.4,69.8,20.9,25.3,0.4565,5.427698660127819
48481,Wharton County,Texas,16452,12439,3910,0.7560782883539995,0.2376610746413809,0.5184172137126186,41651,38.4,63.4,13.3,0.47,41.52,17.88,4.2,8.5,8.1,11.0,2.6,9.4,9.2,66100.0,9.4,83.9,19.2,8.4,0.4845,4.619625432856092
48483,Wheeler County,Texas,2272,2093,169,0.9212147887323944,0.0743838028169014,0.846830985915493,4902,40.6,81.95,1.65,1.59,24.97,20.6,2.1,21.5,5.2,2.8,1.9,6.3,11.6,67964.0,14.7,87.6,19.5,8.7,0.3964,3.690373306916059
48485,Wichita County,Texas,44497,31818,12237,0.7150594422095872,0.2750073038631818,0.4400521383464054,129842,35.0,73.88,10.34,2.25,20.34,15.08,2.0,2.4,5.9,8.4,2.4,13.7,6.2,62168.0,11.0,88.0,24.8,6.3,0.4607,5.1134151964536825
48487,Wilbarger County,Texas,4463,3566,860,0.7990141160654268,0.1926954963029352,0.6063186197624917,12712,39.5,66.66,6.19,2.87,29.88,18.91,5.8,6.1,3.5,12.1,3.1,7.3,5.7,51626.0,16.8,81.3,17.4,5.5,0.4419,4.104213884199323
48489,Willacy County,Texas,5563,2856,2673,0.5133920546467733,0.4804961351788603,0.03289591946791298,20218,33.7,56.81,1.45,0.0,87.16,14.62,4.1,6.2,6.9,9.2,0.3,11.3,6.6,45645.0,18.7,67.7,12.2,12.5,0.4706,4.3057381922083175
48491,Williamson County,Texas,308163,155310,147766,0.5039865266109169,0.4795059757336214,0.024480550877295504,643889,37.2,63.81,6.9,8.96,24.54,12.78,2.8,0.5,6.4,8.9,2.1,12.2,4.4,108309.0,4.4,94.2,47.4,14.9,0.4111,5.808811005803248
48493,Wilson County,Texas,27270,20894,6247,0.7661899523285662,0.2290795746241291,0.5371103777044371,51501,40.1,72.15,1.77,0.52,39.52,16.68,2.3,4.3,10.3,7.5,2.7,11.5,7.4,92461.0,6.0,89.6,26.3,4.6,0.4343,4.7118156618618805
48495,Winkler County,Texas,1932,1646,283,0.8519668737060041,0.1464803312629399,0.7054865424430642,7540,35.3,58.21,4.28,0.86,61.8,13.42,1.2,19.8,11.1,5.6,0.6,8.3,17.8,91898.0,7.6,73.8,10.0,15.1,0.3517,3.877371345869774
48497,Wise County,Texas,38230,32385,5605,0.8471095997907403,0.1466126078995553,0.700496991891185,72359,40.0,84.44,1.51,0.7,20.56,15.41,3.2,6.5,7.6,8.9,2.4,11.5,9.1,89897.0,6.3,86.6,20.6,7.5,0.4104,4.859492556287792
48499,Wood County,Texas,24381,20621,3618,0.8457815512079078,0.1483942414174972,0.6973873097904105,46094,48.4,84.18,4.03,0.55,11.18,27.05,2.8,6.0,10.2,8.8,1.6,11.1,8.9,62524.0,9.2,86.7,22.3,3.9,0.4738,4.663644397483383
48501,Yoakum County,Texas,2393,2039,342,0.8520685332218972,0.1429168407856247,0.7091516924362725,7589,33.0,58.84,0.14,0.87,65.23,11.45,2.1,31.9,9.9,3.2,1.8,10.6,6.5,82261.0,7.7,75.7,14.2,22.7,0.4017,3.8801845528264334
48503,Young County,Texas,8309,7298,962,0.8783247081477915,0.1157780719701528,0.7625466361776387,17963,40.7,83.18,1.73,0.27,20.16,20.97,1.8,14.0,8.1,13.8,0.6,8.4,6.0,63723.0,13.7,89.4,23.6,6.4,0.4455,4.254378869894893
48505,Zapata County,Texas,4871,2970,1877,0.6097310613836995,0.3853418189283514,0.22438924245534808,13855,31.5,39.54,0.27,0.79,93.93,13.53,4.2,9.1,10.1,7.4,0.3,8.6,7.3,36527.0,32.7,64.1,13.3,22.9,0.5193,4.141606530118251
48507,Zavala County,Texas,3492,1482,1984,0.4243986254295532,0.56815578465063,-0.1437571592210768,9532,32.5,36.39,0.83,0.82,92.65,15.41,4.0,8.6,15.9,2.4,0.6,13.9,7.1,41887.0,30.8,73.4,9.6,6.0,0.4297,3.9791840336744184
49001,Beaver County,Utah,3212,2781,394,0.8658156911581569,0.12266500622665,0.7431506849315069,7172,34.4,90.81,0.15,0.0,14.74,14.72,1.4,7.2,12.3,10.9,1.9,7.7,12.5,85603.0,5.7,93.4,22.7,6.6,0.3437,3.855640280890145
49003,Box Elder County,Utah,28909,22853,5274,0.7905150645127815,0.1824345359576602,0.6080805285551213,59725,32.9,89.33,0.36,0.9,9.93,12.84,2.1,3.9,9.7,21.2,1.7,10.1,5.4,77865.0,6.2,92.6,26.7,3.2,0.3973,4.776156158421916
49005,Cache County,Utah,60229,39457,18718,0.6551163060983911,0.3107805210114728,0.3443357850869183,137031,25.9,85.35,0.82,1.88,11.53,9.89,1.7,1.9,5.7,18.1,1.5,12.0,3.4,78292.0,7.9,94.0,40.4,6.5,0.4316,5.136818827053983
49007,Carbon County,Utah,9445,6719,2525,0.7113816834303864,0.2673372154579142,0.4440444679724722,20446,38.8,89.12,0.76,0.31,13.21,18.8,3.1,6.7,7.1,7.5,2.4,11.7,9.2,53673.0,12.0,91.8,18.4,2.2,0.4393,4.310608356458523
49009,Daggett County,Utah,550,443,101,0.8054545454545454,0.1836363636363636,0.6218181818181818,747,45.0,92.64,0.0,0.0,2.95,18.07,4.9,11.0,11.0,3.6,0.0,13.3,5.5,58750.0,4.7,91.4,11.6,0.9,0.4086,2.873320601815399
49011,Davis County,Utah,166492,101293,59895,0.6083955985873195,0.3597470148715854,0.24864858371573412,366742,32.3,85.5,1.21,1.94,11.26,10.74,1.8,0.7,7.0,10.4,2.0,11.9,5.7,108058.0,4.8,96.0,38.7,5.3,0.3909,5.564360649049065
49013,Duchesne County,Utah,8967,7815,1009,0.8715289394446303,0.1125236980037916,0.7590052414408387,19932,33.8,88.18,0.08,0.52,7.1,12.76,2.3,14.6,10.0,5.0,2.2,11.0,10.4,74738.0,10.6,90.6,17.0,3.2,0.4246,4.299550878499019
49015,Emery County,Utah,5011,4341,603,0.8662941528636998,0.1203352624226701,0.7459588904410297,9968,39.1,94.14,0.04,0.0,7.32,17.97,2.0,11.3,10.8,3.7,2.1,10.4,10.3,69956.0,6.8,93.2,17.2,1.9,0.3824,3.9986080293150943
49017,Garfield County,Utah,2811,2211,541,0.7865528281750267,0.1924581999288509,0.5940946282461758,5170,41.0,94.7,0.14,0.0,6.98,22.69,3.0,6.4,5.6,4.5,0.1,8.2,3.2,61688.0,6.6,95.1,32.0,3.0,0.4577,3.7134905430939424
49019,Grand County,Utah,5300,2327,2828,0.4390566037735849,0.5335849056603773,-0.0945283018867924,9697,39.6,84.11,0.02,1.1,12.5,20.21,2.0,3.1,7.6,5.1,0.7,17.0,4.7,62521.0,8.9,94.3,34.7,7.3,0.4801,3.986637395610154
49021,Iron County,Utah,27876,21571,5683,0.773819773281676,0.203867125843019,0.5699526474386569,60201,29.9,87.83,0.63,1.04,10.08,13.39,2.2,3.2,10.1,9.2,1.5,11.9,4.1,65527.0,7.6,93.2,30.3,3.8,0.429,4.779603705391958
49023,Juab County,Utah,6518,5671,734,0.8700521632402578,0.1126112304387849,0.7574409328014728,12273,30.5,93.84,0.73,0.0,5.22,12.56,1.5,5.6,10.6,15.3,0.5,9.9,5.2,89803.0,6.9,92.5,20.2,2.1,0.3742,4.088950734218036
49025,Kane County,Utah,4486,3277,1137,0.7304948729380294,0.2534551939366919,0.4770396790013375,7996,43.7,90.78,0.23,0.14,4.8,24.02,2.6,3.3,4.2,3.3,0.9,8.5,8.4,75000.0,6.4,94.7,32.1,1.7,0.4395,3.902872785446079
49027,Millard County,Utah,6385,5558,713,0.8704776820673453,0.1116679718089271,0.7588097102584183,13179,33.4,86.08,0.36,1.71,13.32,17.1,4.1,13.0,6.2,8.5,1.1,13.9,11.3,70877.0,8.1,91.3,23.1,6.8,0.36,4.119882457984983
49029,Morgan County,Utah,6757,5300,1256,0.7843717626165458,0.1858813082729021,0.5984904543436438,12585,32.5,94.33,0.16,0.26,2.88,12.08,1.4,3.0,9.7,8.2,2.5,9.4,5.8,126092.0,1.9,97.6,38.8,2.2,0.3649,4.099853219884381
49031,Piute County,Utah,963,854,94,0.8868120456905504,0.0976116303219107,0.7892004153686397,1705,47.1,95.78,0.12,0.0,4.4,28.39,3.3,7.8,20.3,7.2,3.0,9.1,2.7,44650.0,7.2,85.6,19.0,1.8,0.4586,3.2317243833285163
49033,Rich County,Utah,1447,1211,214,0.8369039391845197,0.1478921907394609,0.6890117484450587,2588,37.2,89.53,0.0,0.04,6.96,21.17,1.6,17.9,12.4,4.7,1.7,8.3,3.3,76875.0,7.0,95.5,24.5,3.7,0.3736,3.4129642719966626
49035,Salt Lake County,Utah,509492,221555,273658,0.4348547180328641,0.5371193267018913,-0.10226460866902726,1184689,33.8,72.78,1.8,4.13,19.98,11.58,2.6,0.7,7.6,9.7,2.4,11.3,6.3,94658.0,5.3,91.7,38.6,13.0,0.4297,6.073604355991042
49037,San Juan County,Utah,6328,3613,2581,0.5709544879898862,0.4078697850821745,0.16308470290771176,14466,34.6,46.65,0.12,0.5,5.56,16.19,6.6,7.4,10.2,5.7,0.5,6.9,3.1,54890.0,14.3,87.7,20.2,1.3,0.4614,4.160348460761098
49039,Sanpete County,Utah,12943,10653,1906,0.8230703855365835,0.147261067758634,0.6758093177779495,29209,33.8,86.67,0.88,0.85,10.47,14.36,2.8,8.8,6.6,10.7,1.4,7.7,3.4,67459.0,9.2,90.7,23.2,5.7,0.4095,4.46551668871213
49041,Sevier County,Utah,10926,9526,1236,0.8718652754896576,0.1131246567819879,0.7587406187076697,21854,36.7,92.91,0.2,0.34,5.21,16.73,2.1,6.9,9.4,5.6,1.3,15.2,8.0,73765.0,8.6,92.7,23.1,1.8,0.3874,4.339530938740656
49043,Summit County,Utah,25876,10783,14612,0.4167181944659143,0.56469315195548,-0.14797495748956568,42709,41.0,86.74,0.44,1.72,11.15,14.66,1.4,1.2,7.7,5.5,2.0,10.0,4.9,137058.0,2.8,95.0,58.1,8.6,0.5026,4.6305194028581935
49045,Tooele County,Utah,33988,23484,9560,0.6909497469695186,0.2812757443803695,0.4096740025891491,76648,32.0,86.16,0.84,0.77,14.25,9.04,2.6,2.2,9.8,11.5,3.8,12.0,8.7,101846.0,2.9,92.7,23.2,3.5,0.3883,4.884500827157832
49047,Uintah County,Utah,15831,13599,1952,0.8590108015918135,0.1233023814035752,0.7357084201882383,36458,33.0,84.07,0.52,0.73,8.42,11.73,3.4,14.8,7.5,4.3,1.8,14.8,8.2,69861.0,7.8,89.3,16.8,2.5,0.4507,4.561792840600149
49049,Utah County,Utah,297944,203476,84937,0.6829337056628091,0.2850770614612142,0.3978566442015949,683622,25.5,83.74,0.67,1.47,13.86,7.78,2.5,0.7,7.7,9.0,2.3,11.7,3.2,96877.0,5.7,95.4,43.8,7.8,0.4143,5.834816030533283
49051,Wasatch County,Utah,18354,11495,6459,0.6262939958592133,0.3519123896698267,0.2743816061893866,35808,36.1,85.05,0.06,1.4,14.37,13.12,1.7,2.7,10.7,5.7,2.0,8.9,4.1,115146.0,3.4,95.6,47.7,8.5,0.4683,4.553980064848256
49053,Washington County,Utah,97243,73165,22327,0.7523934884773197,0.2296000740413191,0.5227934144360006,189827,39.0,85.89,0.51,1.08,11.75,22.09,1.9,0.8,10.0,7.4,2.0,12.2,5.6,76411.0,6.5,94.3,33.3,5.9,0.4513,5.278357984261205
49055,Wayne County,Utah,1651,1238,381,0.7498485766202302,0.2307692307692307,0.5190793458509995,2557,43.1,94.52,0.0,0.0,3.83,23.07,0.5,13.6,24.0,0.5,0.0,9.3,2.8,70074.0,5.6,95.7,25.2,5.1,0.3855,3.4077307280263356
49057,Weber County,Utah,112017,67549,41238,0.6030245409178964,0.3681405500950748,0.23488399082282158,266183,33.5,83.87,1.12,1.47,18.92,12.16,2.1,0.9,8.3,13.6,2.4,11.1,5.3,87083.0,5.1,92.3,28.0,6.3,0.3985,5.4251803154438845
50001,Addison County,Vermont,22396,6841,14879,0.3054563314877657,0.6643597070905519,-0.35890337560278623,37497,44.0,90.77,1.06,2.08,3.16,22.04,2.4,5.6,9.7,11.2,1.0,10.6,3.6,88478.0,4.2,95.1,43.5,4.8,0.4145,4.57399652277935
50003,Bennington County,Vermont,20552,7697,12326,0.3745134293499416,0.5997469832619696,-0.22523355391202804,37312,46.6,92.66,1.02,0.95,2.74,23.76,2.5,1.6,7.2,10.2,1.1,15.6,3.4,71494.0,6.7,94.1,41.2,2.4,0.4968,4.571848528742901
50005,Caledonia County,Vermont,16482,6927,8977,0.4202766654532217,0.544654774905958,-0.12437810945273636,30425,45.6,93.3,0.89,0.3,2.11,22.48,1.6,3.8,9.4,11.8,1.8,13.6,3.9,66075.0,8.2,93.7,31.9,2.4,0.4429,4.483230586902103
50007,Chittenden County,Vermont,96405,20937,72656,0.2171775322856698,0.7536538561277942,-0.5364763238421244,168831,37.0,87.17,2.57,3.88,2.83,16.32,2.6,1.3,5.3,10.3,1.5,10.4,2.9,94310.0,4.0,95.5,55.8,8.0,0.4451,5.227452192839656
50009,Essex County,Vermont,3410,1890,1344,0.5542521994134897,0.3941348973607038,0.1601173020527859,5972,51.4,94.68,0.05,0.99,1.49,26.69,3.1,3.8,10.5,10.3,1.9,11.4,7.4,58985.0,8.7,88.5,21.2,2.9,0.4406,3.776119799052988
50011,Franklin County,Vermont,26552,12490,13280,0.4703977101536607,0.5001506477854776,-0.029752937631816856,50379,40.9,92.6,0.27,0.57,1.93,17.26,1.8,3.9,8.1,14.6,2.0,11.4,3.5,79078.0,7.0,93.0,28.8,2.4,0.4093,4.70224954270175
50013,Grand Isle County,Vermont,4967,1893,2940,0.3811153613851419,0.5919065834507751,-0.21079122206563317,7393,48.7,91.71,0.47,0.38,2.1,22.56,2.2,3.0,9.1,10.7,2.0,9.1,4.7,90625.0,7.0,96.7,43.2,4.1,0.4609,3.8688207061975173
50015,Lamoille County,Vermont,14757,4505,9788,0.3052788507149149,0.6632784441282104,-0.35799959341329546,26036,41.2,92.28,1.14,0.81,2.47,18.16,2.5,1.8,9.9,9.7,1.8,7.8,3.6,69897.0,4.1,93.5,43.8,4.1,0.463,4.415574262869845
50017,Orange County,Vermont,17536,6683,10220,0.3811017335766423,0.5828010948905109,-0.20169936131386862,29594,46.9,93.77,0.37,0.58,1.71,22.82,1.8,5.0,10.4,8.1,1.1,11.7,3.1,77328.0,5.5,94.7,36.5,2.0,0.404,4.471203669470253
50019,Orleans County,Vermont,14655,7233,7006,0.4935516888433982,0.4780620948481747,0.015489593995223483,27492,45.4,94.47,0.84,0.74,1.82,23.32,3.2,4.1,9.4,11.3,0.9,12.0,3.9,66426.0,8.4,91.9,28.6,3.5,0.4254,4.439206335237023
50021,Rutland County,Vermont,33883,15586,17375,0.459994687601452,0.5127940265029661,-0.052799338901514115,60484,47.7,93.85,0.68,0.55,2.11,23.97,2.4,2.0,8.4,10.5,2.1,12.9,3.8,64778.0,7.2,93.7,33.5,2.0,0.4642,4.781640504723372
50023,Washington County,Vermont,35058,9327,24527,0.2660448399794626,0.6996120714244966,-0.43356723144503395,59958,43.7,93.22,0.89,0.77,2.69,21.02,1.9,1.8,8.7,6.3,1.9,10.6,2.7,79853.0,6.1,95.7,47.0,3.1,0.4373,4.777847137794483
50025,Windham County,Vermont,25718,6928,17904,0.2693833112994789,0.6961661093397621,-0.4267827980402832,45913,47.3,91.73,0.87,1.24,3.01,24.67,2.7,2.8,9.5,9.4,2.1,10.3,3.1,68021.0,6.0,94.8,42.4,3.1,0.4643,4.661935670916292
50027,Windsor County,Vermont,34018,10458,22569,0.3074254806279028,0.6634428831794932,-0.35601740255159037,57968,47.8,93.26,0.58,1.05,2.23,24.73,2.3,2.9,7.2,9.3,2.1,9.7,2.4,75247.0,4.4,94.9,41.9,3.8,0.4737,4.763188316690462
51001,Accomack County,Virginia,17144,9659,7374,0.5634041063929072,0.4301213252449836,0.13328278114792358,33326,47.5,60.73,27.24,0.86,10.59,25.15,2.1,6.5,5.2,18.2,3.9,10.8,6.4,57500.0,10.2,82.8,21.8,9.0,0.449,4.52278318998285
51003,Albemarle County,Virginia,66740,21513,44279,0.3223404255319149,0.6634551992807911,-0.3411147737488762,113683,39.8,76.56,8.84,5.56,7.34,19.89,2.1,1.3,5.2,4.0,1.3,8.5,2.5,102617.0,3.7,94.4,60.6,10.3,0.4743,5.0556955257414975
51005,Alleghany County,Virginia,8277,6093,2114,0.7361362812613266,0.25540654826628,0.48072973299504657,14962,48.1,92.39,5.53,0.07,1.5,25.78,1.2,1.7,9.0,21.1,0.7,8.5,7.6,55160.0,9.7,90.1,15.6,1.2,0.4479,4.174989650407334
51007,Amelia County,Virginia,8032,5776,2214,0.7191235059760956,0.2756474103585657,0.44347609561752993,13342,44.8,73.34,20.34,0.01,1.89,20.78,3.1,2.6,16.2,8.0,1.7,10.8,9.4,66339.0,4.9,85.6,16.8,1.2,0.4096,4.125220936316564
51009,Amherst County,Virginia,17303,11742,5429,0.6786106455527943,0.3137606195457435,0.36485002600705074,31385,43.3,74.52,17.71,0.63,2.84,21.39,2.3,1.2,8.5,13.8,1.4,12.3,5.5,67298.0,7.3,88.6,23.0,1.7,0.4563,4.496722132986729
51011,Appomattox County,Virginia,9642,7243,2324,0.7511926986102468,0.2410288321924912,0.5101638664177557,16424,43.3,77.28,17.04,0.15,2.24,20.68,2.5,2.0,10.1,14.1,0.7,13.2,6.0,62337.0,8.7,92.0,20.5,1.5,0.4193,4.215478936362535
51013,Arlington County,Virginia,128362,25223,100446,0.1964989638678113,0.7825213069288419,-0.5860223430610306,235463,35.5,62.64,9.43,10.5,15.74,11.6,2.5,0.2,3.2,2.5,0.4,4.3,2.3,140160.0,5.0,95.4,77.1,21.9,0.4556,5.371922673000902
51015,Augusta County,Virginia,44223,32429,11403,0.7333061981321937,0.2578522488297944,0.47545394930239926,77713,44.9,90.04,4.27,0.42,3.77,22.05,1.8,3.1,8.0,15.4,2.5,12.6,6.4,79972.0,5.2,90.8,23.3,2.7,0.4012,4.8904936746054855
51017,Bath County,Virginia,2582,1976,588,0.7652982184353214,0.2277304415182029,0.5375677769171185,4123,52.3,90.98,3.76,0.44,3.71,27.36,1.0,4.8,9.9,6.3,1.4,9.9,1.7,61709.0,12.2,84.3,15.6,0.9,0.4658,3.6152133348013584
51019,Bedford County,Virginia,50830,38017,12414,0.7479244540625615,0.2442258508754672,0.5036986031870943,80254,47.1,86.56,5.99,1.13,2.71,22.71,1.8,1.9,8.0,12.5,2.1,10.4,5.7,77644.0,5.1,92.3,33.6,2.6,0.4395,4.904466687614416
51021,Bland County,Virginia,3548,2998,524,0.8449830890642616,0.1476888387824126,0.697294250281849,6211,47.1,93.21,4.99,0.27,0.66,24.5,0.7,6.5,4.5,24.4,2.1,6.4,6.3,61375.0,8.6,91.2,15.4,0.5,0.3883,3.793161529245551
51023,Botetourt County,Virginia,21893,15796,5915,0.7215091581784132,0.270177682364226,0.4513314758141872,33875,48.1,91.71,2.36,0.59,2.37,23.63,1.5,1.7,7.5,12.9,2.4,10.7,6.9,80467.0,3.3,94.4,27.5,1.8,0.4154,4.5298793038824625
51025,Brunswick County,Virginia,7738,3523,4184,0.4552856035151202,0.5407081933316102,-0.08542258981649004,15868,44.4,41.21,53.43,0.47,2.74,21.89,3.2,3.5,4.8,9.8,3.1,13.5,11.8,52978.0,12.9,79.4,15.6,2.4,0.4489,4.200522191802113
51027,Buchanan County,Virginia,9327,7939,1355,0.8511847324970516,0.1452771523533826,0.7059075801436691,19857,47.3,96.22,2.39,0.25,1.02,23.47,1.3,12.0,3.6,7.7,1.1,16.0,4.1,42216.0,17.9,77.5,10.8,0.7,0.4853,4.297913635807866
51029,Buckingham County,Virginia,7915,4847,2988,0.6123815540113708,0.3775110549589387,0.23487049905243212,16914,43.7,61.35,32.07,0.2,2.57,20.21,2.4,6.3,13.9,5.4,1.6,13.1,10.8,59199.0,11.0,84.7,13.5,1.7,0.4213,4.228246326255246
51031,Campbell County,Virginia,31171,23032,7890,0.7388919187706522,0.2531198870745244,0.4857720316961278,55398,43.2,77.9,14.38,1.08,3.36,20.74,2.9,1.2,8.3,16.8,1.9,10.9,5.3,62608.0,7.1,90.5,25.7,3.6,0.4163,4.743494085944266
51033,Caroline County,Virginia,17653,9511,7957,0.5387752789894069,0.4507449158783209,0.08803036311108603,31541,39.4,62.35,23.88,1.35,7.04,16.37,2.9,0.9,7.5,4.5,3.5,12.1,8.0,86267.0,7.2,89.3,23.2,4.5,0.3977,4.4988754584157515
51035,Carroll County,Virginia,16160,13152,2925,0.8138613861386138,0.1810024752475247,0.6328589108910891,29158,49.0,94.68,0.47,0.15,3.87,25.64,2.7,1.8,7.8,17.4,1.2,14.2,4.4,52575.0,11.2,85.3,16.7,1.7,0.4442,4.4647577316228855
51036,Charles City County,Virginia,4341,1917,2384,0.4416033172080166,0.5491822160792444,-0.10757889887122785,6686,52.6,44.9,40.52,1.2,1.99,26.16,2.9,1.8,7.6,11.6,3.7,12.0,9.6,70339.0,8.2,88.2,16.0,2.4,0.4663,3.82516637225655
51037,Charlotte County,Virginia,6006,3963,2008,0.6598401598401599,0.3343323343323343,0.3255078255078256,11475,45.2,70.39,25.18,0.17,2.46,22.24,1.2,6.4,4.0,9.9,0.8,9.6,7.7,48892.0,22.9,81.4,18.7,0.6,0.4774,4.0597526942092985
51041,Chesterfield County,Virginia,209730,94030,112869,0.4483383397701807,0.5381633528822772,-0.08982501311209651,371610,38.9,59.45,23.48,3.54,11.41,15.71,3.1,0.2,7.7,6.9,2.1,10.4,5.8,98910.0,4.8,92.9,42.7,9.5,0.4205,5.570087392314027
51043,Clarke County,Virginia,9782,5641,3993,0.5766714373338786,0.4081987323655694,0.16847270496830918,15060,48.3,84.66,5.99,1.27,7.06,21.81,2.1,3.0,11.6,5.1,1.2,11.6,4.7,114185.0,3.2,92.8,37.3,5.8,0.4234,4.177824971864681
51045,Craig County,Virginia,3121,2562,542,0.8208907401473886,0.1736622877282922,0.6472284524190964,4881,46.1,95.23,0.06,0.0,0.78,19.24,1.2,4.7,6.6,19.8,4.4,5.9,5.0,67778.0,10.4,86.9,17.3,0.6,0.4223,3.6885088076565213
51047,Culpeper County,Virginia,28553,17685,10557,0.6193744965502749,0.3697334780933702,0.24964101845690467,53563,39.3,68.41,13.2,1.16,14.77,16.57,1.8,2.4,9.6,6.5,1.7,10.0,5.4,96098.0,6.3,88.1,26.4,9.9,0.415,4.728864893339198
51049,Cumberland County,Virginia,5486,3335,2117,0.6079110462996719,0.3858913598250091,0.22201968647466275,9745,45.2,63.98,28.8,0.0,1.77,23.26,1.8,2.5,13.2,5.1,1.4,11.4,4.9,57057.0,3.4,88.6,18.2,1.4,0.4654,3.98878184345364
51051,Dickenson County,Virginia,7047,5701,1316,0.8089967361998013,0.1867461331062863,0.622250603093515,13920,45.9,97.78,1.01,0.22,0.73,24.22,1.1,9.9,5.7,4.1,0.8,11.3,5.0,43831.0,16.2,81.6,10.7,0.5,0.4767,4.143639235274543
51053,Dinwiddie County,Virginia,15589,9549,5942,0.6125473089999358,0.3811662069407915,0.2313811020591443,28083,43.4,64.39,30.61,0.62,4.17,18.74,3.0,1.2,8.4,10.0,2.7,11.2,5.3,83898.0,8.4,91.3,20.5,3.2,0.4352,4.448443499962475
51057,Essex County,Virginia,6064,3245,2775,0.5351253298153035,0.4576187335092348,0.07750659630606865,10604,47.1,55.88,37.5,0.53,4.35,23.64,3.2,2.4,7.7,13.1,1.9,14.3,8.4,56481.0,10.5,85.7,17.5,3.1,0.4425,4.025469719061056
51059,Fairfax County,Virginia,584387,181895,386438,0.3112577795193938,0.6612706990401909,-0.35001291952079705,1144474,38.9,51.35,9.81,19.94,17.4,14.53,2.8,0.1,5.3,2.9,0.9,7.3,3.4,150113.0,4.1,93.2,64.3,30.8,0.4299,6.0586059308814315
51061,Fauquier County,Virginia,44537,26825,17180,0.6023081931876867,0.3857466825336237,0.21656151065406298,73935,40.8,81.01,6.28,1.77,11.66,16.7,1.6,2.0,9.3,5.5,1.6,9.7,4.9,129495.0,4.2,91.9,39.7,8.7,0.4147,4.868850077210405
51063,Floyd County,Virginia,9625,6551,2968,0.6806233766233766,0.3083636363636363,0.3722597402597403,15560,48.0,93.5,2.78,0.45,3.03,23.82,2.1,3.5,10.6,20.8,0.3,10.3,2.5,61401.0,4.4,91.6,23.0,2.7,0.4526,4.19200959265367
51065,Fluvanna County,Virginia,16678,8777,7731,0.5262621417436143,0.4635447895431107,0.06271735220050362,27764,43.3,76.7,12.65,0.87,4.37,20.75,2.3,1.8,7.5,5.4,0.9,12.1,3.8,91959.0,5.9,93.8,35.6,2.9,0.4166,4.443482035730321
51067,Franklin County,Virginia,30912,22319,8321,0.7220173395445134,0.2691834886128364,0.452833850931677,54958,48.5,86.69,7.79,0.7,3.61,24.23,1.4,1.8,8.5,14.6,2.3,11.6,4.9,68348.0,8.5,90.6,24.3,2.3,0.4552,4.740030919743484
51069,Frederick County,Virginia,52040,33117,18331,0.6363758647194466,0.3522482705611068,0.2841275941583398,93355,40.6,82.4,4.17,1.92,11.73,18.23,2.7,1.6,8.7,9.8,2.1,10.0,6.0,95603.0,4.4,89.1,30.3,7.9,0.4104,4.970137583284107
51071,Giles County,Virginia,9234,7102,2069,0.7691141433831492,0.2240632445310807,0.5450508988520685,16610,45.8,94.69,2.25,0.51,1.69,22.03,1.3,1.4,7.6,21.1,1.4,9.8,4.4,64819.0,4.5,91.2,18.0,1.7,0.4018,4.220369632451394
51073,Gloucester County,Virginia,23149,15918,7034,0.6876322951315391,0.3038576180396561,0.383774677091883,39228,44.6,84.04,8.14,0.82,4.04,20.33,2.0,2.5,8.1,10.5,1.7,12.0,4.4,83689.0,3.8,91.2,25.9,1.7,0.3961,4.593596166627994
51075,Goochland County,Virginia,19616,11521,7875,0.5873266721044046,0.4014579934747145,0.1858686786296901,25613,49.4,79.05,14.37,1.65,3.65,23.87,1.5,1.0,7.5,4.6,4.5,10.8,4.3,118695.0,2.7,95.0,47.0,4.2,0.4757,4.408460449500864
51077,Grayson County,Virginia,8104,6544,1503,0.807502467917078,0.1854639684106614,0.6220384995064167,15323,48.5,89.73,5.23,1.14,4.06,25.67,1.8,3.4,7.6,17.3,0.4,9.3,4.3,42864.0,13.0,84.3,13.9,1.7,0.4723,4.185343801582189
51079,Greene County,Virginia,12038,7432,4456,0.6173783020435288,0.3701611563382622,0.24721714570526665,20850,40.8,79.94,6.77,2.52,6.95,18.66,2.0,1.8,8.8,7.0,1.9,13.5,5.4,85268.0,8.7,89.9,28.5,5.8,0.4229,4.319106059309776
51081,Greensville County,Virginia,4296,1936,2334,0.4506517690875233,0.5432960893854749,-0.09264432029795161,11304,39.9,36.28,53.43,0.26,5.1,16.15,2.9,2.1,5.1,17.4,0.4,12.4,2.9,56759.0,8.2,79.1,13.8,4.3,0.4381,4.053232148840502
51083,Halifax County,Virginia,17844,10741,6984,0.6019390271239632,0.3913920645595158,0.21054696256444738,33811,46.7,60.3,34.7,0.46,2.48,25.29,2.0,2.6,7.1,18.2,2.2,10.1,5.9,49244.0,12.5,81.6,18.2,1.3,0.4562,4.529058015724641
51085,Hanover County,Virginia,73087,45569,26733,0.6234898135099265,0.3657695623024614,0.2577202512074651,111652,42.3,82.26,8.6,1.77,3.76,18.76,1.8,1.0,8.6,6.7,3.4,10.8,4.4,109504.0,3.4,94.3,42.4,4.1,0.4212,5.04786650690754
51087,Henrico County,Virginia,180642,62882,115040,0.3481028775146422,0.6368397161236036,-0.2887368386089614,334434,39.4,51.31,29.66,9.48,6.69,16.54,2.7,0.3,5.6,5.9,2.7,11.2,5.5,86397.0,6.0,93.0,45.7,13.9,0.4689,5.524310423257921
51089,Henry County,Virginia,25413,16800,8457,0.6610789753275882,0.332782434187227,0.32829654114036116,50365,47.9,69.75,22.38,0.42,6.69,24.41,2.1,0.8,5.8,19.6,2.5,10.3,5.6,48445.0,10.3,83.2,15.7,2.7,0.4436,4.702128838286881
51091,Highland County,Virginia,1529,1095,416,0.7161543492478745,0.2720732504905166,0.44408109875735785,2265,57.1,94.44,0.0,3.09,0.0,34.26,8.4,9.0,16.0,1.4,0.6,5.1,5.1,62946.0,3.6,89.3,35.5,1.2,0.3687,3.3550682063488506
51093,Isle of Wight County,Virginia,24672,14659,9779,0.594155317769131,0.3963602464332036,0.19779507133592739,39444,44.2,70.22,22.1,1.04,3.85,19.64,2.9,1.3,6.9,15.8,1.5,8.5,5.7,96118.0,5.9,92.2,29.9,2.9,0.433,4.595980950129249
51095,James City County,Virginia,50892,23575,26742,0.4632358720427572,0.5254656920537609,-0.062229820011003745,80046,47.2,74.86,12.81,2.61,6.91,26.36,1.9,0.2,6.2,6.6,1.3,11.6,3.3,107046.0,3.3,95.2,50.2,7.2,0.4174,4.903339634552241
51097,King and Queen County,Virginia,4173,2608,1536,0.6249700455307932,0.3680805176132279,0.25688952791756525,6676,49.0,66.76,23.85,0.0,3.12,23.61,3.1,6.1,12.7,11.7,1.7,8.8,8.2,72851.0,11.0,90.0,19.5,0.7,0.428,3.824516328007209
51099,King George County,Virginia,15362,9500,5657,0.6184090613201406,0.3682463220934774,0.2501627392266632,27468,38.3,71.19,15.71,1.26,6.59,13.91,2.5,0.5,8.2,4.4,1.3,10.5,4.7,110517.0,4.2,91.1,35.8,4.4,0.374,4.4388270387221676
51101,King William County,Virginia,11561,8080,3388,0.6989014791108036,0.2930542340627973,0.4058472450480063,18232,40.5,78.6,15.29,0.66,3.1,16.51,2.4,1.3,12.9,9.9,3.2,10.3,7.6,85212.0,5.9,93.6,24.3,2.3,0.3828,4.260834312172319
51103,Lancaster County,Virginia,7279,3866,3355,0.53111691166369,0.4609149608462701,0.07020195081741992,10876,59.1,67.71,27.82,0.46,1.58,39.99,4.6,1.4,8.9,8.5,1.4,10.3,3.1,67169.0,10.4,87.0,37.4,4.1,0.4893,4.036469198915462
51105,Lee County,Virginia,10108,8674,1391,0.8581321725366047,0.1376137712702809,0.7205184012663237,22042,45.4,93.04,4.25,0.19,2.3,22.58,3.9,3.9,10.6,7.8,1.5,10.0,7.2,42269.0,20.9,82.3,12.7,1.2,0.4885,4.343250998054363
51107,Loudoun County,Virginia,228208,92107,129280,0.4036098646848489,0.5665007361705111,-0.16289087148566223,427082,37.8,55.36,7.7,21.04,14.16,10.37,2.4,0.6,5.0,4.4,1.2,7.4,4.1,178707.0,2.9,94.1,64.0,26.7,0.3891,5.630511267831864
51109,Louisa County,Virginia,24067,15084,8779,0.6267503220177005,0.3647733410894586,0.26197698092824195,39012,44.8,77.25,13.33,0.46,3.9,20.42,3.6,3.1,9.1,6.5,0.9,10.8,7.7,80343.0,6.9,89.2,27.7,4.9,0.4444,4.591198215543751
51111,Lunenburg County,Virginia,5879,3594,2253,0.6113284572206158,0.3832284402109202,0.22810001700969562,11990,44.8,57.8,33.54,0.04,5.75,23.04,1.7,1.9,14.7,9.3,2.1,11.9,9.2,54460.0,13.6,80.0,11.2,3.3,0.4201,4.078819183098848
51113,Madison County,Virginia,8439,5671,2700,0.6719990520203816,0.3199431212228937,0.35205593079748787,13931,46.2,84.68,8.37,0.38,3.52,22.76,2.6,3.0,9.1,5.2,1.1,14.7,1.7,82972.0,4.9,88.7,27.6,3.1,0.4167,4.143982292223977
51115,Mathews County,Virginia,5929,4106,1774,0.6925282509698094,0.2992072862202732,0.3933209647495362,8517,53.8,86.73,8.37,0.0,2.57,32.29,2.9,0.3,15.3,9.6,2.5,10.6,3.7,75487.0,3.8,91.3,30.1,2.3,0.4271,3.9302866472455196
51117,Mecklenburg County,Virginia,16266,9791,6404,0.6019304069838928,0.3937046600270503,0.20822574695684248,30431,48.8,61.87,32.95,1.04,3.0,26.56,1.5,2.3,7.0,9.6,2.7,11.7,6.9,51691.0,11.9,86.0,21.2,3.3,0.4878,4.483316224042232
51119,Middlesex County,Virginia,6882,4357,2473,0.6331008427782622,0.3593432141819239,0.2737576285963383,10774,55.5,79.32,15.14,1.23,2.94,33.46,2.2,1.6,8.7,7.1,3.2,14.4,4.9,74154.0,8.3,91.3,31.6,3.6,0.4171,4.032376971209936
51121,Montgomery County,Virginia,46767,22179,23811,0.4742446596959394,0.5091410610045545,-0.0348964013086151,99159,30.2,82.67,3.94,6.25,4.55,13.7,1.9,0.8,4.1,9.1,0.9,10.5,2.7,70769.0,7.7,95.7,48.4,9.2,0.4989,4.99633213833911
51125,Nelson County,Virginia,9388,5004,4298,0.5330208777162335,0.4578184916915211,0.07520238602471241,14777,51.3,81.55,10.25,1.69,4.68,29.26,1.8,4.7,11.4,6.4,1.9,10.2,3.0,68525.0,9.6,88.7,33.7,5.1,0.4937,4.169586273321913
51127,New Kent County,Virginia,16744,10974,5641,0.6553989488772097,0.3368967988533206,0.31850215002388915,24139,43.4,78.0,13.4,1.1,3.57,18.71,1.7,0.7,11.6,9.2,2.2,8.3,5.2,120125.0,4.3,94.6,35.5,3.8,0.3776,4.38271927473078
51131,Northampton County,Virginia,6832,3183,3603,0.4658957845433255,0.5273711943793911,-0.061475409836065587,12115,51.6,57.36,31.46,1.08,9.2,28.48,2.2,6.6,6.3,4.5,9.1,11.5,3.7,55933.0,10.8,86.8,32.5,6.6,0.5056,4.083323418473525
51133,Northumberland County,Virginia,8205,4938,3202,0.6018281535648995,0.3902498476538696,0.21157830591102988,12085,59.5,69.04,19.64,4.22,3.33,37.91,1.6,4.3,7.8,6.7,3.0,7.3,3.6,69500.0,5.6,90.4,33.9,3.6,0.4975,4.0822466547436695
51135,Nottoway County,Virginia,6853,4168,2636,0.6082007879760689,0.3846490588063622,0.22355172916970673,15597,41.2,55.31,37.55,0.65,4.78,18.49,2.6,5.1,5.2,5.2,1.0,9.4,8.0,62161.0,12.0,85.8,16.8,2.4,0.4098,4.193041072153242
51137,Orange County,Virginia,22247,13764,8274,0.6186901604710747,0.3719153144244168,0.24677484604665795,37208,42.0,77.23,10.42,0.93,6.55,19.99,2.2,2.8,11.6,6.2,1.8,11.0,6.0,94175.0,7.7,91.3,29.4,4.7,0.4133,4.57063632650346
51139,Page County,Virginia,13211,10123,2976,0.7662553932329119,0.2252668231019605,0.5409885701309514,23750,45.4,92.51,1.87,0.35,2.37,21.79,3.0,1.6,11.4,16.1,0.5,12.0,5.0,59396.0,6.7,83.9,15.2,2.5,0.404,4.375663613960885
51141,Patrick County,Virginia,9698,7746,1886,0.7987213858527531,0.1944730872344813,0.6042482986182718,17606,51.0,91.05,5.38,0.2,3.38,26.96,1.0,1.2,8.2,20.1,1.3,11.5,4.8,50938.0,8.1,84.4,15.2,1.7,0.4601,4.245660697520259
51143,Pittsylvania County,Virginia,34100,24310,9599,0.7129032258064516,0.2814956011730205,0.4314076246334311,60148,48.3,74.38,20.71,0.49,3.0,24.07,2.6,2.0,7.6,17.0,2.0,11.3,4.6,54115.0,10.4,85.8,15.4,1.6,0.4493,4.77922119105401
51145,Powhatan County,Virginia,20841,14918,5734,0.7158005853845785,0.2751307518833069,0.4406698335012716,31074,45.3,85.05,8.83,0.33,2.8,19.46,1.9,1.1,12.0,9.4,2.6,9.9,4.8,110667.0,2.1,91.5,34.2,2.7,0.3817,4.492397161401538
51147,Prince Edward County,Virginia,9424,4782,4539,0.5074278438030561,0.4816426146010186,0.025785229202037463,21932,32.4,62.74,30.62,1.1,4.79,16.67,1.0,3.0,5.0,5.9,1.3,15.3,3.8,55082.0,11.2,88.0,24.2,4.1,0.48,4.341078237211443
51149,Prince George County,Virginia,17596,10590,6842,0.6018413275744487,0.3888383723573539,0.21300295521709484,42873,33.4,54.75,31.05,1.97,10.09,12.88,2.7,0.9,6.8,9.3,2.9,11.5,7.8,88225.0,6.8,90.6,24.0,5.3,0.3654,4.632183873943584
51153,Prince William County,Virginia,227591,90203,131128,0.3963381680294915,0.5761563506465546,-0.17981818261706306,484625,36.0,46.62,20.54,9.82,25.66,10.88,3.1,0.2,8.7,3.3,1.3,9.7,5.0,128873.0,4.5,90.2,44.5,26.2,0.3906,5.685405814015266
51155,Pulaski County,Virginia,17690,12732,4830,0.7197286602600339,0.2730356133408705,0.4466930469191634,33771,46.9,91.15,4.61,0.57,2.15,22.67,2.0,0.7,5.3,21.4,1.7,11.8,4.1,60767.0,8.8,90.7,21.4,1.8,0.4616,4.528543920808697
51157,Rappahannock County,Virginia,5038,2943,2041,0.5841603811036126,0.4051210797935689,0.1790393013100437,7409,50.1,86.02,4.83,0.19,4.54,26.63,4.3,1.3,15.9,3.9,0.1,9.3,2.1,98125.0,4.5,91.8,35.6,6.2,0.4845,3.86975959478241
51159,Richmond County,Virginia,4161,2697,1439,0.6481614996395098,0.3458303292477769,0.30233117039173285,9047,46.1,60.98,27.93,0.02,7.24,20.21,1.3,3.6,12.2,10.6,3.2,8.8,4.8,64184.0,3.9,77.1,17.4,4.4,0.3848,3.9565045903166975
51161,Roanoke County,Virginia,56789,34453,21693,0.6066843931042983,0.381992991600486,0.22469140150381234,96793,43.7,84.56,6.37,3.64,3.81,21.8,1.8,0.4,4.7,8.7,3.5,10.2,7.9,82931.0,3.9,93.8,37.4,6.4,0.4445,4.985843950580106
51163,Rockbridge County,Virginia,12752,8468,4160,0.6640526976160602,0.3262233375156838,0.33782936010037645,22578,49.7,89.57,3.97,0.77,2.27,26.79,1.8,3.6,8.9,12.7,0.1,11.1,3.9,63975.0,5.1,90.9,31.5,2.1,0.4369,4.353685468703508
51165,Rockingham County,Virginia,48581,33033,15035,0.67995718490768,0.3094831312653094,0.37047405364237057,84739,40.3,88.11,2.53,1.09,8.85,19.82,1.7,3.6,8.1,14.1,2.7,11.0,6.4,78468.0,6.3,87.0,28.4,6.1,0.434,4.928083334611343
51167,Russell County,Virginia,13525,11303,2172,0.8357116451016636,0.1605914972273567,0.675120147874307,25635,46.5,96.99,1.26,0.09,0.65,23.0,1.9,6.8,7.4,10.8,0.2,12.9,7.3,49020.0,11.7,83.4,14.1,0.5,0.4524,4.408833321776418
51169,Scott County,Virginia,11057,9392,1607,0.8494166591299629,0.1453377950619517,0.7040788640680111,21504,47.6,96.47,1.2,0.12,1.42,25.03,1.3,1.5,9.5,16.5,2.0,11.7,3.8,45136.0,13.6,84.0,14.2,0.6,0.481,4.332519251373731
51171,Shenandoah County,Virginia,24380,17215,6914,0.7061115668580804,0.2835931091058244,0.422518457752256,44630,42.9,86.93,2.92,1.27,8.78,21.89,2.3,2.8,9.3,14.8,1.7,12.5,6.0,64437.0,8.7,89.0,21.4,5.4,0.4533,4.6496268868405295
51173,Smyth County,Virginia,14420,11521,2805,0.7989597780859917,0.1945214979195561,0.6044382801664356,29585,46.2,95.04,2.03,0.28,2.04,22.74,1.5,0.8,4.9,21.5,2.9,12.8,4.1,46859.0,11.6,86.1,18.1,1.6,0.4703,4.471071573613031
51175,Southampton County,Virginia,9831,6133,3626,0.6238429457837453,0.3688332824738073,0.255009663309938,17988,46.9,61.26,29.81,0.72,2.3,21.41,3.4,4.0,7.8,10.4,1.5,12.6,4.1,68465.0,7.0,86.7,18.6,1.5,0.4177,4.2549828788959045
51177,Spotsylvania County,Virginia,79209,42531,35747,0.5369465591031323,0.4512997260412327,0.08564683306189957,143876,38.3,65.17,16.63,2.65,12.69,14.82,3.5,0.4,8.9,3.2,2.1,11.7,5.3,109576.0,5.0,90.7,33.8,9.9,0.4032,5.157988355181533
51179,Stafford County,Virginia,83123,40590,41252,0.4883125007518978,0.496276602143811,-0.00796410139191317,160520,36.3,57.18,19.31,3.77,15.9,11.1,2.5,0.2,7.4,2.6,1.0,9.7,5.1,133792.0,3.6,92.8,43.3,13.4,0.378,5.205529151061801
51181,Surry County,Virginia,4429,2205,2176,0.4978550462858433,0.4913072928426281,0.006547753443215232,6552,50.7,55.77,41.01,0.14,2.92,24.73,2.9,2.8,8.3,9.4,4.9,9.5,9.3,71458.0,9.9,90.0,25.4,2.1,0.4295,3.816373888752362
51183,Sussex County,Virginia,4892,2322,2539,0.4746524938675388,0.5190106295993459,-0.044358135731807025,10793,41.0,40.34,54.98,0.56,1.53,19.07,2.2,4.4,7.3,14.6,1.2,15.5,5.9,62821.0,6.9,84.6,15.8,1.0,0.4181,4.033142177060625
51185,Tazewell County,Virginia,19858,16711,3030,0.841524826266492,0.1525833417262564,0.6889414845402356,39933,45.0,93.31,3.65,0.66,1.3,23.26,2.1,3.8,4.6,13.2,2.8,13.7,3.8,45788.0,14.6,87.3,16.4,1.2,0.4851,4.60133193815588
51187,Warren County,Virginia,22561,15400,6910,0.6825938566552902,0.3062807499667568,0.37631310668853335,41104,40.5,83.66,5.14,1.2,6.71,16.7,3.1,0.5,13.7,5.5,2.3,11.7,4.9,84331.0,9.3,89.0,24.5,6.0,0.4127,4.613884086922271
51191,Washington County,Virginia,29412,22455,6772,0.7634638922888617,0.2302461580307357,0.533217734258126,53913,46.9,94.72,1.69,0.48,1.76,24.31,2.0,2.7,6.6,12.7,2.5,14.5,4.5,62774.0,6.8,90.1,26.5,1.4,0.496,4.731693498907015
51193,Westmoreland County,Virginia,10581,6003,4491,0.5673376807485114,0.4244400340232492,0.14289764672526223,18683,48.0,63.67,24.0,1.09,6.21,26.36,3.7,3.8,8.6,2.6,2.4,13.9,6.3,59766.0,9.1,84.1,19.7,3.7,0.4677,4.271446613801764
51195,Wise County,Virginia,16776,13655,3036,0.813960419647115,0.1809728183118741,0.6329876013352409,35727,42.1,90.71,5.42,0.39,1.36,20.03,3.9,6.7,5.9,3.8,2.0,14.1,4.6,50740.0,12.8,80.3,15.6,1.2,0.4167,4.552996549979495
51197,Wythe County,Virginia,15439,12267,3075,0.7945462789040741,0.1991709307597642,0.5953753481443099,28219,45.9,93.6,2.37,0.77,1.49,21.97,2.2,3.5,6.5,18.2,1.0,13.2,6.9,55359.0,10.6,89.6,19.7,1.2,0.4735,4.450541619546717
51199,York County,Virginia,39540,20722,18296,0.5240768841679312,0.4627212948912493,0.06135558927668189,70590,39.8,69.12,13.1,5.87,7.56,17.26,2.5,0.4,4.9,9.7,2.3,9.1,3.1,108326.0,3.3,95.7,50.0,7.9,0.4048,4.848743181895684
51510,Alexandria city,Virginia,80062,16112,62326,0.201244035872199,0.7784716844445555,-0.5772276485723565,156788,37.5,53.58,21.07,6.35,18.2,12.58,2.5,0.2,4.3,2.5,0.8,5.4,4.5,113638.0,6.2,92.9,65.8,24.6,0.4635,5.1953128202539425
51520,Bristol city,Virginia,7479,5197,2231,0.6948789945179837,0.2983019120203236,0.39657708249766016,17024,42.6,85.94,6.67,0.33,2.69,23.07,2.4,0.4,4.4,13.4,1.3,12.5,5.5,44706.0,14.7,89.6,23.9,1.0,0.4624,4.231061610614955
51530,Buena Vista city,Virginia,2853,2035,767,0.7132842621801613,0.2688398177357168,0.4444444444444445,6612,36.2,86.04,1.59,0.65,0.95,18.35,1.2,1.1,6.9,7.8,0.0,12.2,1.3,54458.0,17.0,83.4,24.7,0.4,0.5358,3.82033284489941
51540,Charlottesville city,Virginia,23303,3428,19435,0.1471055228940479,0.8340127880530404,-0.6869072651589925,45863,32.9,68.03,17.0,7.03,6.77,13.09,3.0,0.4,3.8,3.6,0.7,7.8,3.2,69829.0,9.4,92.6,60.6,10.3,0.5376,4.66146245948316
51550,Chesapeake city,Virginia,127493,60550,65399,0.4749280352646812,0.5129614959252665,-0.03803346066058533,251153,37.7,56.16,29.02,3.73,7.41,14.08,3.1,0.1,7.1,6.9,2.0,9.3,5.7,94189.0,6.3,93.4,36.4,6.1,0.4164,5.399938370135083
51570,Colonial Heights city,Virginia,8941,5883,2982,0.6579800917123364,0.3335197405211945,0.3244603511911419,18210,38.5,69.38,18.04,3.43,7.64,18.31,2.4,0.2,7.3,7.1,2.2,14.9,7.1,76250.0,9.3,91.8,29.5,6.5,0.4213,4.26030994579492
51580,Covington city,Virginia,2475,1642,818,0.6634343434343435,0.3305050505050505,0.33292929292929296,5671,41.5,80.04,12.34,1.18,3.24,19.45,1.1,0.0,7.8,13.5,0.6,14.1,8.0,42724.0,20.6,87.1,9.6,2.9,0.4129,3.753659647285999
51590,Danville city,Virginia,17667,6894,10615,0.3902190524707081,0.600837720043018,-0.21061866757230996,42239,40.8,40.68,50.37,1.41,5.22,20.93,2.6,0.5,5.9,14.2,2.2,15.4,5.4,42778.0,18.7,85.0,18.3,4.1,0.4906,4.625713627811201
51595,Emporia city,Virginia,2178,744,1419,0.3415977961432507,0.6515151515151515,-0.3099173553719008,5633,39.5,20.61,64.03,0.59,8.4,18.39,1.8,0.9,4.2,20.1,0.3,14.5,9.9,49375.0,9.0,75.7,15.2,4.0,0.4098,3.7507397512353506
51600,Fairfax city,Virginia,13445,4302,8797,0.3199702491632577,0.6542952770546672,-0.33432502789140944,24478,37.3,56.27,6.39,18.05,18.31,14.28,3.2,0.2,4.9,3.5,0.6,7.6,2.7,132774.0,6.2,91.8,62.3,30.5,0.4549,4.388775930448715
51610,Falls Church city,Virginia,8969,1620,7200,0.1806221429367822,0.8027650797190322,-0.62214293678225,14593,39.4,70.94,4.82,9.18,10.66,14.71,4.5,0.0,2.4,3.4,0.9,4.4,2.1,154734.0,2.3,97.4,79.7,17.1,0.4417,4.164144582470177
51620,Franklin city,Virginia,3876,1476,2359,0.3808049535603715,0.6086171310629515,-0.22781217750257998,8212,40.5,38.14,51.68,2.29,3.15,19.02,2.8,0.1,4.4,18.7,2.4,6.2,4.0,65125.0,10.3,84.7,26.4,2.6,0.4124,3.9144489406985543
51630,Fredericksburg city,Virginia,13495,4480,8760,0.3319748054835124,0.6491293071507966,-0.31715450166728426,28383,31.0,58.82,20.15,3.77,12.36,11.23,3.1,0.6,5.1,3.9,2.3,11.1,5.4,85368.0,10.3,92.6,46.8,12.3,0.4629,4.453058297202773
51640,Galax city,Virginia,2717,1946,753,0.7162311372837689,0.2771439087228561,0.43908722856091276,6698,41.9,80.38,4.88,0.15,15.78,19.87,3.1,2.0,2.5,14.2,1.1,21.0,0.7,41438.0,19.9,83.0,18.3,5.6,0.5322,3.825945143203848
51650,Hampton city,Virginia,62632,18383,43357,0.2935081108698429,0.6922499680674415,-0.39874185719759864,137334,36.5,37.5,49.03,2.21,6.61,16.11,3.8,0.3,4.6,11.5,1.5,11.0,7.7,67758.0,9.1,92.7,27.5,5.2,0.4357,5.137778069533995
51660,Harrisonburg city,Virginia,17245,6266,10641,0.3633516961438098,0.6170484198318353,-0.25369672368802554,51492,25.4,66.51,7.6,3.23,23.09,10.08,4.3,1.6,6.3,13.7,1.5,12.8,3.4,59752.0,12.5,83.3,36.7,17.3,0.4601,4.711739760580297
51670,Hopewell city,Virginia,9006,3838,5078,0.4261603375527426,0.5638463246724406,-0.13768598711969798,22944,36.4,44.36,42.57,1.14,8.59,14.98,5.6,0.5,8.7,14.2,1.4,11.4,8.1,48681.0,19.6,87.7,12.5,3.6,0.4563,4.360669133987706
51678,Lexington city,Virginia,2863,1030,1795,0.3597624869018512,0.6269647223192455,-0.2672022354173943,7420,22.5,81.68,4.66,3.21,4.88,16.36,0.3,0.0,2.4,2.6,0.4,6.0,3.2,89598.0,10.2,95.9,57.3,5.0,0.4368,3.870403905279027
51680,Lynchburg city,Virginia,36715,19574,16664,0.5331335966226338,0.4538744382405011,0.07925915838213271,79255,28.4,62.22,27.7,2.23,4.95,14.18,2.9,0.8,4.9,9.9,0.9,10.9,3.6,59808.0,11.7,90.4,38.5,4.6,0.4564,4.899026670308233
51683,Manassas city,Virginia,16021,6670,9048,0.416328568753511,0.5647587541351976,-0.14843018538168662,42674,34.7,50.52,12.6,5.54,43.01,10.32,2.4,0.1,14.6,6.1,1.0,8.4,5.4,117919.0,5.9,81.7,33.2,31.8,0.3883,4.6301633528782675
51685,Manassas Park city,Virginia,5967,2314,3506,0.3877995642701525,0.587564940506117,-0.19976537623596446,16923,35.3,40.29,11.36,10.55,45.92,9.61,2.6,0.0,13.9,4.7,2.1,9.9,6.5,100668.0,3.3,78.9,25.5,36.6,0.3656,4.228477354445056
51690,Martinsville city,Virginia,5658,2155,3435,0.380876634853305,0.6071049840933191,-0.22622834924001417,13584,40.2,43.14,44.25,1.13,8.03,17.06,2.5,1.7,3.0,14.4,4.0,14.9,5.9,42434.0,16.6,86.1,21.2,6.6,0.5102,4.133027672899877
51700,Newport News city,Virginia,75629,26385,48169,0.3488741091380291,0.636911766650359,-0.2880376575123299,184774,34.2,42.33,41.01,3.32,10.54,13.65,3.6,0.6,5.6,13.3,2.0,11.1,5.9,66718.0,11.6,91.8,29.1,8.1,0.4552,5.266640860547884
51710,Norfolk city,Virginia,85643,24377,59941,0.2846350548205925,0.6998937449645622,-0.41525869014396977,235037,32.4,44.0,39.8,3.66,9.87,12.58,3.5,0.2,5.9,7.6,1.9,11.4,5.6,64017.0,12.6,89.6,32.7,7.7,0.4722,5.37113623516946
51720,Norton city,Virginia,1643,1174,458,0.714546561168594,0.2787583688374924,0.43578819233110166,3620,41.1,95.14,1.33,0.06,0.0,20.61,2.8,2.1,4.6,2.1,0.4,13.8,4.8,38497.0,21.2,92.4,16.6,0.1,0.4867,3.558708570533166
51730,Petersburg city,Virginia,13077,1702,11219,0.1301521755754378,0.857918482832454,-0.7277663072570162,33365,35.8,15.86,77.2,1.23,6.03,16.97,6.9,0.4,3.8,10.0,2.3,11.3,8.7,50741.0,18.8,87.0,25.0,3.9,0.4464,4.52329112918679
51735,Poquoson city,Virginia,8024,5800,2119,0.7228315054835494,0.2640827517447657,0.45874875373878365,12556,41.4,92.03,1.66,1.79,3.9,19.72,1.2,0.7,6.3,13.5,2.6,11.9,3.6,120919.0,4.6,97.2,40.1,4.0,0.3813,4.098851307028005
51740,Portsmouth city,Virginia,41252,12370,28306,0.2998642490061088,0.6861727916222243,-0.3863085426161155,97299,35.8,36.88,51.7,1.49,5.08,15.18,3.8,0.1,6.2,12.5,1.7,13.1,6.9,58972.0,14.7,89.2,23.2,3.0,0.461,4.988108376787225
51750,Radford city,Virginia,6550,3197,3231,0.4880916030534351,0.4932824427480916,-0.005190839694656502,16505,23.0,83.16,9.35,2.22,4.28,9.39,4.5,0.6,3.0,9.3,1.1,16.2,3.8,52791.0,14.6,93.2,39.8,2.3,0.5156,4.217615528666331
51760,Richmond city,Virginia,108143,17041,88710,0.1575783915741194,0.8203027472883127,-0.6627243557141933,227595,34.5,43.24,42.01,2.11,10.3,13.62,4.1,0.2,5.8,5.7,1.9,10.3,5.5,62671.0,12.0,89.3,44.1,8.6,0.5208,5.357162716878299
51770,Roanoke city,Virginia,42128,15787,25737,0.3747388909988606,0.6109238511203949,-0.23618496012153434,98677,38.0,57.52,28.99,3.13,8.57,17.46,3.4,0.4,5.9,10.2,2.2,12.1,6.1,52671.0,14.8,89.6,28.9,7.5,0.5043,4.994215937501416
51775,Salem city,Virginia,13148,7769,5237,0.5908883480377244,0.3983115302707636,0.19257681776696078,25477,40.3,83.95,7.78,1.94,4.47,19.49,2.1,0.2,6.0,9.0,3.3,11.9,3.5,66716.0,7.3,94.2,31.1,4.3,0.4603,4.406148287079636
51790,Staunton city,Virginia,13562,5778,7592,0.4260433564371036,0.5597994396106769,-0.1337560831735733,25765,41.0,80.07,10.98,1.53,4.43,20.99,3.0,1.6,3.4,10.0,1.9,11.9,5.1,62586.0,8.3,93.7,35.1,4.0,0.4382,4.411030146797094
51800,Suffolk city,Virginia,53352,22112,30597,0.4144549407707302,0.5734930274403959,-0.15903808666966568,96638,38.7,47.54,42.01,1.93,4.95,15.0,3.3,0.6,5.6,12.0,1.3,10.3,7.5,90089.0,7.7,91.8,32.4,4.0,0.4485,4.985147933301562
51810,Virginia Beach city,Virginia,227770,109375,115412,0.480199323879352,0.506704131360583,-0.02650480748123102,457066,37.4,61.62,18.9,7.25,8.94,15.37,2.7,0.2,5.6,6.0,1.7,11.0,4.3,90685.0,6.6,94.7,40.4,9.1,0.4349,5.6599789164073036
51820,Waynesboro city,Virginia,11274,5882,5240,0.5217314174206138,0.4647862338123115,0.05694518360830231,22574,38.9,75.58,11.88,1.86,9.17,17.71,2.5,0.9,3.9,14.9,2.6,11.3,6.6,56364.0,9.1,89.0,26.3,5.6,0.426,4.353608520708639
51830,Williamsburg city,Virginia,7851,2119,5613,0.2699019233218698,0.7149407718761941,-0.4450388485543243,15564,24.0,68.16,15.24,6.96,8.01,17.13,3.5,0.1,2.4,5.6,1.5,11.9,3.0,70206.0,3.7,93.1,48.5,10.4,0.5309,4.192121222131705
51840,Winchester city,Virginia,11822,5252,6407,0.4442564709862967,0.5419556758585687,-0.09769920487227202,27981,36.7,69.03,9.21,2.31,20.05,17.11,3.9,2.0,6.6,11.5,1.7,10.7,2.8,64648.0,12.3,86.5,31.6,12.6,0.4558,4.446863231482516
53001,Adams County,Washington,5345,3767,1455,0.7047708138447147,0.2722170252572498,0.43255378858746496,20690,29.2,47.75,0.37,0.62,64.06,11.82,2.5,28.5,6.0,9.2,2.0,6.2,5.4,65042.0,16.1,69.9,15.4,23.1,0.4439,4.315760490665735
53003,Asotin County,Washington,11396,7004,4082,0.6146016146016146,0.3581958581958582,0.25640575640575636,22424,45.5,88.92,0.95,0.96,4.44,24.61,3.2,2.6,7.5,11.5,2.4,10.8,3.6,69107.0,9.0,92.0,24.3,2.5,0.4624,4.35071308475223
53005,Benton County,Washington,99947,59555,37662,0.5958658088787057,0.3768197144486578,0.21904609443004786,210224,36.2,72.28,1.69,2.95,24.79,15.57,3.1,4.9,9.1,7.2,2.1,10.7,6.3,87316.0,8.4,89.9,33.0,11.2,0.4332,5.322682295291528
53007,Chelan County,Washington,41893,22363,18397,0.5338123314157497,0.4391425775189172,0.09466975389683246,79518,40.4,68.81,0.59,0.79,28.43,20.49,2.4,9.4,7.5,5.7,3.1,12.5,4.9,78306.0,6.1,85.8,30.2,14.2,0.4566,4.90046544835245
53009,Clallam County,Washington,48390,21632,25440,0.4470345112626576,0.5257284562926224,-0.07869394502996485,77593,51.8,82.81,0.86,1.69,6.57,31.48,2.8,3.5,8.1,5.5,1.6,12.9,4.3,67999.0,6.3,93.0,30.7,4.5,0.4517,4.889822543442496
53011,Clark County,Washington,274795,123998,143206,0.4512381957459196,0.5211375752833931,-0.0698993795374735,510516,38.9,77.29,2.11,4.74,11.99,16.26,3.3,1.0,8.8,11.3,3.0,10.8,8.2,94948.0,5.8,92.8,33.0,11.0,0.4268,5.708009357789863
53013,Columbia County,Washington,2476,1737,661,0.7015347334410339,0.2669628432956381,0.4345718901453958,3996,52.1,81.48,0.7,0.03,8.18,29.65,1.9,13.9,4.8,9.9,1.0,14.7,2.8,71528.0,4.2,88.9,27.2,3.0,0.4353,3.601625479553945
53015,Cowlitz County,Washington,59020,34580,22825,0.5859030837004405,0.3867333107421213,0.19916977295831922,111539,41.1,84.77,0.7,1.18,10.19,19.51,2.8,2.1,9.3,14.3,2.1,11.6,7.5,72932.0,8.5,89.9,17.0,4.1,0.4351,5.047426746517128
53017,Douglas County,Washington,21069,13095,7410,0.6215292609995728,0.3517015520432863,0.26982770895628655,43733,38.4,61.91,0.48,0.94,34.67,18.02,2.6,18.2,8.4,6.2,3.9,13.4,4.8,80374.0,5.4,82.5,21.9,16.6,0.443,4.640809270136008
53019,Ferry County,Washington,4096,2667,1315,0.651123046875,0.321044921875,0.330078125,7326,52.8,73.72,0.18,0.26,3.28,30.15,4.5,8.9,7.3,2.7,1.0,3.6,4.5,54650.0,6.2,92.1,18.3,2.3,0.4628,3.864866914328526
53021,Franklin County,Washington,31739,19086,11884,0.6013421972967012,0.3744289360093261,0.22691326128737516,97676,30.8,51.75,1.93,1.6,54.76,10.09,3.5,12.9,8.5,8.6,2.9,10.7,6.6,82755.0,10.2,76.6,20.4,21.7,0.425,4.989787866195862
53023,Garfield County,Washington,1343,973,330,0.7244973938942666,0.2457185405807893,0.4787788533134773,2326,52.6,90.97,1.29,1.07,3.57,29.62,3.6,13.3,11.8,5.7,2.1,10.1,1.8,62411.0,2.8,92.9,26.8,1.6,0.4095,3.3666097103924297
53025,Grant County,Washington,36069,24326,10806,0.6744295655549086,0.2995924478083673,0.3748371177465413,100428,33.5,58.97,1.22,1.06,43.33,14.33,4.0,21.8,5.5,10.8,2.1,7.6,6.0,71115.0,11.0,81.4,18.2,16.2,0.4359,5.001854813906179
53027,Grays Harbor County,Washington,37638,19432,17161,0.5162867314947659,0.4559487751740262,0.06033795632073968,76397,44.7,80.89,1.62,1.25,10.81,22.83,3.4,5.8,5.4,9.8,2.6,10.3,5.8,63539.0,8.9,90.3,17.6,5.2,0.435,4.88307630479262
53029,Island County,Washington,52075,20967,29595,0.402630820931349,0.5683149303888623,-0.16568410945751327,86747,44.5,79.37,2.73,4.86,8.51,26.1,2.2,1.9,7.5,11.0,1.8,13.0,5.3,88358.0,4.3,95.9,35.7,7.5,0.4172,4.938254464373869
53031,Jefferson County,Washington,24572,6324,17459,0.2573661077649357,0.710524173856422,-0.4531580660914863,33313,59.5,86.69,0.38,1.33,4.25,39.57,3.3,4.4,8.7,7.1,1.8,11.6,2.8,71143.0,7.7,96.1,43.3,5.3,0.4951,4.522613744813015
53033,King County,Washington,1122881,252193,832606,0.224594591946965,0.741490861453707,-0.5168962695067421,2262713,37.3,56.74,6.52,19.87,10.84,13.76,3.2,0.5,5.1,8.0,2.0,12.0,5.2,122148.0,5.1,93.8,55.9,25.1,0.4788,6.354629472018922
53035,Kitsap County,Washington,155893,59080,91731,0.3789778886800562,0.5884228284785077,-0.20944493979845147,276581,39.9,76.47,2.64,4.81,9.05,19.11,2.7,0.8,7.1,11.5,1.4,12.2,4.7,98546.0,5.6,95.3,36.5,6.8,0.4306,5.4418223425174155
53037,Kittitas County,Washington,26309,14645,10810,0.5566536166330913,0.4108860085902163,0.14576760804287503,44736,37.9,82.36,1.06,1.77,10.34,17.19,3.1,5.1,8.0,5.3,2.8,9.8,5.7,69928.0,7.3,93.1,35.3,3.9,0.4654,4.650657149729568
53039,Klickitat County,Washington,13527,7178,5917,0.5306424188659717,0.4374214533895172,0.09322096547645453,23082,47.5,84.46,0.72,0.91,12.91,24.9,2.6,10.5,7.5,10.0,2.4,9.5,4.8,70400.0,8.6,89.9,31.2,9.7,0.465,4.363273436690459
53041,Lewis County,Washington,45112,29322,14433,0.6499822663592836,0.3199370455754566,0.330045220783827,83925,42.4,83.59,0.77,1.18,11.21,21.18,3.3,5.9,8.7,8.7,2.0,12.1,8.3,69690.0,8.9,90.4,20.2,5.3,0.4233,4.9238913499200505
53043,Lincoln County,Washington,7107,5272,1678,0.7418038553538765,0.2361052483467004,0.5056986070071761,11271,46.9,90.73,0.52,0.69,3.97,25.83,2.9,12.9,10.0,6.4,1.3,8.1,7.0,71227.0,5.7,92.4,23.7,2.1,0.4358,4.051962449783047
53045,Mason County,Washington,36502,18127,17215,0.4966029258670758,0.4716179935346008,0.02498493233247495,66968,44.8,78.32,1.03,1.02,12.14,23.72,3.3,4.4,9.7,9.8,2.1,9.7,6.7,78359.0,7.7,91.1,22.0,6.8,0.4214,4.825867328920742
53047,Okanogan County,Washington,20617,11555,8466,0.560459814716011,0.4106320027162051,0.14982781199980594,42811,43.4,66.47,1.63,0.49,20.27,22.93,2.7,21.9,9.4,2.6,2.6,10.6,4.2,60293.0,13.1,85.7,24.0,12.4,0.4414,4.631555372412904
53049,Pacific County,Washington,14178,7010,6825,0.4944279870221469,0.4813796022005924,0.013048384821554515,23750,54.9,82.79,0.58,1.7,9.74,32.99,2.3,8.2,7.1,8.6,3.7,11.0,4.6,62350.0,7.7,90.9,23.4,6.0,0.475,4.375663613960885
53051,Pend Oreille County,Washington,8497,5826,2461,0.6856537601506414,0.2896316346945981,0.3960221254560433,13811,50.0,86.23,0.3,0.39,3.77,27.0,3.2,6.7,10.8,9.5,2.2,13.2,5.3,63750.0,7.2,94.3,20.3,2.0,0.4523,4.140225125266448
53053,Pierce County,Washington,436685,188194,235169,0.4309605321913965,0.5385323516951578,-0.10757181950376127,924106,36.8,65.89,7.16,6.58,12.51,14.43,3.2,0.6,9.4,8.9,3.1,11.7,7.6,96632.0,5.8,92.5,30.1,10.5,0.4201,5.965721790023933
53055,San Juan County,Washington,12939,2890,9539,0.223355746193678,0.7372285338897906,-0.5138727876961126,18266,56.7,88.3,0.26,1.14,7.47,35.05,1.6,3.4,13.8,5.3,1.1,10.3,4.6,83682.0,7.8,95.5,53.4,7.3,0.5306,4.26164345331189
53057,Skagit County,Washington,69837,30765,36956,0.4405257957816057,0.5291750791127913,-0.08864928333118555,130407,41.9,76.84,0.87,2.04,18.9,22.09,2.8,4.1,9.9,10.6,2.2,11.7,6.1,85474.0,7.2,90.8,29.1,9.3,0.434,5.115300904124272
53059,Skamania County,Washington,7314,3961,3147,0.5415641235985781,0.4302707136997539,0.11129340989882419,12276,48.6,87.6,0.28,1.32,6.57,23.4,3.3,2.5,12.0,11.7,1.1,6.2,8.6,90085.0,5.0,93.2,28.2,4.5,0.425,4.089056879759785
53061,Snohomish County,Washington,415327,161371,240099,0.3885396326268218,0.5780962952083539,-0.18955666258153214,834648,38.4,66.44,3.63,12.82,11.84,14.4,2.9,0.7,8.9,13.5,2.0,12.0,4.9,107982.0,5.2,93.1,36.8,18.5,0.4246,5.921503357053975
53063,Spokane County,Washington,284958,145338,131163,0.510033057503211,0.460288884677742,0.04974417282546906,544323,38.2,83.8,2.0,2.29,6.86,17.0,3.5,1.2,7.1,7.4,3.0,12.1,6.1,73513.0,7.7,94.5,32.1,5.4,0.4529,5.735856685524214
53065,Stevens County,Washington,28095,19895,7492,0.7081331197722015,0.2666666666666666,0.4414664531055349,47470,46.8,86.78,0.39,0.91,4.01,24.68,2.6,5.0,9.3,11.0,1.3,11.7,4.6,67405.0,8.2,92.0,21.8,2.0,0.4507,4.67641923171836
53067,Thurston County,Washington,163637,62282,95663,0.3806107420693363,0.5846049487585326,-0.20399420668919632,296640,39.8,74.08,3.32,5.8,10.29,18.31,3.1,1.9,6.9,5.6,1.8,11.8,4.6,93985.0,6.5,94.5,37.2,8.5,0.4056,5.4722297124644035
53069,Wahkiakum County,Washington,3053,1757,1204,0.5754995086799869,0.3943661971830985,0.18113331149688838,4573,54.8,86.11,1.09,2.36,6.14,32.34,1.1,4.7,15.7,6.6,1.9,13.9,6.7,57091.0,13.2,92.8,22.3,4.5,0.4561,3.6602012013806817
53071,Walla Walla County,Washington,29373,15476,13106,0.5268784257651585,0.4461920811629728,0.08068634460218571,62102,38.3,75.33,1.76,1.92,23.41,19.44,3.3,6.7,6.2,7.8,1.5,13.1,5.4,72212.0,8.4,89.2,30.1,9.7,0.4647,4.793105586891189
53073,Whatcom County,Washington,137006,49213,83295,0.3592032465731428,0.60796607447849,-0.24876282790534726,228432,38.2,78.73,0.88,4.28,10.36,18.5,3.2,3.2,8.2,10.1,2.1,9.7,4.3,80989.0,6.9,93.8,38.1,9.9,0.4524,5.358756942174344
53075,Whitman County,Washington,19845,8699,10480,0.4383471907281431,0.528092718568909,-0.08974552784076595,47042,26.1,76.71,1.63,7.43,8.04,11.6,4.0,5.0,3.8,6.8,1.9,9.8,2.4,52893.0,9.3,96.1,50.2,8.0,0.5164,4.672485777576998
53077,Yakima County,Washington,88280,49368,36706,0.5592206615314907,0.4157906660625283,0.14342999546896246,256605,33.2,52.84,0.82,1.16,51.6,14.27,4.4,15.2,5.8,9.6,4.3,10.9,6.1,68015.0,11.4,76.3,18.9,18.5,0.4266,5.409265114436624
54001,Barbour County,West Virginia,6395,5071,1199,0.7929632525410477,0.1874902267396403,0.6054730258014074,15454,42.4,91.19,1.77,0.47,1.19,20.8,5.2,7.2,10.0,9.7,0.6,10.7,2.8,48347.0,16.1,88.6,12.2,0.6,0.4256,4.18904090790901
54003,Berkeley County,West Virginia,56102,37580,17500,0.6698513421981391,0.3119318384371323,0.35791950376100684,126165,38.7,82.33,7.17,0.93,6.04,15.1,3.2,0.8,7.5,13.5,1.6,12.7,8.6,77329.0,8.2,90.6,24.3,4.7,0.406,5.100938892031218
54005,Boone County,West Virginia,8142,6314,1641,0.7754851387865389,0.2015475313190862,0.5739376074674527,21312,45.0,97.29,0.43,0.2,0.46,21.61,3.9,10.4,7.8,5.3,0.5,11.7,7.8,56152.0,13.4,84.8,11.9,0.4,0.4143,4.328624207490207
54007,Braxton County,West Virginia,5313,3991,1233,0.751176359872012,0.2320722755505364,0.5191040843214756,12345,46.7,87.21,0.87,0.11,0.83,24.42,5.4,2.1,11.9,7.1,3.1,16.4,4.9,44449.0,13.2,83.7,11.9,0.1,0.4222,4.091491094267951
54009,Brooke County,West Virginia,9782,6986,2621,0.7141688816193008,0.2679411163361276,0.4462277652831732,22053,46.6,93.61,1.43,0.56,1.34,24.47,3.3,2.0,5.4,9.2,3.0,15.1,3.9,52116.0,8.1,92.4,21.9,1.5,0.4279,4.343467677469264
54011,Cabell County,West Virginia,35429,21229,13474,0.5991983967935872,0.3803099156058596,0.21888848118772763,93300,39.3,89.69,4.25,1.24,1.7,19.56,3.3,0.8,6.3,6.8,1.8,13.9,3.5,52828.0,13.1,90.0,32.4,1.6,0.5005,4.9698816437465
54013,Calhoun County,West Virginia,2936,2391,488,0.8143732970027248,0.1662125340599455,0.6481607629427792,6158,48.1,95.88,0.05,0.03,0.45,26.03,4.4,8.7,8.3,6.1,3.8,16.6,13.5,41421.0,20.8,85.9,10.1,0.0,0.5059,3.789439684567179
54015,Clay County,West Virginia,3240,2597,580,0.8015432098765433,0.1790123456790123,0.6225308641975309,7946,45.3,97.08,0.03,0.0,0.19,21.73,4.8,7.2,10.0,6.3,0.9,6.7,8.0,42790.0,18.1,84.1,11.8,0.0,0.4598,3.900148560719344
54017,Doddridge County,West Virginia,2956,2541,374,0.8596075778078485,0.1265223274695534,0.7330852503382951,7767,45.3,93.45,2.56,0.19,1.43,21.11,2.1,7.6,7.6,7.6,1.4,6.6,13.8,61164.0,11.9,82.5,12.7,1.2,0.4891,3.8902533051545345
54019,Fayette County,West Virginia,15620,10910,4387,0.6984635083226632,0.2808578745198463,0.41760563380281696,39987,44.5,92.05,4.51,0.04,1.35,22.29,3.4,3.3,9.2,4.6,2.0,15.7,4.1,52672.0,13.8,86.1,16.1,0.5,0.4349,4.6019188226801955
54021,Gilmer County,West Virginia,2344,1822,486,0.7773037542662116,0.2073378839590443,0.5699658703071673,7376,40.7,81.91,14.3,0.19,3.61,17.83,3.0,9.2,4.2,6.7,0.0,9.6,4.6,50991.0,14.0,81.5,19.9,3.8,0.4131,3.867820908045573
54023,Grant County,West Virginia,5568,4949,552,0.8888290229885057,0.0991379310344827,0.789691091954023,10972,46.9,96.24,1.37,0.08,0.48,24.64,2.8,2.9,9.5,16.3,1.4,12.6,6.7,61530.0,6.2,90.4,17.9,0.6,0.423,4.040285798932492
54025,Greenbrier County,West Virginia,14996,10517,4196,0.7013203520938917,0.279807948786343,0.42151240330754863,32688,46.5,92.89,2.21,0.53,1.83,23.98,2.1,4.0,9.5,7.1,0.2,10.2,3.5,48662.0,15.2,87.3,22.1,1.2,0.4955,4.514388349288373
54027,Hampshire County,West Virginia,10500,8464,1890,0.8060952380952381,0.18,0.626095238095238,23340,48.1,94.53,0.66,0.08,1.64,23.68,3.7,1.0,14.4,15.6,2.0,10.4,5.9,60299.0,11.1,88.7,16.3,0.8,0.4371,4.368100851709351
54029,Hancock County,West Virginia,13030,9462,3360,0.7261703760552571,0.2578664620107444,0.4683039140445127,28658,46.8,93.04,1.96,0.41,1.65,24.11,4.7,2.2,6.4,11.3,1.6,12.8,8.4,61017.0,11.1,89.9,20.2,1.0,0.4476,4.457245878340744
54031,Hardy County,West Virginia,6411,4997,1297,0.779441584776166,0.2023085322102636,0.5771330525659024,14236,47.3,89.98,4.92,0.03,4.52,23.25,3.3,5.3,6.1,21.7,2.6,14.4,5.7,49302.0,14.9,86.6,15.7,1.4,0.4216,4.153387979331808
54033,Harrison County,West Virginia,29495,20480,8402,0.6943549754195626,0.2848618409899983,0.4094931344295643,65407,42.3,92.97,1.3,0.75,2.16,20.0,2.4,3.1,5.9,6.6,2.4,12.3,6.7,58326.0,8.6,88.8,25.9,1.1,0.4537,4.8156242299556205
54035,Jackson County,West Virginia,12822,9907,2699,0.7726563718608641,0.2104975822804554,0.5621587895804088,27753,43.3,96.32,0.2,0.41,0.95,20.97,2.1,4.1,5.4,11.7,1.3,10.4,6.2,55671.0,11.3,89.4,19.4,2.0,0.497,4.443309935675799
54037,Jefferson County,West Virginia,29156,16573,11967,0.5684250240087804,0.4104472492797366,0.15797777472904379,58546,41.0,82.11,5.32,1.45,7.45,16.96,2.6,0.9,9.4,6.8,1.0,10.7,4.4,95523.0,6.1,90.0,33.7,4.9,0.4259,4.767497228404619
54039,Kanawha County,West Virginia,75239,43352,30231,0.5761905394808543,0.4017995986124217,0.1743909408684326,178198,43.7,86.87,6.22,1.22,1.5,21.66,3.0,2.1,4.8,5.4,1.7,11.6,5.2,58887.0,12.3,90.7,29.3,1.8,0.4803,5.250902825436894
54041,Lewis County,West Virginia,7048,5550,1372,0.7874574347332577,0.1946651532349602,0.5927922814982975,16808,43.2,91.23,0.33,0.37,1.51,20.84,4.8,8.1,7.9,6.0,1.1,19.0,6.5,52279.0,13.2,88.4,17.5,0.3,0.4833,4.225516039397896
54043,Lincoln County,West Virginia,7187,5770,1279,0.8028384583275359,0.1779602059273688,0.624878252400167,20170,44.0,96.96,0.0,0.22,0.72,20.52,2.6,5.5,7.6,4.5,0.9,12.9,9.4,48593.0,15.8,81.8,8.4,0.3,0.4711,4.304705898212766
54045,Logan County,West Virginia,11469,9500,1848,0.8283198186415555,0.1611300026157468,0.6671898160258086,31826,44.1,95.76,1.86,0.34,0.8,22.04,4.2,6.9,4.4,5.5,0.7,11.2,7.4,47237.0,16.3,82.6,13.8,0.5,0.5115,4.502782058442233
54047,McDowell County,West Virginia,5425,4310,1036,0.7944700460829494,0.1909677419354838,0.6035023041474655,18413,43.6,88.27,9.16,0.1,1.94,21.64,4.3,13.0,3.1,5.7,0.6,9.9,5.5,29980.0,29.2,75.9,5.7,1.8,0.4728,4.265124553159181
54049,Marion County,West Virginia,24634,15881,8185,0.6446780871965576,0.332264350085248,0.3124137371113096,56042,40.4,92.01,2.6,0.43,1.57,19.8,3.1,4.0,6.4,6.4,1.4,11.6,7.6,67537.0,9.2,92.2,25.8,0.8,0.4094,4.748513625783343
54051,Marshall County,West Virginia,13233,9808,3186,0.741177359631225,0.2407617320335524,0.5004156275976726,30129,46.2,94.18,0.27,0.38,1.11,23.21,2.2,4.1,8.8,8.1,1.6,14.1,8.7,60329.0,11.7,92.7,19.1,0.6,0.4712,4.478984717412186
54053,Mason County,West Virginia,10547,8232,2111,0.7805063051104579,0.2001517019057551,0.5803546032047029,25214,44.2,95.9,0.88,0.39,0.81,22.17,1.4,1.2,8.9,14.0,1.5,15.3,9.0,53454.0,11.1,87.1,16.2,0.3,0.4836,4.401641748497771
54055,Mercer County,West Virginia,23584,18372,4851,0.7790027137042063,0.2056902985074626,0.5733124151967437,59062,43.3,89.37,4.3,0.3,1.31,22.59,2.0,2.5,5.9,7.0,2.2,13.3,7.0,47799.0,14.4,86.6,20.7,0.8,0.4618,4.771308149270733
54057,Mineral County,West Virginia,12904,10247,2483,0.7940948543087415,0.1924209547427154,0.6016738995660261,26922,44.6,93.22,1.76,0.07,1.17,22.52,3.2,1.9,8.5,14.6,1.4,12.1,5.9,68049.0,10.3,93.3,22.8,0.6,0.4687,4.430107319916718
54059,Mingo County,West Virginia,8490,7325,1061,0.8627797408716137,0.1249705535924617,0.737809187279152,22979,44.3,95.57,1.98,0.0,0.48,21.37,4.0,15.4,5.2,5.2,0.5,13.6,2.7,39527.0,23.6,76.5,8.3,0.3,0.5049,4.361331125138534
54061,Monongalia County,West Virginia,41452,21084,19265,0.5086364952233909,0.464754414744765,0.04388208047862596,106520,32.5,87.4,3.6,3.52,3.1,13.15,3.1,2.4,3.4,4.3,1.1,10.2,3.8,62704.0,10.6,94.0,47.9,5.1,0.5112,5.0274311577669035
54063,Monroe County,West Virginia,6367,5089,1155,0.7992775247369248,0.1814041149678027,0.6178734097691221,12401,46.7,96.27,1.3,0.0,0.81,24.86,5.0,3.5,8.7,17.3,0.9,9.6,4.1,54508.0,10.5,87.9,15.4,0.2,0.4186,4.0934567074986035
54065,Morgan County,West Virginia,9097,7009,1947,0.770473782565681,0.2140266021765417,0.5564471803891393,17327,49.3,94.38,0.25,0.56,1.64,24.76,2.0,2.2,13.2,11.0,2.0,11.7,5.8,63805.0,7.5,87.9,17.6,1.4,0.3811,4.238723375395398
54067,Nicholas County,West Virginia,10037,7960,1919,0.7930656570688452,0.1911925874265218,0.6018730696423235,24446,46.0,96.7,0.3,0.55,0.53,23.56,4.1,8.0,7.8,6.6,1.6,11.9,7.2,49280.0,11.6,88.0,19.0,1.2,0.4751,4.388207807425138
54069,Ohio County,West Virginia,18689,11593,6727,0.6203114131307186,0.3599443522927925,0.2603670608379261,41904,42.8,90.7,3.24,0.43,1.58,22.34,3.3,2.7,6.5,6.9,2.2,12.2,4.7,57867.0,10.5,92.6,32.5,2.7,0.5064,4.622255481081157
54071,Pendleton County,West Virginia,3425,2687,680,0.7845255474452555,0.1985401459854014,0.5859854014598541,6111,50.8,94.88,2.14,0.2,1.88,29.13,3.2,8.5,14.8,16.1,0.1,6.6,3.7,61738.0,9.0,87.2,20.5,0.1,0.3864,3.7861122837198264
54073,Pleasants County,West Virginia,3348,2632,656,0.7861409796893668,0.1959378733572282,0.5902031063321386,7572,43.4,94.69,0.46,0.0,3.09,18.53,3.6,3.4,7.0,17.1,1.1,9.1,11.6,61038.0,6.2,88.1,14.6,0.5,0.5612,3.879210605291759
54075,Pocahontas County,West Virginia,3901,2889,927,0.7405793386311202,0.2376313765701102,0.50294796206101,7855,49.8,94.53,0.37,0.36,0.87,26.72,4.4,5.2,10.8,5.2,0.6,14.3,7.4,41200.0,14.8,83.8,15.8,0.6,0.444,3.895146189375992
54077,Preston County,West Virginia,14426,11176,2953,0.7747123249688064,0.2046998474975738,0.5700124774712325,34204,43.2,90.65,6.57,0.25,1.92,19.98,3.1,6.6,7.7,8.8,2.1,11.1,6.0,61373.0,9.6,85.8,17.9,1.5,0.4105,4.534076897762164
54079,Putnam County,West Virginia,27507,19868,7124,0.7222888719235104,0.258988621078271,0.46330025084523946,57250,42.3,94.66,0.73,0.79,1.49,19.28,1.9,0.8,7.9,8.3,3.4,10.2,9.1,77871.0,7.4,93.1,28.4,1.3,0.4229,4.757775491011926
54081,Raleigh County,West Virginia,30966,23644,6816,0.7635471161919525,0.2201123813214493,0.5434347348705032,73666,42.8,87.76,6.95,0.8,1.7,21.74,2.6,4.1,5.6,4.1,2.4,13.6,6.0,52055.0,16.5,85.5,21.6,1.3,0.4886,4.86726708868086
54083,Randolph County,West Virginia,11594,8356,3008,0.7207176125582198,0.2594445402794549,0.46127307227876485,27782,44.2,90.69,1.52,0.01,1.08,22.42,3.5,3.3,8.4,7.7,1.1,15.1,5.2,55057.0,10.6,87.8,19.0,0.5,0.4457,4.4437635069775006
54085,Ritchie County,West Virginia,4050,3473,517,0.8575308641975309,0.1276543209876543,0.7298765432098766,8372,47.2,97.1,0.12,0.9,0.45,23.33,0.7,9.3,10.3,11.9,2.9,11.7,4.6,50256.0,17.1,84.3,12.8,1.1,0.4449,3.922829219666649
54087,Roane County,West Virginia,5521,4189,1218,0.7587393588118094,0.2206122079333454,0.538127150878464,13921,46.5,96.24,0.02,0.52,1.18,22.99,3.7,5.8,8.2,8.9,3.0,11.3,8.1,45194.0,16.2,82.9,14.2,0.4,0.4756,4.14367043347016
54089,Summers County,West Virginia,5264,3931,1226,0.7467705167173252,0.23290273556231,0.5138677811550152,11833,50.4,91.9,5.72,0.0,1.2,26.78,2.0,2.2,7.4,3.8,3.6,17.4,4.7,42544.0,16.2,82.9,16.0,0.9,0.435,4.073094864515746
54091,Taylor County,West Virginia,7265,5422,1694,0.7463179628355128,0.2331727460426703,0.5131452167928425,16543,44.2,95.59,1.25,0.1,1.01,20.9,5.1,2.3,10.6,4.3,0.6,16.5,8.2,56807.0,9.1,86.4,17.4,0.5,0.4346,4.218614269745094
54093,Tucker County,West Virginia,3636,2669,890,0.7340484048404841,0.2447744774477447,0.48927392739273934,6698,51.2,97.04,0.01,0.09,0.45,27.68,3.3,3.3,9.9,9.7,0.1,6.1,6.6,53475.0,8.8,88.9,24.2,0.4,0.4589,3.825945143203848
54095,Tyler County,West Virginia,3617,2991,554,0.8269283936964336,0.1531656068565109,0.6737627868399226,8181,48.4,95.8,0.71,0.0,1.01,23.79,2.7,7.6,6.4,9.2,0.3,9.2,10.3,58293.0,11.2,91.6,15.7,0.4,0.4582,3.912806392661292
54097,Upshur County,West Virginia,9859,7633,2033,0.7742164519728167,0.2062075261182675,0.5680089258545492,23758,42.0,92.77,1.44,0.29,1.4,21.32,2.9,5.8,8.7,7.0,1.3,9.9,6.2,51859.0,14.3,88.4,17.4,0.7,0.4809,4.375809877995914
54099,Wayne County,West Virginia,15747,11934,3532,0.7578586397409031,0.2242966914332888,0.5335619483076143,38498,44.5,96.02,0.85,0.04,0.85,21.81,2.6,0.7,4.1,7.5,3.9,11.9,6.1,55539.0,12.9,85.3,17.7,0.8,0.4793,4.58543816817018
54101,Webster County,West Virginia,2998,2478,479,0.8265510340226818,0.1597731821214142,0.6667778519012676,8253,47.1,92.69,0.19,0.0,0.39,24.39,3.9,19.0,5.2,6.9,0.9,11.1,7.9,42061.0,19.3,80.1,12.6,0.0,0.4811,3.916611845109346
54103,Wetzel County,West Virginia,6168,4718,1294,0.7649156939040207,0.2097924773022049,0.5551232166018158,14233,45.6,95.5,0.46,0.13,1.79,22.74,2.7,7.6,8.7,12.2,0.8,10.4,13.0,53341.0,10.8,89.9,13.5,0.6,0.4398,4.153296449355305
54105,Wirt County,West Virginia,2581,2120,409,0.8213870592793491,0.1584657109647423,0.6629213483146068,5131,46.2,96.86,0.21,0.16,0.0,22.24,1.6,0.0,8.4,17.5,3.5,15.0,3.7,54688.0,14.1,88.9,16.2,0.2,0.4122,3.7102020146553847
54107,Wood County,West Virginia,37313,26380,10317,0.7069922011095329,0.2764988073861656,0.43049339372336726,83829,43.9,94.82,1.16,0.44,1.42,21.22,3.1,1.7,6.1,10.6,1.4,14.4,6.4,56193.0,10.2,90.5,22.9,1.0,0.4594,4.923394285470749
54109,Wyoming County,West Virginia,7565,6503,980,0.8596166556510244,0.1295439524124256,0.7300727032385987,20948,45.3,96.97,0.66,0.0,0.44,22.92,2.1,11.9,8.2,4.2,0.8,14.5,5.7,48038.0,18.0,78.0,12.0,0.1,0.4505,4.321142565229448
55001,Adams County,Wisconsin,12853,7763,4443,0.6039835057963121,0.3456780518166965,0.25830545397961563,20928,55.5,89.83,2.17,0.62,4.27,31.55,2.5,3.1,7.3,14.0,3.4,12.3,7.1,59153.0,7.6,89.0,17.3,3.0,0.417,4.320727726644173
55003,Ashland County,Wisconsin,8933,4191,4612,0.4691592969886936,0.5162879211910892,-0.047128624202395664,16050,43.1,83.31,0.76,0.76,2.86,21.06,2.8,2.9,10.1,13.1,0.7,11.1,3.1,57645.0,8.8,95.2,22.1,1.9,0.4395,4.205475036740891
55005,Barron County,Wisconsin,26775,16726,8941,0.6246872082166199,0.3339309056956115,0.2907563025210084,46741,44.8,92.09,1.54,0.55,2.99,23.14,1.9,4.8,7.1,20.7,1.8,12.8,5.1,64619.0,6.3,91.7,22.3,2.4,0.4396,4.669697999665881
55007,Bayfield County,Wisconsin,11204,4860,6107,0.4337736522670475,0.5450731881470903,-0.11129953588004277,16410,54.1,84.54,0.8,0.62,2.01,30.34,1.9,4.0,9.0,10.0,1.5,8.9,6.1,69609.0,5.5,96.2,35.0,1.2,0.4282,4.2151085810530935
55009,Brown County,Wisconsin,148960,79132,67937,0.5312298603651987,0.4560754564983888,0.07515440386680988,269425,37.9,80.46,2.66,3.23,10.02,15.88,1.9,1.4,5.9,18.5,2.9,10.6,6.2,77490.0,6.0,93.3,32.4,5.6,0.4334,5.430437891529148
55011,Buffalo County,Wisconsin,8091,5213,2765,0.6442961315041404,0.3417377332838957,0.3025583982202448,13341,46.4,95.16,0.48,0.14,2.72,23.28,1.6,9.5,7.8,19.8,2.5,9.9,7.6,68722.0,7.0,92.0,22.1,1.4,0.3944,4.125188384168597
55013,Burnett County,Wisconsin,10807,7008,3665,0.6484685851762746,0.339132044045526,0.3093365411307486,16741,55.2,90.67,0.77,0.44,1.94,31.26,2.2,2.5,9.1,17.5,1.6,10.2,4.8,61664.0,8.6,92.8,22.0,1.6,0.4638,4.223781396399813
55015,Calumet County,Wisconsin,32860,19488,12927,0.5930614729153987,0.3933962264150943,0.19966524650030437,52626,41.7,89.23,0.95,2.39,5.55,16.47,1.5,2.6,5.7,25.4,3.8,9.4,5.0,87700.0,4.8,94.8,32.5,4.0,0.4016,4.72120036139205
55017,Chippewa County,Wisconsin,38400,23399,14573,0.6093489583333334,0.3795052083333333,0.22984375000000007,66558,41.7,93.09,1.56,1.46,1.93,19.14,1.9,2.5,7.3,16.7,2.4,14.2,6.1,74009.0,5.8,93.5,24.1,1.6,0.4168,4.8232002633726045
55019,Clark County,Wisconsin,15315,10481,4509,0.6843617368592882,0.2944172380019588,0.38994449885732946,34736,37.0,92.41,0.77,0.35,6.09,17.01,2.1,12.0,7.8,23.3,1.8,10.8,6.1,66250.0,7.4,82.5,13.4,3.0,0.4251,4.540779806110345
55021,Columbia County,Wisconsin,34843,17988,16388,0.516258645926011,0.4703383749964124,0.045920270929598606,58322,43.3,92.06,1.88,0.77,3.89,19.11,2.0,3.1,8.6,15.7,2.8,10.4,5.7,82792.0,5.2,93.8,25.7,2.7,0.3995,4.765832408555299
55023,Crawford County,Wisconsin,9084,5113,3860,0.5628577719066491,0.424922941435491,0.13793483047115812,16064,47.3,93.55,1.44,0.5,1.91,24.79,1.6,6.3,8.5,20.2,2.8,12.6,4.2,63496.0,8.1,92.4,18.3,2.4,0.4283,4.205853695464925
55025,Dane County,Wisconsin,364840,85454,273995,0.2342232211380331,0.7510004385484048,-0.5167772174103717,564777,35.6,78.96,5.13,5.96,7.59,14.7,1.7,0.9,4.6,8.9,2.0,9.0,3.0,88108.0,4.8,96.3,54.4,8.7,0.451,5.751877002178888
55027,Dodge County,Wisconsin,50292,33067,16518,0.6575001988387815,0.328441899308041,0.3290582995307405,88818,42.9,89.96,2.67,0.54,6.41,18.46,2.6,4.2,8.2,26.9,2.0,11.5,5.3,73992.0,5.2,92.5,19.9,2.5,0.3847,4.948500989522827
55029,Door County,Wisconsin,20896,10099,10565,0.4832982388973966,0.5055991577335375,-0.02230091883614088,30279,54.1,93.31,0.66,0.29,3.94,31.5,2.0,3.0,8.4,15.9,2.0,11.1,3.9,71785.0,5.6,96.6,37.1,2.5,0.4662,4.481141527972904
55031,Douglas County,Wisconsin,25165,11732,13073,0.4662030598052851,0.5194913570435128,-0.0532882972382277,44197,42.8,90.92,1.27,1.06,1.88,20.05,2.2,1.4,7.0,9.3,2.1,12.8,8.4,72579.0,5.5,94.6,27.8,1.8,0.4149,4.645392791347661
55033,Dunn County,Wisconsin,25674,14726,10643,0.5735763807743243,0.4145438965490379,0.15903248422528637,45349,35.8,91.87,0.87,3.04,2.38,16.38,2.8,2.8,6.7,18.3,2.3,14.4,7.1,71785.0,5.7,94.4,29.2,2.5,0.4219,4.656567714785965
55035,Eau Claire County,Wisconsin,63003,27728,34400,0.4401060266971414,0.5460057457581385,-0.10589971906099716,106328,35.8,88.82,1.25,4.01,3.02,16.58,2.1,1.7,3.6,13.7,1.6,15.6,6.1,71834.0,5.1,96.0,35.7,3.2,0.4411,5.026647644995893
55037,Florence County,Wisconsin,3158,2356,783,0.7460417986067132,0.2479417352754908,0.49810006333122236,4617,54.8,95.73,0.43,0.0,0.58,28.4,2.9,7.5,10.7,13.9,1.6,9.3,5.8,62786.0,5.2,91.5,23.1,0.3,0.4153,3.664359874551141
55039,Fond du Lac County,Wisconsin,58438,37272,20495,0.6378041685204833,0.3507135767822307,0.2870905917382526,104053,41.9,88.8,1.69,1.65,6.62,19.3,2.0,3.3,9.1,23.7,1.7,11.0,5.2,73154.0,5.1,93.0,22.6,3.4,0.404,5.017254606072523
55041,Forest County,Wisconsin,5095,3382,1681,0.6637880274779195,0.3299313052011776,0.33385672227674196,9261,49.1,78.35,0.38,0.14,2.18,25.01,1.8,6.9,9.8,12.0,1.4,10.0,4.2,59727.0,9.1,90.7,15.5,0.7,0.4222,3.9666578842017577
55043,Grant County,Wisconsin,27254,15922,10966,0.584207822704924,0.4023629558963821,0.1818448668085419,51678,36.9,94.18,1.82,0.84,2.46,17.96,1.8,7.8,7.6,15.3,1.5,14.8,3.9,64349.0,7.2,92.9,24.6,1.3,0.429,4.713305697599812
55045,Green County,Wisconsin,22026,10843,10903,0.4922818487242349,0.4950059021156814,-0.0027240533914464904,37036,43.1,94.06,0.69,0.54,4.07,19.84,2.4,4.5,9.5,20.0,2.4,12.7,3.9,80248.0,3.1,93.9,27.0,2.0,0.4092,4.568624075425273
55047,Green Lake County,Wisconsin,11033,7458,3449,0.6759720837487537,0.312607631650503,0.36336445209825075,19165,45.5,93.19,0.78,0.53,5.45,22.94,1.8,5.3,9.5,23.9,2.4,11.3,4.0,66917.0,8.5,91.5,22.5,1.6,0.4383,4.282508823590371
55049,Iowa County,Wisconsin,14647,6631,7750,0.4527206936574042,0.5291185908377142,-0.07639789718030998,23832,43.7,93.37,0.84,0.84,2.19,19.88,2.2,7.6,9.3,13.8,2.5,16.9,4.5,83372.0,3.3,95.5,28.5,1.5,0.4047,4.377160490206987
55051,Iron County,Wisconsin,4079,2557,1487,0.6268693307183133,0.3645501348369698,0.2623191958813435,6164,55.9,94.53,0.05,0.02,1.56,32.04,1.5,4.1,10.4,14.5,2.7,11.5,5.4,59058.0,6.5,95.4,23.4,1.3,0.41,3.7898626300463816
55053,Jackson County,Wisconsin,10501,6204,4157,0.5908008761070375,0.3958670602799733,0.19493381582706415,20971,42.6,86.15,1.67,0.57,3.56,19.9,3.0,9.5,7.5,14.7,1.5,10.6,6.6,65508.0,6.7,92.4,16.3,1.5,0.4351,4.321619140247275
55055,Jefferson County,Wisconsin,50035,28771,20574,0.575017487758569,0.4111921654841611,0.16382532227440788,85867,41.3,89.75,1.13,0.61,8.36,17.98,2.3,2.1,7.8,20.3,2.3,11.2,4.3,80604.0,5.9,92.9,28.1,3.5,0.4025,4.933826289890623
55057,Juneau County,Wisconsin,14528,9525,4854,0.6556305066079295,0.334113436123348,0.32151707048458156,26695,45.9,88.77,2.27,0.59,2.88,21.36,2.3,3.9,6.2,17.7,3.1,10.6,6.8,65150.0,8.5,89.7,16.3,2.6,0.4082,4.426429925193927
55059,Kenosha County,Wisconsin,90472,47478,41826,0.5247811477584226,0.4623087806172075,0.06247236714121507,168413,39.2,76.76,6.24,1.78,14.83,15.28,3.2,1.2,5.6,18.9,3.8,12.5,6.5,79412.0,7.7,91.5,30.8,7.4,0.42,5.2263756121657385
55061,Kewaunee County,Wisconsin,12466,8267,4059,0.663163805551099,0.3256056473608214,0.33755815819027757,20621,44.4,93.63,0.4,0.74,4.01,21.54,1.0,6.3,8.7,20.5,2.4,8.9,6.3,80085.0,4.1,93.6,20.6,2.8,0.3916,4.314309722244847
55063,La Crosse County,Wisconsin,72242,32247,39008,0.4463746850862379,0.5399629024667091,-0.09358821738047118,120262,37.1,88.84,1.51,4.54,2.62,17.44,2.0,0.9,5.5,11.7,3.1,15.0,4.2,70704.0,4.8,96.5,36.1,2.9,0.4561,5.080128422041838
55065,Lafayette County,Wisconsin,8832,5256,3469,0.595108695652174,0.392776268115942,0.20233242753623193,16788,40.9,93.39,0.57,0.71,6.47,19.79,1.6,13.3,8.6,19.1,2.3,12.0,5.1,72091.0,7.1,91.0,20.6,3.6,0.4113,4.224998960539453
55067,Langlade County,Wisconsin,11659,7782,3746,0.6674671927266489,0.3212968522171713,0.3461703405094776,19473,49.0,93.0,0.49,0.23,2.41,25.09,2.0,5.3,8.9,18.7,2.3,14.5,5.7,57258.0,8.2,89.8,16.2,1.0,0.4421,4.289432863850786
55069,Lincoln County,Wisconsin,17188,10633,6306,0.6186292762392367,0.3668838724691645,0.2517454037700722,28403,49.2,94.2,0.51,0.4,2.07,23.03,2.1,2.3,6.6,21.3,2.2,11.9,6.8,67726.0,6.9,92.5,19.4,1.7,0.4248,4.453364213801836
55071,Manitowoc County,Wisconsin,46235,28200,17399,0.6099275440683465,0.376316643235644,0.23361090083270247,81314,45.0,89.77,0.78,2.5,5.2,21.73,1.3,4.3,6.6,29.5,2.0,9.2,4.6,68611.0,6.3,92.3,22.2,3.3,0.4195,4.910165325413293
55073,Marathon County,Wisconsin,78675,46213,31529,0.5873911661900223,0.4007499205592628,0.1866412456307595,138067,41.2,87.91,0.48,5.52,3.36,18.64,1.9,2.9,5.6,20.5,3.6,10.5,4.5,76185.0,5.4,93.1,27.3,4.2,0.4182,5.140089888350465
55075,Marinette County,Wisconsin,24364,16670,7415,0.6842062058775242,0.3043424725004104,0.3798637333771138,41907,48.8,94.65,0.44,0.42,2.69,24.62,2.2,5.5,5.6,27.9,2.4,10.1,4.3,63401.0,6.3,93.1,19.5,1.6,0.4154,4.622286572070317
55077,Marquette County,Wisconsin,9406,6041,3252,0.642249627897087,0.3457367637678077,0.29651286412927924,15706,50.5,93.86,0.52,0.56,3.56,25.95,1.6,5.6,8.7,22.3,1.6,10.9,5.6,63471.0,6.9,91.9,15.2,1.8,0.4074,4.196065593116304
55078,Menominee County,Wisconsin,1572,296,1266,0.188295165394402,0.8053435114503816,-0.6170483460559797,4256,33.8,12.38,0.75,0.16,4.3,15.55,5.7,4.1,4.9,8.6,0.4,4.9,4.6,59528.0,18.3,95.3,19.6,0.3,0.4019,3.6290016192869916
55079,Milwaukee County,Wisconsin,462766,138022,316292,0.2982544093559164,0.6834815003695172,-0.38522709101360075,927656,35.4,52.38,26.05,4.68,16.64,14.39,3.0,0.6,4.4,15.4,2.1,10.4,5.6,62118.0,12.9,89.6,33.9,9.6,0.475,5.967386957901366
55081,Monroe County,Wisconsin,23321,14563,8476,0.6244586424252819,0.3634492517473521,0.26100939067792983,46169,39.6,90.65,1.51,0.59,5.56,17.62,1.7,7.0,7.3,19.4,2.4,10.7,6.4,68213.0,8.7,90.8,20.0,2.4,0.4154,4.664350468027745
55083,Oconto County,Wisconsin,24881,17675,6967,0.7103814155379607,0.2800128612194044,0.43036855431855636,39329,47.4,94.11,0.14,0.36,2.25,22.02,1.3,3.3,11.6,23.3,1.7,8.8,5.9,75886.0,5.4,93.1,18.7,1.0,0.3985,4.594712903948441
55085,Oneida County,Wisconsin,24837,14455,10080,0.5819946048234489,0.4058461166807585,0.1761484881426904,38007,52.2,94.03,0.53,0.41,1.68,27.49,1.2,1.8,7.7,13.5,3.0,12.9,3.8,69621.0,4.4,95.7,28.4,1.3,0.4369,4.579863590864233
55087,Outagamie County,Wisconsin,111905,60827,49438,0.5435592690228319,0.4417854430096957,0.10177382601313623,191537,38.7,86.59,1.59,3.55,5.1,16.06,2.1,1.5,7.6,21.8,3.1,10.1,4.9,82857.0,4.2,94.8,32.0,4.0,0.4438,5.282252680882619
55089,Ozaukee County,Wisconsin,63199,34504,27874,0.5459580056646466,0.4410512824570009,0.10490672320764566,92345,44.0,90.79,1.52,2.12,3.57,21.03,1.6,1.3,4.5,19.6,3.2,10.1,2.5,96734.0,2.9,97.8,50.4,5.1,0.4703,4.965413385632292
55091,Pepin County,Wisconsin,4354,2798,1523,0.6426274689940285,0.349793293523197,0.29283417547083146,7372,46.3,95.63,0.28,0.47,2.44,23.87,1.3,6.2,9.9,16.8,3.7,10.2,7.3,74536.0,5.1,95.2,23.6,1.7,0.4173,3.867585326547036
55093,Pierce County,Wisconsin,25320,14417,10171,0.569391785150079,0.4016982622432859,0.16769352290679312,42351,38.4,92.48,0.44,1.25,2.9,16.12,2.1,3.1,8.8,18.2,2.1,10.7,4.7,88802.0,3.7,95.7,32.0,2.3,0.4155,4.6268636694330665
55095,Polk County,Wisconsin,28212,18296,9567,0.6485183609811428,0.3391110165886856,0.3094073443924572,45327,46.5,94.25,0.32,0.38,2.16,21.92,2.1,3.2,9.8,24.2,2.6,10.2,3.9,76208.0,5.5,93.6,23.7,1.2,0.4011,4.656356975918143
55097,Portage County,Wisconsin,43158,20987,21503,0.4862829602854627,0.4982390286852959,-0.011956068399833208,70375,38.1,90.54,0.82,2.83,3.93,17.84,2.1,3.2,5.9,15.2,1.3,10.8,5.2,73284.0,5.1,94.8,33.7,3.1,0.4151,4.8474184078594025
55099,Price County,Wisconsin,8856,5763,3005,0.6507452574525745,0.3393179765130985,0.311427280939476,14077,52.5,94.05,0.19,0.55,1.65,27.82,1.5,5.4,6.6,30.5,0.9,9.6,5.8,58720.0,8.4,93.3,17.1,1.6,0.4239,4.1485101106109985
55101,Racine County,Wisconsin,107402,56347,49721,0.5246364127297444,0.4629429619560157,0.061693450773728675,196888,40.5,74.19,10.59,1.24,14.62,17.65,2.7,1.0,7.8,20.8,2.7,11.4,6.3,75331.0,7.2,91.6,28.0,4.9,0.4294,5.2942192474098455
55103,Richland County,Wisconsin,9305,5207,3985,0.5595916174099946,0.4282643739924772,0.13132724341751745,17229,46.4,93.39,0.87,1.0,3.13,24.37,1.9,6.1,6.2,23.3,2.0,12.2,4.7,62649.0,8.9,92.1,20.7,2.6,0.4267,4.236260071000829
55105,Rock County,Wisconsin,88113,40218,46642,0.4564366211569235,0.5293430027351242,-0.07290638157820073,163944,40.1,82.35,4.65,1.14,9.86,17.32,2.6,1.6,7.1,19.9,3.8,12.3,5.5,74390.0,6.8,92.6,25.7,4.8,0.404,5.214695527046411
55107,Rusk County,Wisconsin,8261,5660,2516,0.6851470766251059,0.3045636121534923,0.38058346447161356,14146,49.1,94.27,0.92,0.42,2.01,25.37,2.8,6.8,7.5,24.3,1.6,11.9,7.4,58322.0,8.2,92.3,16.3,0.9,0.4091,4.150633653746429
55109,St. Croix County,Wisconsin,60477,35537,23870,0.587611819369347,0.3946955040759297,0.19291631529341735,94819,39.8,92.99,0.7,0.97,2.94,15.32,1.4,1.6,7.7,18.2,3.3,10.1,5.9,102482.0,4.8,96.3,39.4,2.3,0.4014,4.976895370759651
55111,Sauk County,Wisconsin,37574,18798,18172,0.5002927556288923,0.4836322989301112,0.01666045669878108,65759,41.3,89.01,0.93,0.49,6.38,19.34,1.8,3.0,7.5,15.4,2.5,13.6,5.0,77648.0,5.9,93.4,26.5,3.8,0.4094,4.817955200246956
55113,Sawyer County,Wisconsin,11122,6422,4599,0.5774141341485345,0.4135047653299766,0.1639093688185579,18243,52.2,77.87,0.64,0.59,2.36,27.77,3.0,2.5,6.3,10.3,1.3,14.8,4.5,59055.0,12.6,92.9,27.2,1.2,0.4638,4.2610962581323335
55115,Shawano County,Wisconsin,23455,15850,7336,0.6757620976337668,0.3127691323811554,0.36299296525261143,40927,45.5,86.11,0.6,0.56,3.09,21.84,2.0,6.6,7.3,20.4,2.4,9.5,3.8,67032.0,9.6,92.9,18.7,1.0,0.429,4.6120099114863145
55117,Sheboygan County,Wisconsin,67410,38763,27735,0.5750333778371162,0.4114374721851357,0.16359590565198046,117783,41.8,84.28,2.07,5.94,7.51,19.11,1.6,1.9,4.9,31.8,2.1,9.3,3.6,71898.0,4.8,93.5,27.3,6.1,0.4111,5.071082611851989
55119,Taylor County,Wisconsin,11172,8209,2823,0.7347833870390261,0.2526852846401718,0.4820981023988543,19972,44.1,95.15,0.29,0.25,2.83,20.67,1.8,6.5,8.2,26.3,1.4,10.6,7.0,63142.0,5.6,90.2,16.7,1.6,0.414,4.300421557383072
55121,Trempealeau County,Wisconsin,16066,9661,6219,0.6013320054774057,0.3870907506535541,0.21424125482385165,30786,39.8,87.78,0.5,0.41,12.71,18.28,1.5,6.7,7.2,27.5,2.3,10.3,5.4,71295.0,4.8,91.6,20.2,5.3,0.4035,4.488353265039028
55123,Vernon County,Wisconsin,16579,8807,7514,0.5312141866216298,0.4532239580191809,0.07799022860244886,30915,41.5,95.04,0.3,0.27,1.67,20.67,1.7,6.0,8.0,14.4,3.2,12.0,5.9,69556.0,8.1,90.5,24.8,0.9,0.4176,4.490169250834894
55125,Vilas County,Wisconsin,16101,9837,6119,0.6109558412520961,0.3800385069250357,0.2309173343270604,23410,55.5,85.87,0.34,0.39,2.26,31.18,2.2,3.1,9.4,6.6,1.8,12.1,5.4,67132.0,7.4,96.1,30.5,1.5,0.4464,4.369401413696624
55127,Walworth County,Wisconsin,60465,36603,23161,0.6053584718432151,0.3830480443231621,0.22231042752005303,105447,41.1,87.13,0.83,0.82,11.9,19.23,2.2,2.1,8.0,18.6,2.4,11.1,4.0,77359.0,4.6,92.5,32.3,6.1,0.4499,5.023034228437959
55129,Washburn County,Wisconsin,10953,6962,3867,0.6356249429380079,0.3530539578197754,0.2825709851182325,16749,52.4,93.44,0.56,0.51,2.0,27.57,2.1,2.8,8.0,18.4,1.3,13.3,4.7,61270.0,6.7,93.7,23.6,1.5,0.4306,4.223988882570092
55131,Washington County,Wisconsin,91162,61604,28504,0.6757640244838858,0.3126741405410149,0.36308988394287095,137320,43.5,92.14,1.56,1.54,3.66,19.18,1.9,1.3,6.8,22.6,3.0,12.6,3.5,95851.0,3.5,95.6,34.8,2.8,0.402,5.1377337947537125
55133,Waukesha County,Wisconsin,274845,162768,108478,0.5922174316432899,0.3946879150066401,0.1975295166366498,409040,43.3,87.87,1.54,3.85,5.56,19.87,1.7,0.5,6.2,17.4,3.0,10.2,3.9,104100.0,3.5,97.1,47.9,5.3,0.4406,5.61176577971848
55135,Waupaca County,Wisconsin,30367,20093,9947,0.6616722099647644,0.327559521849376,0.3341126881153884,51714,45.4,93.57,0.68,0.4,3.76,20.92,2.0,3.3,6.0,29.0,1.9,10.4,4.4,71189.0,6.7,92.0,20.2,1.2,0.4519,4.713608131095254
55137,Waushara County,Wisconsin,14360,9625,4571,0.6702646239554317,0.3183147632311978,0.35194986072423395,24752,49.9,89.72,1.81,0.42,6.93,25.46,2.3,6.8,7.5,23.0,2.2,9.0,5.1,64968.0,7.8,90.1,17.4,2.6,0.43,4.393610296355292
55139,Winnebago County,Wisconsin,95166,49179,44660,0.5167706954164303,0.4692852489334426,0.04748544648298769,171357,38.4,87.85,2.59,3.21,4.94,17.06,1.5,0.8,4.8,24.2,2.5,12.1,5.1,72873.0,5.2,94.5,31.0,3.3,0.4248,5.2339018502265136
55141,Wood County,Wisconsin,42149,24997,16599,0.593062706114024,0.3938171724121568,0.1992455337018672,74039,43.9,91.95,0.77,1.79,3.5,21.4,2.7,3.0,7.0,17.5,2.0,10.7,5.4,66417.0,6.8,93.5,21.4,2.2,0.4425,4.869460544367539
56001,Albany County,Wyoming,17639,8930,8371,0.5062645274675435,0.4745733885140881,0.03169113895345538,37713,28.7,84.98,1.2,3.75,10.53,13.08,2.9,3.1,6.0,4.6,1.0,8.8,2.6,59881.0,6.9,96.9,55.5,6.8,0.4861,4.576491081109501
56003,Big Horn County,Wyoming,5691,4867,742,0.8552099806712353,0.1303813038130381,0.7248286768581972,11737,41.5,88.99,0.52,0.79,9.56,21.54,3.0,15.7,14.9,5.2,1.0,7.4,5.7,60547.0,8.7,88.0,20.9,3.6,0.4191,4.069557104582695
56005,Campbell County,Wyoming,18236,16006,2004,0.877714411055056,0.1098925202895371,0.7678218907655189,47018,35.8,86.8,0.35,0.17,9.38,12.2,2.4,20.9,8.7,5.1,1.8,9.9,5.7,95253.0,7.3,91.9,22.2,3.7,0.3918,4.672264151640535
56007,Carbon County,Wyoming,6327,4952,1274,0.7826774142563616,0.2013592539908329,0.5813181602655287,14549,40.4,83.8,1.33,0.7,18.01,18.98,3.4,10.4,10.1,9.4,1.0,10.3,8.4,66721.0,9.5,91.2,22.8,4.9,0.4181,4.16283314387816
56009,Converse County,Wyoming,6678,5756,845,0.8619347109913148,0.1265348906858341,0.7353998203054807,13759,41.3,94.33,0.23,0.0,8.07,17.99,2.2,21.1,8.1,5.3,0.6,5.1,8.8,79164.0,7.6,93.7,22.9,2.6,0.4106,4.138586870653583
56011,Crook County,Wyoming,4311,3805,443,0.8826258408721874,0.1027603804221758,0.7798654604500116,7339,44.3,93.62,0.0,0.55,1.98,22.26,0.5,25.5,11.5,5.2,2.4,4.7,7.3,71209.0,3.3,94.9,24.0,1.7,0.3738,3.8656368876996288
56013,Fremont County,Wyoming,17060,11552,5179,0.6771395076201642,0.3035756154747948,0.3735638921453694,39472,39.4,71.82,0.53,0.44,6.74,19.65,4.9,8.4,7.4,3.0,1.6,10.9,5.2,64646.0,8.0,93.5,25.3,1.6,0.4204,4.596289132145661
56015,Goshen County,Wyoming,6134,4893,1156,0.7976850342354092,0.1884577763286599,0.6092272579067493,12587,43.4,88.27,0.79,0.02,10.11,23.42,1.5,13.6,5.4,3.6,4.4,8.8,8.2,64882.0,8.3,93.0,24.6,1.5,0.4571,4.099922232196922
56017,Hot Springs County,Wyoming,2604,2082,488,0.7995391705069125,0.1874039938556067,0.6121351766513058,4618,45.4,91.1,0.0,0.24,3.92,26.63,1.0,16.1,9.6,2.8,0.3,4.9,1.4,64375.0,6.7,94.4,26.4,1.4,0.3999,3.6644539285811577
56019,Johnson County,Wyoming,4851,3936,847,0.8113790970933829,0.1746031746031746,0.6367759224902083,8602,47.0,92.3,0.02,0.52,4.23,26.66,1.3,18.6,9.5,3.2,0.9,8.4,2.7,63905.0,8.3,94.6,30.3,2.0,0.4534,3.934599438218073
56021,Laramie County,Wyoming,42899,28063,14153,0.6541644327373598,0.3299144502202848,0.324249982517075,100661,38.2,82.19,2.25,1.11,15.65,16.89,2.1,2.7,8.3,3.2,1.5,14.6,7.0,77884.0,6.4,94.5,32.0,3.4,0.4364,5.002861240509011
56023,Lincoln County,Wyoming,10731,8957,1623,0.8346845587550088,0.1512440592675426,0.6834404994874662,20158,41.2,93.5,0.03,0.33,5.23,18.58,1.3,7.1,13.3,6.2,1.3,12.7,6.1,86092.0,7.2,94.6,24.1,3.3,0.3843,4.304447440866175
56025,Natrona County,Wyoming,33591,24671,8337,0.7344526807775892,0.2481914798606769,0.4862612009169123,79735,38.2,89.42,0.6,0.58,9.26,16.4,2.5,7.8,7.8,4.9,3.0,10.5,6.2,71247.0,6.9,93.8,27.4,2.4,0.4456,4.901648998563745
56027,Niobrara County,Wyoming,1230,1108,112,0.9008130081300812,0.0910569105691057,0.8097560975609756,2415,49.6,93.71,1.41,0.0,5.13,29.61,1.7,20.9,9.4,0.0,0.3,1.5,4.4,48987.0,16.4,94.2,19.6,0.0,0.49,3.382917135087531
56029,Park County,Wyoming,16575,13084,3259,0.7893815987933634,0.1966214177978884,0.592760180995475,30109,44.8,90.14,0.38,0.37,5.92,24.89,1.3,7.5,8.1,5.9,1.3,11.5,6.4,70533.0,7.6,95.8,35.0,1.7,0.4511,4.478696331677028
56031,Platte County,Wyoming,4727,3874,780,0.819547281573937,0.1650095197799873,0.6545377617939496,8606,47.8,87.79,0.37,0.0,8.51,26.16,2.5,6.7,16.4,1.8,2.5,10.8,11.4,66299.0,5.8,91.6,19.5,0.6,0.421,3.9348013417465366
56033,Sheridan County,Wyoming,16219,12041,3920,0.7424008878475862,0.2416918429003021,0.5007090449472841,31585,42.9,92.52,0.42,1.07,4.82,22.08,1.7,9.0,11.4,3.8,0.7,7.9,5.2,70855.0,4.7,96.3,33.4,1.9,0.4425,4.499480881230387
56035,Sublette County,Wyoming,4885,3905,920,0.7993858751279427,0.1883316274309109,0.6110542476970318,8806,42.8,92.7,0.02,0.0,7.28,23.5,1.1,22.4,6.7,1.6,0.3,8.6,8.2,82791.0,6.6,96.2,31.1,3.3,0.5435,3.944778681123507
56037,Sweetwater County,Wyoming,16569,12541,3731,0.7568954070855212,0.2251795521757499,0.5317158549097712,41786,37.4,82.41,1.19,0.69,16.57,14.12,3.9,14.2,6.1,5.6,2.3,11.6,8.8,76464.0,10.9,92.5,20.4,5.6,0.4411,4.621030799928709
56039,Teton County,Wyoming,13077,4134,8748,0.3161275521908694,0.6689607708189952,-0.3528332186281258,23358,40.1,80.46,0.59,1.41,14.75,17.5,1.9,2.3,11.9,1.8,1.1,14.1,2.8,112681.0,3.5,97.2,61.2,12.1,0.5222,4.3684356541018055
56041,Uinta County,Wyoming,8984,7282,1561,0.8105520926090828,0.173753339269813,0.6367987533392698,20605,36.7,90.96,0.26,0.22,9.91,16.61,2.3,9.5,9.0,4.8,1.5,10.8,6.9,82672.0,4.3,94.6,21.3,2.1,0.3647,4.313972618860607
56043,Washakie County,Wyoming,3841,3125,656,0.8135902108825827,0.1707888570684717,0.642801353814111,7708,44.2,82.56,0.18,0.32,14.1,23.56,1.3,11.9,9.8,7.7,1.3,10.3,8.2,62648.0,5.1,91.4,22.0,2.6,0.4231,3.8869417059834155
56045,Weston County,Wyoming,3494,3069,378,0.8783629078420149,0.1081854607899255,0.7701774470520893,6835,43.1,85.81,0.06,0.72,3.48,21.45,0.8,21.3,9.6,5.8,1.3,9.3,8.0,87545.0,12.5,91.6,18.0,1.8,0.4291,3.834738518903841
